2026-06-06 19:25:09,899 [INFO] ChatTTS.Logic: Starting Optimizer Service...
2026-06-06 19:25:09,904 [INFO] ChatTTS.Logic: [OPT] [OPT] PID: 8 | svchost.exe | Mode: NORMAL | Mask: 0xfffff
2026-06-06 19:25:09,905 [INFO] ChatTTS.Logic: [OPT] [OPT] PID: 1184 | svchost.exe | Mode: NORMAL | Mask: 0xfffff
2026-06-06 19:25:09,905 [INFO] ChatTTS.Logic: [OPT] [OPT] PID: 1356 | esrv.exe | Mode: NORMAL | Mask: 0xfffff
2026-06-06 19:25:09,906 [INFO] ChatTTS.Logic: [OPT] [OPT] PID: 1416 | winlogon.exe | Mode: NORMAL | Mask: 0xfffff
2026-06-06 19:25:09,906 [INFO] ChatTTS.Logic: [OPT] [OPT] PID: 1472 | LsaIso.exe | Mode: NORMAL | Mask: 0xfffff
2026-06-06 19:25:09,907 [INFO] ChatTTS.Logic: [OPT] [OPT] PID: 1632 | svchost.exe | Mode: NORMAL | Mask: 0xfffff
2026-06-06 19:25:09,944 [INFO] ChatTTS.Logic: [OPT] [OPT] PID: 1660 | fontdrvhost.exe | Mode: NORMAL | Mask: 0xfffff
2026-06-06 19:25:09,944 [INFO] ChatTTS.Logic: [OPT] [OPT] PID: 1668 | fontdrvhost.exe | Mode: NORMAL | Mask: 0xfffff
2026-06-06 19:25:09,945 [INFO] ChatTTS.Logic: [OPT] [OPT] PID: 1704 | WUDFHost.exe | Mode: NORMAL | Mask: 0xfffff
2026-06-06 19:25:09,945 [INFO] ChatTTS.Logic: [OPT] [OPT] PID: 1800 | svchost.exe | Mode: NORMAL | Mask: 0xfffff
2026-06-06 19:25:09,945 [INFO] ChatTTS.Logic: [OPT] [OPT] PID: 1860 | WUDFHost.exe | Mode: NORMAL | Mask: 0xfffff
2026-06-06 19:25:09,945 [INFO] ChatTTS.Logic: [OPT] [OPT] PID: 1944 | dwm.exe | Mode: NORMAL | Mask: 0xfffff
2026-06-06 19:25:09,945 [INFO] ChatTTS.Logic: [OPT] [OPT] PID: 1992 | svchost.exe | Mode: NORMAL | Mask: 0xfffff
2026-06-06 19:25:09,945 [INFO] ChatTTS.Logic: [OPT] [OPT] PID: 2016 | WmiPrvSE.exe | Mode: NORMAL | Mask: 0xfffff
2026-06-06 19:25:09,946 [INFO] ChatTTS.Logic: [OPT] [OPT] PID: 2024 | svchost.exe | Mode: NORMAL | Mask: 0xfffff
2026-06-06 19:25:09,946 [INFO] ChatTTS.Logic: [OPT] [OPT] PID: 2032 | svchost.exe | Mode: NORMAL | Mask: 0xfffff
2026-06-06 19:25:09,946 [INFO] ChatTTS.Logic: [OPT] [OPT] PID: 2040 | svchost.exe | Mode: NORMAL | Mask: 0xfffff
2026-06-06 19:25:09,946 [INFO] ChatTTS.Logic: [OPT] [OPT] PID: 2052 | Code.exe | Mode: NORMAL | Mask: 0xfffff
2026-06-06 19:25:09,946 [INFO] ChatTTS.Logic: [OPT] [OPT] PID: 2136 | svchost.exe | Mode: NORMAL | Mask: 0xfffff
2026-06-06 19:25:09,947 [INFO] ChatTTS.Logic: [OPT] [OPT] PID: 2240 | RTSS.exe | Mode: NORMAL | Mask: 0xfffff
2026-06-06 19:25:09,947 [INFO] ChatTTS.Logic: [OPT] [OPT] PID: 2248 | Code.exe | Mode: NORMAL | Mask: 0xfffff
2026-06-06 19:25:09,947 [INFO] ChatTTS.Logic: [OPT] [OPT] PID: 2360 | svchost.exe | Mode: NORMAL | Mask: 0xfffff
2026-06-06 19:25:09,947 [INFO] ChatTTS.Logic: [OPT] [OPT] PID: 2428 | svchost.exe | Mode: NORMAL | Mask: 0xfffff
2026-06-06 19:25:09,947 [INFO] ChatTTS.Logic: [OPT] [OPT] PID: 2452 | svchost.exe | Mode: NORMAL | Mask: 0xfffff
2026-06-06 19:25:09,947 [INFO] ChatTTS.Logic: [OPT] [OPT] PID: 2504 | svchost.exe | Mode: NORMAL | Mask: 0xfffff
2026-06-06 19:25:09,948 [INFO] ChatTTS.Logic: [OPT] [OPT] PID: 2576 | svchost.exe | Mode: NORMAL | Mask: 0xfffff
2026-06-06 19:25:09,948 [INFO] ChatTTS.Logic: [OPT] [OPT] PID: 2628 | svchost.exe | Mode: NORMAL | Mask: 0xfffff
2026-06-06 19:25:09,948 [INFO] ChatTTS.Logic: [OPT] [OPT] PID: 2868 | svchost.exe | Mode: NORMAL | Mask: 0xfffff
2026-06-06 19:25:09,948 [INFO] ChatTTS.Logic: [OPT] [OPT] PID: 3124 | CodeSetup-stable-6a44c352bd24569c417e530095901b649960f9f8.tmp | Mode: NORMAL | Mask: 0xfffff
2026-06-06 19:25:09,948 [INFO] ChatTTS.Logic: [OPT] [OPT] PID: 3196 | NVDisplay.Container.exe | Mode: NORMAL | Mask: 0xfffff
2026-06-06 19:25:09,948 [INFO] ChatTTS.Logic: [OPT] [OPT] PID: 3208 | pwsh.exe | Mode: NORMAL | Mask: 0xfffff
2026-06-06 19:25:09,948 [INFO] ChatTTS.Logic: [OPT] [OPT] PID: 3316 | Code.exe | Mode: NORMAL | Mask: 0xfffff
2026-06-06 19:25:09,949 [INFO] ChatTTS.Logic: [OPT] [OPT] PID: 3404 | svchost.exe | Mode: NORMAL | Mask: 0xfffff
2026-06-06 19:25:09,949 [INFO] ChatTTS.Logic: [OPT] [OPT] PID: 3468 | chrome.exe | Mode: NORMAL | Mask: 0xfffff
2026-06-06 19:25:09,949 [INFO] ChatTTS.Logic: [OPT] [OPT] PID: 3472 | AppHelperCap.exe | Mode: NORMAL | Mask: 0xfffff
2026-06-06 19:25:09,949 [INFO] ChatTTS.Logic: [OPT] [OPT] PID: 3488 | TouchpointAnalyticsClientService.exe | Mode: NORMAL | Mask: 0xfffff
2026-06-06 19:25:09,949 [INFO] ChatTTS.Logic: [OPT] [OPT] PID: 3500 | NetworkCap.exe | Mode: NORMAL | Mask: 0xfffff
2026-06-06 19:25:09,950 [INFO] ChatTTS.Logic: [OPT] [OPT] PID: 3508 | DiagsCap.exe | Mode: NORMAL | Mask: 0xfffff
2026-06-06 19:25:09,950 [INFO] ChatTTS.Logic: [OPT] [OPT] PID: 3536 | esrv_svc.exe | Mode: NORMAL | Mask: 0xfffff
2026-06-06 19:25:09,950 [INFO] ChatTTS.Logic: [OPT] [OPT] PID: 3580 | svchost.exe | Mode: NORMAL | Mask: 0xfffff
2026-06-06 19:25:09,950 [INFO] ChatTTS.Logic: [OPT] [OPT] PID: 3596 | svchost.exe | Mode: NORMAL | Mask: 0xfffff
2026-06-06 19:25:09,951 [INFO] ChatTTS.Logic: [OPT] [OPT] PID: 3612 | svchost.exe | Mode: NORMAL | Mask: 0xfffff
2026-06-06 19:25:09,951 [INFO] ChatTTS.Logic: [OPT] [OPT] PID: 3668 | svchost.exe | Mode: NORMAL | Mask: 0xfffff
2026-06-06 19:25:09,951 [INFO] ChatTTS.Logic: [OPT] [OPT] PID: 3760 | NVDisplay.Container.exe | Mode: NORMAL | Mask: 0xfffff
2026-06-06 19:25:09,951 [INFO] ChatTTS.Logic: [OPT] [OPT] PID: 3904 | chrome.exe | Mode: NORMAL | Mask: 0xfffff
2026-06-06 19:25:09,951 [INFO] ChatTTS.Logic: [OPT] [OPT] PID: 3956 | RuntimeBroker.exe | Mode: NORMAL | Mask: 0xfffff
2026-06-06 19:25:09,952 [INFO] ChatTTS.Logic: [OPT] [OPT] PID: 3996 | chrome.exe | Mode: NORMAL | Mask: 0xfffff
2026-06-06 19:25:09,952 [INFO] ChatTTS.Logic: [OPT] [OPT] PID: 4164 | ApplicationFrameHost.exe | Mode: NORMAL | Mask: 0xfffff
2026-06-06 19:25:09,952 [INFO] ChatTTS.Logic: [OPT] [OPT] PID: 4220 | spoolsv.exe | Mode: NORMAL | Mask: 0xfffff
2026-06-06 19:25:09,952 [INFO] ChatTTS.Logic: [OPT] [OPT] PID: 4252 | svchost.exe | Mode: NORMAL | Mask: 0xfffff
2026-06-06 19:25:09,952 [INFO] ChatTTS.Logic: [OPT] [OPT] PID: 4356 | svchost.exe | Mode: NORMAL | Mask: 0xfffff
2026-06-06 19:25:09,953 [INFO] ChatTTS.Logic: [OPT] [OPT] PID: 4416 | chrome.exe | Mode: NORMAL | Mask: 0xfffff
2026-06-06 19:25:09,953 [INFO] ChatTTS.Logic: [OPT] [OPT] PID: 4432 | ipf_helper.exe | Mode: NORMAL | Mask: 0xfffff
2026-06-06 19:25:09,953 [INFO] ChatTTS.Logic: [OPT] [OPT] PID: 4524 | AnyDesk.exe | Mode: NORMAL | Mask: 0xfffff
2026-06-06 19:25:09,953 [INFO] ChatTTS.Logic: [OPT] [OPT] PID: 4552 | ETDCtrl.exe | Mode: NORMAL | Mask: 0xfffff
2026-06-06 19:25:09,954 [INFO] ChatTTS.Logic: [OPT] [OPT] PID: 4568 | chrome.exe | Mode: NORMAL | Mask: 0xfffff
2026-06-06 19:25:09,954 [INFO] ChatTTS.Logic: [OPT] [OPT] PID: 4584 | ETDService.exe | Mode: NORMAL | Mask: 0xfffff
2026-06-06 19:25:09,954 [INFO] ChatTTS.Logic: [OPT] [OPT] PID: 4608 | remoting_host.exe | Mode: NORMAL | Mask: 0xfffff
2026-06-06 19:25:09,954 [INFO] ChatTTS.Logic: [OPT] [OPT] PID: 4624 | IntelAudioService.exe | Mode: NORMAL | Mask: 0xfffff
2026-06-06 19:25:09,954 [INFO] ChatTTS.Logic: [OPT] [OPT] PID: 4632 | IntelGraphicsSoftware.Service.exe | Mode: NORMAL | Mask: 0xfffff
2026-06-06 19:25:09,955 [INFO] ChatTTS.Logic: [OPT] [OPT] PID: 4648 | jhi_service.exe | Mode: NORMAL | Mask: 0xfffff
2026-06-06 19:25:09,955 [INFO] ChatTTS.Logic: [OPT] [OPT] PID: 4708 | vmnat.exe | Mode: NORMAL | Mask: 0xfffff
2026-06-06 19:25:09,955 [INFO] ChatTTS.Logic: [OPT] [OPT] PID: 4716 | XtuService.exe | Mode: NORMAL | Mask: 0xfffff
2026-06-06 19:25:09,955 [INFO] ChatTTS.Logic: [OPT] [OPT] PID: 4724 | WMIRegistrationService.exe | Mode: NORMAL | Mask: 0xfffff
2026-06-06 19:25:09,955 [INFO] ChatTTS.Logic: [OPT] [OPT] PID: 4732 | vmnetdhcp.exe | Mode: NORMAL | Mask: 0xfffff
2026-06-06 19:25:09,955 [INFO] ChatTTS.Logic: [OPT] [OPT] PID: 4740 | vmware-usbarbitrator64.exe | Mode: NORMAL | Mask: 0xfffff
2026-06-06 19:25:09,956 [INFO] ChatTTS.Logic: [OPT] [OPT] PID: 4752 | vmware-authd.exe | Mode: NORMAL | Mask: 0xfffff
2026-06-06 19:25:09,956 [INFO] ChatTTS.Logic: [OPT] [OPT] PID: 4772 | SECOMN64.exe | Mode: NORMAL | Mask: 0xfffff
2026-06-06 19:25:09,956 [INFO] ChatTTS.Logic: [OPT] [OPT] PID: 4780 | RtkAudUService64.exe | Mode: NORMAL | Mask: 0xfffff
2026-06-06 19:25:09,958 [INFO] ChatTTS.Logic: [OPT] [OPT] PID: 4788 | nvcontainer.exe | Mode: NORMAL | Mask: 0xfffff
2026-06-06 19:25:09,958 [INFO] ChatTTS.Logic: [OPT] [OPT] PID: 4796 | SurSvc.exe | Mode: NORMAL | Mask: 0xfffff
2026-06-06 19:25:09,958 [INFO] ChatTTS.Logic: [OPT] [OPT] PID: 4804 | svchost.exe | Mode: NORMAL | Mask: 0xfffff
2026-06-06 19:25:09,958 [INFO] ChatTTS.Logic: [OPT] [OPT] PID: 4904 | ipf_uf.exe | Mode: NORMAL | Mask: 0xfffff
2026-06-06 19:25:09,959 [INFO] ChatTTS.Logic: [OPT] [OPT] PID: 4916 | TeamViewer_Service.exe | Mode: NORMAL | Mask: 0xfffff
2026-06-06 19:25:09,959 [INFO] ChatTTS.Logic: [OPT] [OPT] PID: 4932 | Pearl Abyss Launcher.exe | Mode: NORMAL | Mask: 0xfffff
2026-06-06 19:25:09,959 [INFO] ChatTTS.Logic: [OPT] [OPT] PID: 5540 | pwsh.exe | Mode: NORMAL | Mask: 0xfffff
2026-06-06 19:25:09,959 [INFO] ChatTTS.Logic: [OPT] [OPT] PID: 5860 | SearchHost.exe | Mode: NORMAL | Mask: 0xfffff
2026-06-06 19:25:09,959 [INFO] ChatTTS.Logic: [OPT] [OPT] PID: 5900 | remoting_host.exe | Mode: NORMAL | Mask: 0xfffff
2026-06-06 19:25:09,959 [INFO] ChatTTS.Logic: [OPT] [OPT] PID: 6208 | audiodg.exe | Mode: NORMAL | Mask: 0xfffff
2026-06-06 19:25:09,960 [INFO] ChatTTS.Logic: [OPT] [OPT] PID: 6460 | PresentMonService.exe | Mode: NORMAL | Mask: 0xfffff
2026-06-06 19:25:09,960 [INFO] ChatTTS.Logic: [OPT] [OPT] PID: 6468 | conhost.exe | Mode: NORMAL | Mask: 0xfffff
2026-06-06 19:25:09,960 [INFO] ChatTTS.Logic: [OPT] [OPT] PID: 6668 | svchost.exe | Mode: NORMAL | Mask: 0xfffff
2026-06-06 19:25:09,960 [INFO] ChatTTS.Logic: [OPT] [OPT] PID: 6816 | WmiPrvSE.exe | Mode: NORMAL | Mask: 0xfffff
2026-06-06 19:25:09,960 [INFO] ChatTTS.Logic: [OPT] [OPT] PID: 6860 | svchost.exe | Mode: NORMAL | Mask: 0xfffff
2026-06-06 19:25:09,961 [INFO] ChatTTS.Logic: [OPT] [OPT] PID: 7336 | chrome.exe | Mode: NORMAL | Mask: 0xfffff
2026-06-06 19:25:09,961 [INFO] ChatTTS.Logic: [OPT] [OPT] PID: 7428 | wlanext.exe | Mode: NORMAL | Mask: 0xfffff
2026-06-06 19:25:09,961 [INFO] ChatTTS.Logic: [OPT] [OPT] PID: 7464 | DiscordSystemHelper.exe | Mode: NORMAL | Mask: 0xfffff
2026-06-06 19:25:09,961 [INFO] ChatTTS.Logic: [OPT] [OPT] PID: 7516 | crashpad_handler.exe | Mode: NORMAL | Mask: 0xfffff
2026-06-06 19:25:09,962 [INFO] ChatTTS.Logic: [OPT] [OPT] PID: 7540 | nvcontainer.exe | Mode: NORMAL | Mask: 0xfffff
2026-06-06 19:25:09,962 [INFO] ChatTTS.Logic: [OPT] [OPT] PID: 7872 | chrome.exe | Mode: NORMAL | Mask: 0xfffff
2026-06-06 19:25:09,962 [INFO] ChatTTS.Logic: [OPT] [OPT] PID: 8104 | EncoderServer.exe | Mode: NORMAL | Mask: 0xfffff
2026-06-06 19:25:09,962 [INFO] ChatTTS.Logic: [OPT] [OPT] PID: 8204 | nvcontainer.exe | Mode: NORMAL | Mask: 0xfffff
2026-06-06 19:25:09,963 [INFO] ChatTTS.Logic: [OPT] [OPT] PID: 8256 | conhost.exe | Mode: NORMAL | Mask: 0xfffff
2026-06-06 19:25:09,963 [INFO] ChatTTS.Logic: [OPT] [OPT] PID: 8264 | SECOCL64.exe | Mode: NORMAL | Mask: 0xfffff
2026-06-06 19:25:09,963 [INFO] ChatTTS.Logic: [OPT] [OPT] PID: 8404 | sihost.exe | Mode: NORMAL | Mask: 0xfffff
2026-06-06 19:25:09,963 [INFO] ChatTTS.Logic: [OPT] [OPT] PID: 8464 | explorer.exe | Mode: NORMAL | Mask: 0xfffff
2026-06-06 19:25:09,963 [INFO] ChatTTS.Logic: [OPT] [OPT] PID: 8512 | svchost.exe | Mode: NORMAL | Mask: 0xfffff
2026-06-06 19:25:09,963 [INFO] ChatTTS.Logic: [OPT] [OPT] PID: 8524 | svchost.exe | Mode: NORMAL | Mask: 0xfffff
2026-06-06 19:25:09,964 [INFO] ChatTTS.Logic: [OPT] [OPT] PID: 8596 | svchost.exe | Mode: NORMAL | Mask: 0xfffff
2026-06-06 19:25:09,964 [INFO] ChatTTS.Logic: [OPT] [OPT] PID: 8684 | MSIAfterburner.exe | Mode: NORMAL | Mask: 0xfffff
2026-06-06 19:25:09,964 [INFO] ChatTTS.Logic: [OPT] [OPT] PID: 8776 | svchost.exe | Mode: NORMAL | Mask: 0xfffff
2026-06-06 19:25:09,964 [INFO] ChatTTS.Logic: [OPT] [OPT] PID: 9008 | taskhostw.exe | Mode: NORMAL | Mask: 0xfffff
2026-06-06 19:25:09,964 [INFO] ChatTTS.Logic: [OPT] [OPT] PID: 9064 | StartMenuExperienceHost.exe | Mode: NORMAL | Mask: 0xfffff
2026-06-06 19:25:09,964 [INFO] ChatTTS.Logic: [OPT] [OPT] PID: 9144 | cmd.exe | Mode: NORMAL | Mask: 0xfffff
2026-06-06 19:25:09,965 [INFO] ChatTTS.Logic: [OPT] [OPT] PID: 9388 | chrome.exe | Mode: NORMAL | Mask: 0xfffff
2026-06-06 19:25:09,965 [INFO] ChatTTS.Logic: [OPT] [OPT] PID: 9436 | pwsh.exe | Mode: NORMAL | Mask: 0xfffff
2026-06-06 19:25:09,965 [INFO] ChatTTS.Logic: [OPT] [OPT] PID: 9472 | CrossDeviceResume.exe | Mode: NORMAL | Mask: 0xfffff
2026-06-06 19:25:09,965 [INFO] ChatTTS.Logic: [OPT] [OPT] PID: 9864 | RtkAudUService64.exe | Mode: NORMAL | Mask: 0xfffff
2026-06-06 19:25:09,965 [INFO] ChatTTS.Logic: [OPT] [OPT] PID: 10036 | svchost.exe | Mode: NORMAL | Mask: 0xfffff
2026-06-06 19:25:09,965 [INFO] ChatTTS.Logic: [OPT] [OPT] PID: 10300 | TabTip.exe | Mode: NORMAL | Mask: 0xfffff
2026-06-06 19:25:09,965 [INFO] ChatTTS.Logic: [OPT] [OPT] PID: 10392 | chrome.exe | Mode: NORMAL | Mask: 0xfffff
2026-06-06 19:25:09,965 [INFO] ChatTTS.Logic: [OPT] [OPT] PID: 10408 | chrome.exe | Mode: NORMAL | Mask: 0xfffff
2026-06-06 19:25:09,966 [INFO] ChatTTS.Logic: [OPT] [OPT] PID: 10424 | dllhost.exe | Mode: NORMAL | Mask: 0xfffff
2026-06-06 19:25:09,966 [INFO] ChatTTS.Logic: [OPT] [OPT] PID: 10544 | RuntimeBroker.exe | Mode: NORMAL | Mask: 0xfffff
2026-06-06 19:25:09,966 [INFO] ChatTTS.Logic: [OPT] [OPT] PID: 10552 | svchost.exe | Mode: NORMAL | Mask: 0xfffff
2026-06-06 19:25:09,966 [INFO] ChatTTS.Logic: [OPT] [OPT] PID: 10616 | node.exe | Mode: NORMAL | Mask: 0xfffff
2026-06-06 19:25:09,966 [INFO] ChatTTS.Logic: [OPT] [OPT] PID: 10780 | TDitbamStreamerSuite.exe | Mode: NORMAL | Mask: 0xfffff
2026-06-06 19:25:09,966 [INFO] ChatTTS.Logic: [OPT] [OPT] PID: 11204 | BraveCrashHandler.exe | Mode: NORMAL | Mask: 0xfffff
2026-06-06 19:25:09,967 [INFO] ChatTTS.Logic: [OPT] [OPT] PID: 11232 | BraveCrashHandler64.exe | Mode: NORMAL | Mask: 0xfffff
2026-06-06 19:25:09,967 [INFO] ChatTTS.Logic: [OPT] [OPT] PID: 11320 | chrome.exe | Mode: NORMAL | Mask: 0xfffff
2026-06-06 19:25:09,967 [INFO] ChatTTS.Logic: [OPT] [OPT] PID: 11392 | ShellHost.exe | Mode: NORMAL | Mask: 0xfffff
2026-06-06 19:25:09,967 [INFO] ChatTTS.Logic: [OPT] [OPT] PID: 11480 | conhost.exe | Mode: NORMAL | Mask: 0xfffff
2026-06-06 19:25:09,968 [INFO] ChatTTS.Logic: [OPT] [OPT] PID: 11872 | DataExchangeHost.exe | Mode: NORMAL | Mask: 0xfffff
2026-06-06 19:25:09,968 [INFO] ChatTTS.Logic: [OPT] [OPT] PID: 11904 | msedgewebview2.exe | Mode: NORMAL | Mask: 0xfffff
2026-06-06 19:25:09,968 [INFO] ChatTTS.Logic: [OPT] [OPT] PID: 12116 | svchost.exe | Mode: NORMAL | Mask: 0xfffff
2026-06-06 19:25:09,968 [INFO] ChatTTS.Logic: [OPT] [OPT] PID: 12136 | msedgewebview2.exe | Mode: NORMAL | Mask: 0xfffff
2026-06-06 19:25:09,968 [INFO] ChatTTS.Logic: [OPT] [OPT] PID: 12340 | chrome.exe | Mode: NORMAL | Mask: 0xfffff
2026-06-06 19:25:09,969 [INFO] ChatTTS.Logic: [OPT] [OPT] PID: 12536 | msedgewebview2.exe | Mode: NORMAL | Mask: 0xfffff
2026-06-06 19:25:09,969 [INFO] ChatTTS.Logic: [OPT] [OPT] PID: 12544 | msedgewebview2.exe | Mode: NORMAL | Mask: 0xfffff
2026-06-06 19:25:09,969 [INFO] ChatTTS.Logic: [OPT] [OPT] PID: 12604 | msedgewebview2.exe | Mode: NORMAL | Mask: 0xfffff
2026-06-06 19:25:09,969 [INFO] ChatTTS.Logic: [OPT] [OPT] PID: 12888 | msedgewebview2.exe | Mode: NORMAL | Mask: 0xfffff
2026-06-06 19:25:09,970 [INFO] ChatTTS.Logic: [OPT] [OPT] PID: 12948 | RTSSHooksLoader64.exe | Mode: NORMAL | Mask: 0xfffff
2026-06-06 19:25:09,970 [INFO] ChatTTS.Logic: [OPT] [OPT] PID: 13300 | Code.exe | Mode: NORMAL | Mask: 0xfffff
2026-06-06 19:25:09,970 [INFO] ChatTTS.Logic: [OPT] [OPT] PID: 13396 | ShellExperienceHost.exe | Mode: NORMAL | Mask: 0xfffff
2026-06-06 19:25:09,970 [INFO] ChatTTS.Logic: [OPT] [OPT] PID: 13724 | OpenConsole.exe | Mode: NORMAL | Mask: 0xfffff
2026-06-06 19:25:09,971 [INFO] ChatTTS.Logic: [OPT] [OPT] PID: 13792 | ctfmon.exe | Mode: NORMAL | Mask: 0xfffff
2026-06-06 19:25:09,971 [INFO] ChatTTS.Logic: [OPT] [OPT] PID: 14008 | svchost.exe | Mode: NORMAL | Mask: 0xfffff
2026-06-06 19:25:09,971 [INFO] ChatTTS.Logic: [OPT] [OPT] PID: 14112 | conhost.exe | Mode: NORMAL | Mask: 0xfffff
2026-06-06 19:25:09,971 [INFO] ChatTTS.Logic: [OPT] [OPT] PID: 14152 | chrome.exe | Mode: NORMAL | Mask: 0xfffff
2026-06-06 19:25:09,972 [INFO] ChatTTS.Logic: [OPT] [OPT] PID: 14228 | Code.exe | Mode: NORMAL | Mask: 0xfffff
2026-06-06 19:25:09,972 [INFO] ChatTTS.Logic: [OPT] [OPT] PID: 14328 | pet.exe | Mode: NORMAL | Mask: 0xfffff
2026-06-06 19:25:09,972 [INFO] ChatTTS.Logic: [OPT] [OPT] PID: 14692 | Code.exe | Mode: NORMAL | Mask: 0xfffff
2026-06-06 19:25:09,972 [INFO] ChatTTS.Logic: [OPT] [OPT] PID: 14772 | pwsh.exe | Mode: NORMAL | Mask: 0xfffff
2026-06-06 19:25:09,972 [INFO] ChatTTS.Logic: [OPT] [OPT] PID: 14776 | conhost.exe | Mode: NORMAL | Mask: 0xfffff
2026-06-06 19:25:09,972 [INFO] ChatTTS.Logic: [OPT] [OPT] PID: 14992 | TextInputHost.exe | Mode: NORMAL | Mask: 0xfffff
2026-06-06 19:25:09,973 [INFO] ChatTTS.Logic: [OPT] [OPT] PID: 15076 | CodeSetup-stable-6a44c352bd24569c417e530095901b649960f9f8.exe | Mode: NORMAL | Mask: 0xfffff
2026-06-06 19:25:09,973 [INFO] ChatTTS.Logic: [OPT] [OPT] PID: 15420 | DiscordSystemHelper.exe | Mode: NORMAL | Mask: 0xfffff
2026-06-06 19:25:09,973 [INFO] ChatTTS.Logic: [OPT] [OPT] PID: 15504 | Code.exe | Mode: NORMAL | Mask: 0xfffff
2026-06-06 19:25:09,973 [INFO] ChatTTS.Logic: [OPT] [OPT] PID: 15764 | OpenConsole.exe | Mode: NORMAL | Mask: 0xfffff
2026-06-06 19:25:09,974 [INFO] ChatTTS.Logic: [OPT] [OPT] PID: 15820 | chrome.exe | Mode: NORMAL | Mask: 0xfffff
2026-06-06 19:25:09,974 [INFO] ChatTTS.Logic: [OPT] [OPT] PID: 15848 | RtkAudUService64.exe | Mode: NORMAL | Mask: 0xfffff
2026-06-06 19:25:09,974 [INFO] ChatTTS.Logic: [OPT] [OPT] PID: 15980 | vgtray.exe | Mode: NORMAL | Mask: 0xfffff
2026-06-06 19:25:09,974 [INFO] ChatTTS.Logic: [OPT] [OPT] PID: 16084 | Discord.exe | Mode: NORMAL | Mask: 0xfffff
2026-06-06 19:25:09,974 [INFO] ChatTTS.Logic: [OPT] [OPT] PID: 16188 | svchost.exe | Mode: NORMAL | Mask: 0xfffff
2026-06-06 19:25:09,974 [INFO] ChatTTS.Logic: [OPT] [OPT] PID: 16196 | Discord.exe | Mode: NORMAL | Mask: 0xfffff
2026-06-06 19:25:09,975 [INFO] ChatTTS.Logic: [OPT] [OPT] PID: 16312 | Discord.exe | Mode: NORMAL | Mask: 0xfffff
2026-06-06 19:25:09,975 [INFO] ChatTTS.Logic: [OPT] [OPT] PID: 16340 | Discord.exe | Mode: NORMAL | Mask: 0xfffff
2026-06-06 19:25:09,975 [INFO] ChatTTS.Logic: [OPT] [OPT] PID: 16440 | chrome.exe | Mode: NORMAL | Mask: 0xfffff
2026-06-06 19:25:09,975 [INFO] ChatTTS.Logic: [OPT] [OPT] PID: 16560 | dllhost.exe | Mode: NORMAL | Mask: 0xfffff
2026-06-06 19:25:09,975 [INFO] ChatTTS.Logic: [OPT] [OPT] PID: 17112 | Discord.exe | Mode: NORMAL | Mask: 0xfffff
2026-06-06 19:25:09,976 [INFO] ChatTTS.Logic: [OPT] [OPT] PID: 17724 | SearchIndexer.exe | Mode: NORMAL | Mask: 0xfffff
2026-06-06 19:25:09,976 [INFO] ChatTTS.Logic: [OPT] [OPT] PID: 17756 | Discord.exe | Mode: NORMAL | Mask: 0xfffff
2026-06-06 19:25:09,976 [INFO] ChatTTS.Logic: [OPT] [OPT] PID: 18048 | svchost.exe | Mode: NORMAL | Mask: 0xfffff
2026-06-06 19:25:09,976 [INFO] ChatTTS.Logic: [OPT] [OPT] PID: 18060 | svchost.exe | Mode: NORMAL | Mask: 0xfffff
2026-06-06 19:25:09,976 [INFO] ChatTTS.Logic: [OPT] [OPT] PID: 18084 | Code.exe | Mode: NORMAL | Mask: 0xfffff
2026-06-06 19:25:09,976 [INFO] ChatTTS.Logic: [OPT] [OPT] PID: 18492 | Pearl Abyss Launcher.exe | Mode: NORMAL | Mask: 0xfffff
2026-06-06 19:25:09,976 [INFO] ChatTTS.Logic: [OPT] [OPT] PID: 18764 | Notepad.exe | Mode: NORMAL | Mask: 0xfffff
2026-06-06 19:25:09,977 [INFO] ChatTTS.Logic: [OPT] [OPT] PID: 18956 | Pearl Abyss Launcher.exe | Mode: NORMAL | Mask: 0xfffff
2026-06-06 19:25:09,977 [INFO] ChatTTS.Logic: [OPT] [OPT] PID: 18988 | Pearl Abyss Launcher.exe | Mode: NORMAL | Mask: 0xfffff
2026-06-06 19:25:09,977 [INFO] ChatTTS.Logic: [OPT] [OPT] PID: 19116 | Pearl Abyss Launcher.exe | Mode: NORMAL | Mask: 0xfffff
2026-06-06 19:25:09,977 [INFO] ChatTTS.Logic: [OPT] [OPT] PID: 19180 | Pearl Abyss Launcher.exe | Mode: NORMAL | Mask: 0xfffff
2026-06-06 19:25:09,977 [INFO] ChatTTS.Logic: [OPT] [OPT] PID: 19596 | python3.12.exe | Mode: NORMAL | Mask: 0xfffff
2026-06-06 19:25:09,977 [INFO] ChatTTS.Logic: [OPT] [OPT] PID: 19648 | TDitbamStreamerSuite.exe | Mode: NORMAL | Mask: 0xfffff
2026-06-06 19:25:09,978 [INFO] ChatTTS.Logic: [OPT] [OPT] PID: 19800 | chrome.exe | Mode: NORMAL | Mask: 0xfffff
2026-06-06 19:25:09,978 [INFO] ChatTTS.Logic: [OPT] [OPT] PID: 19940 | Pearl Abyss Launcher.exe | Mode: NORMAL | Mask: 0xfffff
2026-06-06 19:25:09,978 [INFO] ChatTTS.Logic: [OPT] [OPT] PID: 20240 | Pearl Abyss Launcher.exe | Mode: NORMAL | Mask: 0xfffff
2026-06-06 19:25:09,978 [INFO] ChatTTS.Logic: [OPT] [OPT] PID: 20244 | Code.exe | Mode: NORMAL | Mask: 0xfffff
2026-06-06 19:25:09,978 [INFO] ChatTTS.Logic: [OPT] [OPT] PID: 20392 | conhost.exe | Mode: NORMAL | Mask: 0xfffff
2026-06-06 19:25:09,978 [INFO] ChatTTS.Logic: [OPT] [OPT] PID: 20528 | node.exe | Mode: NORMAL | Mask: 0xfffff
2026-06-06 19:25:09,979 [INFO] ChatTTS.Logic: [OPT] [OPT] PID: 20752 | chrome.exe | Mode: NORMAL | Mask: 0xfffff
2026-06-06 19:25:09,979 [INFO] ChatTTS.Logic: [OPT] [OPT] PID: 20756 | chrome.exe | Mode: NORMAL | Mask: 0xfffff
2026-06-06 19:25:09,979 [INFO] ChatTTS.Logic: [OPT] [OPT] PID: 20856 | XboxPcAppFT.exe | Mode: NORMAL | Mask: 0xfffff
2026-06-06 19:25:09,979 [INFO] ChatTTS.Logic: [OPT] [OPT] PID: 21052 | chrome.exe | Mode: NORMAL | Mask: 0xfffff
2026-06-06 19:25:09,979 [INFO] ChatTTS.Logic: [OPT] [OPT] PID: 21524 | svchost.exe | Mode: NORMAL | Mask: 0xfffff
2026-06-06 19:25:09,979 [INFO] ChatTTS.Logic: [OPT] [OPT] PID: 22180 | svchost.exe | Mode: NORMAL | Mask: 0xfffff
2026-06-06 19:25:09,980 [INFO] ChatTTS.Logic: [OPT] [OPT] PID: 22852 | chrome.exe | Mode: NORMAL | Mask: 0xfffff
2026-06-06 19:25:09,980 [INFO] ChatTTS.Logic: [OPT] [OPT] PID: 23076 | Code.exe | Mode: NORMAL | Mask: 0xfffff
2026-06-06 19:25:09,980 [INFO] ChatTTS.Logic: [OPT] [OPT] PID: 23136 | OpenConsole.exe | Mode: NORMAL | Mask: 0xfffff
2026-06-06 19:25:09,981 [INFO] ChatTTS.Logic: [OPT] [OPT] PID: 23168 | chrome.exe | Mode: NORMAL | Mask: 0xfffff
2026-06-06 19:25:10,155 [INFO] ChatTTS.Logic: Stopping Optimizer Service...
2026-06-06 19:25:11,027 [INFO] ChatTTS.Logic: Starting Optimizer Service...
2026-06-06 19:25:11,031 [INFO] ChatTTS.Logic: [OPT] [OPT] PID: 8 | svchost.exe | Mode: NORMAL | Mask: 0xfffff
2026-06-06 19:25:11,031 [INFO] ChatTTS.Logic: [OPT] [OPT] PID: 1184 | svchost.exe | Mode: NORMAL | Mask: 0xfffff
2026-06-06 19:25:11,031 [INFO] ChatTTS.Logic: [OPT] [OPT] PID: 1356 | esrv.exe | Mode: NORMAL | Mask: 0xfffff
2026-06-06 19:25:11,032 [INFO] ChatTTS.Logic: [OPT] [OPT] PID: 1416 | winlogon.exe | Mode: NORMAL | Mask: 0xfffff
2026-06-06 19:25:11,032 [INFO] ChatTTS.Logic: [OPT] [OPT] PID: 1472 | LsaIso.exe | Mode: NORMAL | Mask: 0xfffff
2026-06-06 19:25:11,032 [INFO] ChatTTS.Logic: [OPT] [OPT] PID: 1632 | svchost.exe | Mode: NORMAL | Mask: 0xfffff
2026-06-06 19:25:11,033 [INFO] ChatTTS.Logic: [OPT] [OPT] PID: 1660 | fontdrvhost.exe | Mode: NORMAL | Mask: 0xfffff
2026-06-06 19:25:11,033 [INFO] ChatTTS.Logic: [OPT] [OPT] PID: 1668 | fontdrvhost.exe | Mode: NORMAL | Mask: 0xfffff
2026-06-06 19:25:11,033 [INFO] ChatTTS.Logic: [OPT] [OPT] PID: 1704 | WUDFHost.exe | Mode: NORMAL | Mask: 0xfffff
2026-06-06 19:25:11,033 [INFO] ChatTTS.Logic: [OPT] [OPT] PID: 1800 | svchost.exe | Mode: NORMAL | Mask: 0xfffff
2026-06-06 19:25:11,034 [INFO] ChatTTS.Logic: [OPT] [OPT] PID: 1860 | WUDFHost.exe | Mode: NORMAL | Mask: 0xfffff
2026-06-06 19:25:11,035 [INFO] ChatTTS.Logic: [OPT] [OPT] PID: 1944 | dwm.exe | Mode: NORMAL | Mask: 0xfffff
2026-06-06 19:25:11,035 [INFO] ChatTTS.Logic: [OPT] [OPT] PID: 1992 | svchost.exe | Mode: NORMAL | Mask: 0xfffff
2026-06-06 19:25:11,035 [INFO] ChatTTS.Logic: [OPT] [OPT] PID: 2016 | WmiPrvSE.exe | Mode: NORMAL | Mask: 0xfffff
2026-06-06 19:25:11,035 [INFO] ChatTTS.Logic: [OPT] [OPT] PID: 2024 | svchost.exe | Mode: NORMAL | Mask: 0xfffff
2026-06-06 19:25:11,035 [INFO] ChatTTS.Logic: [OPT] [OPT] PID: 2032 | svchost.exe | Mode: NORMAL | Mask: 0xfffff
2026-06-06 19:25:11,035 [INFO] ChatTTS.Logic: [OPT] [OPT] PID: 2040 | svchost.exe | Mode: NORMAL | Mask: 0xfffff
2026-06-06 19:25:11,035 [INFO] ChatTTS.Logic: [OPT] [OPT] PID: 2052 | Code.exe | Mode: NORMAL | Mask: 0xfffff
2026-06-06 19:25:11,036 [INFO] ChatTTS.Logic: [OPT] [OPT] PID: 2136 | svchost.exe | Mode: NORMAL | Mask: 0xfffff
2026-06-06 19:25:11,036 [INFO] ChatTTS.Logic: [OPT] [OPT] PID: 2240 | RTSS.exe | Mode: NORMAL | Mask: 0xfffff
2026-06-06 19:25:11,036 [INFO] ChatTTS.Logic: [OPT] [OPT] PID: 2248 | Code.exe | Mode: NORMAL | Mask: 0xfffff
2026-06-06 19:25:11,036 [INFO] ChatTTS.Logic: [OPT] [OPT] PID: 2360 | svchost.exe | Mode: NORMAL | Mask: 0xfffff
2026-06-06 19:25:11,037 [INFO] ChatTTS.Logic: [OPT] [OPT] PID: 2428 | svchost.exe | Mode: NORMAL | Mask: 0xfffff
2026-06-06 19:25:11,037 [INFO] ChatTTS.Logic: [OPT] [OPT] PID: 2452 | svchost.exe | Mode: NORMAL | Mask: 0xfffff
2026-06-06 19:25:11,037 [INFO] ChatTTS.Logic: [OPT] [OPT] PID: 2504 | svchost.exe | Mode: NORMAL | Mask: 0xfffff
2026-06-06 19:25:11,037 [INFO] ChatTTS.Logic: [OPT] [OPT] PID: 2576 | svchost.exe | Mode: NORMAL | Mask: 0xfffff
2026-06-06 19:25:11,037 [INFO] ChatTTS.Logic: [OPT] [OPT] PID: 2628 | svchost.exe | Mode: NORMAL | Mask: 0xfffff
2026-06-06 19:25:11,038 [INFO] ChatTTS.Logic: [OPT] [OPT] PID: 2868 | svchost.exe | Mode: NORMAL | Mask: 0xfffff
2026-06-06 19:25:11,038 [INFO] ChatTTS.Logic: [OPT] [OPT] PID: 3124 | CodeSetup-stable-6a44c352bd24569c417e530095901b649960f9f8.tmp | Mode: NORMAL | Mask: 0xfffff
2026-06-06 19:25:11,038 [INFO] ChatTTS.Logic: [OPT] [OPT] PID: 3196 | NVDisplay.Container.exe | Mode: NORMAL | Mask: 0xfffff
2026-06-06 19:25:11,038 [INFO] ChatTTS.Logic: [OPT] [OPT] PID: 3208 | pwsh.exe | Mode: NORMAL | Mask: 0xfffff
2026-06-06 19:25:11,038 [INFO] ChatTTS.Logic: [OPT] [OPT] PID: 3316 | Code.exe | Mode: NORMAL | Mask: 0xfffff
2026-06-06 19:25:11,038 [INFO] ChatTTS.Logic: [OPT] [OPT] PID: 3404 | svchost.exe | Mode: NORMAL | Mask: 0xfffff
2026-06-06 19:25:11,039 [INFO] ChatTTS.Logic: [OPT] [OPT] PID: 3468 | chrome.exe | Mode: NORMAL | Mask: 0xfffff
2026-06-06 19:25:11,039 [INFO] ChatTTS.Logic: [OPT] [OPT] PID: 3472 | AppHelperCap.exe | Mode: NORMAL | Mask: 0xfffff
2026-06-06 19:25:11,039 [INFO] ChatTTS.Logic: [OPT] [OPT] PID: 3488 | TouchpointAnalyticsClientService.exe | Mode: NORMAL | Mask: 0xfffff
2026-06-06 19:25:11,039 [INFO] ChatTTS.Logic: [OPT] [OPT] PID: 3500 | NetworkCap.exe | Mode: NORMAL | Mask: 0xfffff
2026-06-06 19:25:11,039 [INFO] ChatTTS.Logic: [OPT] [OPT] PID: 3508 | DiagsCap.exe | Mode: NORMAL | Mask: 0xfffff
2026-06-06 19:25:11,040 [INFO] ChatTTS.Logic: [OPT] [OPT] PID: 3536 | esrv_svc.exe | Mode: NORMAL | Mask: 0xfffff
2026-06-06 19:25:11,040 [INFO] ChatTTS.Logic: [OPT] [OPT] PID: 3580 | svchost.exe | Mode: NORMAL | Mask: 0xfffff
2026-06-06 19:25:11,040 [INFO] ChatTTS.Logic: [OPT] [OPT] PID: 3596 | svchost.exe | Mode: NORMAL | Mask: 0xfffff
2026-06-06 19:25:11,040 [INFO] ChatTTS.Logic: [OPT] [OPT] PID: 3612 | svchost.exe | Mode: NORMAL | Mask: 0xfffff
2026-06-06 19:25:11,041 [INFO] ChatTTS.Logic: [OPT] [OPT] PID: 3668 | svchost.exe | Mode: NORMAL | Mask: 0xfffff
2026-06-06 19:25:11,041 [INFO] ChatTTS.Logic: [OPT] [OPT] PID: 3760 | NVDisplay.Container.exe | Mode: NORMAL | Mask: 0xfffff
2026-06-06 19:25:11,041 [INFO] ChatTTS.Logic: [OPT] [OPT] PID: 3904 | chrome.exe | Mode: NORMAL | Mask: 0xfffff
2026-06-06 19:25:11,041 [INFO] ChatTTS.Logic: [OPT] [OPT] PID: 3956 | RuntimeBroker.exe | Mode: NORMAL | Mask: 0xfffff
2026-06-06 19:25:11,041 [INFO] ChatTTS.Logic: [OPT] [OPT] PID: 3996 | chrome.exe | Mode: NORMAL | Mask: 0xfffff
2026-06-06 19:25:11,041 [INFO] ChatTTS.Logic: [OPT] [OPT] PID: 4164 | ApplicationFrameHost.exe | Mode: NORMAL | Mask: 0xfffff
2026-06-06 19:25:11,042 [INFO] ChatTTS.Logic: [OPT] [OPT] PID: 4220 | spoolsv.exe | Mode: NORMAL | Mask: 0xfffff
2026-06-06 19:25:11,042 [INFO] ChatTTS.Logic: [OPT] [OPT] PID: 4252 | svchost.exe | Mode: NORMAL | Mask: 0xfffff
2026-06-06 19:25:11,042 [INFO] ChatTTS.Logic: [OPT] [OPT] PID: 4356 | svchost.exe | Mode: NORMAL | Mask: 0xfffff
2026-06-06 19:25:11,042 [INFO] ChatTTS.Logic: [OPT] [OPT] PID: 4416 | chrome.exe | Mode: NORMAL | Mask: 0xfffff
2026-06-06 19:25:11,042 [INFO] ChatTTS.Logic: [OPT] [OPT] PID: 4432 | ipf_helper.exe | Mode: NORMAL | Mask: 0xfffff
2026-06-06 19:25:11,043 [INFO] ChatTTS.Logic: [OPT] [OPT] PID: 4524 | AnyDesk.exe | Mode: NORMAL | Mask: 0xfffff
2026-06-06 19:25:11,043 [INFO] ChatTTS.Logic: [OPT] [OPT] PID: 4552 | ETDCtrl.exe | Mode: NORMAL | Mask: 0xfffff
2026-06-06 19:25:11,043 [INFO] ChatTTS.Logic: [OPT] [OPT] PID: 4568 | chrome.exe | Mode: NORMAL | Mask: 0xfffff
2026-06-06 19:25:11,043 [INFO] ChatTTS.Logic: [OPT] [OPT] PID: 4584 | ETDService.exe | Mode: NORMAL | Mask: 0xfffff
2026-06-06 19:25:11,043 [INFO] ChatTTS.Logic: [OPT] [OPT] PID: 4608 | remoting_host.exe | Mode: NORMAL | Mask: 0xfffff
2026-06-06 19:25:11,044 [INFO] ChatTTS.Logic: [OPT] [OPT] PID: 4624 | IntelAudioService.exe | Mode: NORMAL | Mask: 0xfffff
2026-06-06 19:25:11,044 [INFO] ChatTTS.Logic: [OPT] [OPT] PID: 4632 | IntelGraphicsSoftware.Service.exe | Mode: NORMAL | Mask: 0xfffff
2026-06-06 19:25:11,044 [INFO] ChatTTS.Logic: [OPT] [OPT] PID: 4648 | jhi_service.exe | Mode: NORMAL | Mask: 0xfffff
2026-06-06 19:25:11,044 [INFO] ChatTTS.Logic: [OPT] [OPT] PID: 4708 | vmnat.exe | Mode: NORMAL | Mask: 0xfffff
2026-06-06 19:25:11,044 [INFO] ChatTTS.Logic: [OPT] [OPT] PID: 4716 | XtuService.exe | Mode: NORMAL | Mask: 0xfffff
2026-06-06 19:25:11,045 [INFO] ChatTTS.Logic: [OPT] [OPT] PID: 4724 | WMIRegistrationService.exe | Mode: NORMAL | Mask: 0xfffff
2026-06-06 19:25:11,045 [INFO] ChatTTS.Logic: [OPT] [OPT] PID: 4732 | vmnetdhcp.exe | Mode: NORMAL | Mask: 0xfffff
2026-06-06 19:25:11,045 [INFO] ChatTTS.Logic: [OPT] [OPT] PID: 4740 | vmware-usbarbitrator64.exe | Mode: NORMAL | Mask: 0xfffff
2026-06-06 19:25:11,045 [INFO] ChatTTS.Logic: [OPT] [OPT] PID: 4752 | vmware-authd.exe | Mode: NORMAL | Mask: 0xfffff
2026-06-06 19:25:11,045 [INFO] ChatTTS.Logic: [OPT] [OPT] PID: 4772 | SECOMN64.exe | Mode: NORMAL | Mask: 0xfffff
2026-06-06 19:25:11,046 [INFO] ChatTTS.Logic: [OPT] [OPT] PID: 4780 | RtkAudUService64.exe | Mode: NORMAL | Mask: 0xfffff
2026-06-06 19:25:11,046 [INFO] ChatTTS.Logic: [OPT] [OPT] PID: 4788 | nvcontainer.exe | Mode: NORMAL | Mask: 0xfffff
2026-06-06 19:25:11,046 [INFO] ChatTTS.Logic: [OPT] [OPT] PID: 4796 | SurSvc.exe | Mode: NORMAL | Mask: 0xfffff
2026-06-06 19:25:11,046 [INFO] ChatTTS.Logic: [OPT] [OPT] PID: 4804 | svchost.exe | Mode: NORMAL | Mask: 0xfffff
2026-06-06 19:25:11,046 [INFO] ChatTTS.Logic: [OPT] [OPT] PID: 4904 | ipf_uf.exe | Mode: NORMAL | Mask: 0xfffff
2026-06-06 19:25:11,046 [INFO] ChatTTS.Logic: [OPT] [OPT] PID: 4916 | TeamViewer_Service.exe | Mode: NORMAL | Mask: 0xfffff
2026-06-06 19:25:11,046 [INFO] ChatTTS.Logic: [OPT] [OPT] PID: 4932 | Pearl Abyss Launcher.exe | Mode: NORMAL | Mask: 0xfffff
2026-06-06 19:25:11,047 [INFO] ChatTTS.Logic: [OPT] [OPT] PID: 5540 | pwsh.exe | Mode: NORMAL | Mask: 0xfffff
2026-06-06 19:25:11,047 [INFO] ChatTTS.Logic: [OPT] [OPT] PID: 5860 | SearchHost.exe | Mode: NORMAL | Mask: 0xfffff
2026-06-06 19:25:11,047 [INFO] ChatTTS.Logic: [OPT] [OPT] PID: 5900 | remoting_host.exe | Mode: NORMAL | Mask: 0xfffff
2026-06-06 19:25:11,047 [INFO] ChatTTS.Logic: [OPT] [OPT] PID: 6208 | audiodg.exe | Mode: NORMAL | Mask: 0xfffff
2026-06-06 19:25:11,048 [INFO] ChatTTS.Logic: [OPT] [OPT] PID: 6460 | PresentMonService.exe | Mode: NORMAL | Mask: 0xfffff
2026-06-06 19:25:11,048 [INFO] ChatTTS.Logic: [OPT] [OPT] PID: 6468 | conhost.exe | Mode: NORMAL | Mask: 0xfffff
2026-06-06 19:25:11,048 [INFO] ChatTTS.Logic: [OPT] [OPT] PID: 6668 | svchost.exe | Mode: NORMAL | Mask: 0xfffff
2026-06-06 19:25:11,048 [INFO] ChatTTS.Logic: [OPT] [OPT] PID: 6816 | WmiPrvSE.exe | Mode: NORMAL | Mask: 0xfffff
2026-06-06 19:25:11,048 [INFO] ChatTTS.Logic: [OPT] [OPT] PID: 6860 | svchost.exe | Mode: NORMAL | Mask: 0xfffff
2026-06-06 19:25:11,049 [INFO] ChatTTS.Logic: [OPT] [OPT] PID: 7336 | chrome.exe | Mode: NORMAL | Mask: 0xfffff
2026-06-06 19:25:11,049 [INFO] ChatTTS.Logic: [OPT] [OPT] PID: 7428 | wlanext.exe | Mode: NORMAL | Mask: 0xfffff
2026-06-06 19:25:11,049 [INFO] ChatTTS.Logic: [OPT] [OPT] PID: 7464 | DiscordSystemHelper.exe | Mode: NORMAL | Mask: 0xfffff
2026-06-06 19:25:11,050 [INFO] ChatTTS.Logic: [OPT] [OPT] PID: 7516 | crashpad_handler.exe | Mode: NORMAL | Mask: 0xfffff
2026-06-06 19:25:11,050 [INFO] ChatTTS.Logic: [OPT] [OPT] PID: 7540 | nvcontainer.exe | Mode: NORMAL | Mask: 0xfffff
2026-06-06 19:25:11,051 [INFO] ChatTTS.Logic: [OPT] [OPT] PID: 7872 | chrome.exe | Mode: NORMAL | Mask: 0xfffff
2026-06-06 19:25:11,051 [INFO] ChatTTS.Logic: [OPT] [OPT] PID: 8104 | EncoderServer.exe | Mode: NORMAL | Mask: 0xfffff
2026-06-06 19:25:11,051 [INFO] ChatTTS.Logic: [OPT] [OPT] PID: 8204 | nvcontainer.exe | Mode: NORMAL | Mask: 0xfffff
2026-06-06 19:25:11,051 [INFO] ChatTTS.Logic: [OPT] [OPT] PID: 8256 | conhost.exe | Mode: NORMAL | Mask: 0xfffff
2026-06-06 19:25:11,052 [INFO] ChatTTS.Logic: [OPT] [OPT] PID: 8264 | SECOCL64.exe | Mode: NORMAL | Mask: 0xfffff
2026-06-06 19:25:11,052 [INFO] ChatTTS.Logic: [OPT] [OPT] PID: 8404 | sihost.exe | Mode: NORMAL | Mask: 0xfffff
2026-06-06 19:25:11,052 [INFO] ChatTTS.Logic: [OPT] [OPT] PID: 8464 | explorer.exe | Mode: NORMAL | Mask: 0xfffff
2026-06-06 19:25:11,052 [INFO] ChatTTS.Logic: [OPT] [OPT] PID: 8512 | svchost.exe | Mode: NORMAL | Mask: 0xfffff
2026-06-06 19:25:11,052 [INFO] ChatTTS.Logic: [OPT] [OPT] PID: 8524 | svchost.exe | Mode: NORMAL | Mask: 0xfffff
2026-06-06 19:25:11,053 [INFO] ChatTTS.Logic: [OPT] [OPT] PID: 8596 | svchost.exe | Mode: NORMAL | Mask: 0xfffff
2026-06-06 19:25:11,053 [INFO] ChatTTS.Logic: [OPT] [OPT] PID: 8684 | MSIAfterburner.exe | Mode: NORMAL | Mask: 0xfffff
2026-06-06 19:25:11,054 [INFO] ChatTTS.Logic: [OPT] [OPT] PID: 8776 | svchost.exe | Mode: NORMAL | Mask: 0xfffff
2026-06-06 19:25:11,054 [INFO] ChatTTS.Logic: [OPT] [OPT] PID: 9008 | taskhostw.exe | Mode: NORMAL | Mask: 0xfffff
2026-06-06 19:25:11,055 [INFO] ChatTTS.Logic: [OPT] [OPT] PID: 9064 | StartMenuExperienceHost.exe | Mode: NORMAL | Mask: 0xfffff
2026-06-06 19:25:11,055 [INFO] ChatTTS.Logic: [OPT] [OPT] PID: 9144 | cmd.exe | Mode: NORMAL | Mask: 0xfffff
2026-06-06 19:25:11,055 [INFO] ChatTTS.Logic: [OPT] [OPT] PID: 9388 | chrome.exe | Mode: NORMAL | Mask: 0xfffff
2026-06-06 19:25:11,055 [INFO] ChatTTS.Logic: [OPT] [OPT] PID: 9436 | pwsh.exe | Mode: NORMAL | Mask: 0xfffff
2026-06-06 19:25:11,055 [INFO] ChatTTS.Logic: [OPT] [OPT] PID: 9472 | CrossDeviceResume.exe | Mode: NORMAL | Mask: 0xfffff
2026-06-06 19:25:11,056 [INFO] ChatTTS.Logic: [OPT] [OPT] PID: 9864 | RtkAudUService64.exe | Mode: NORMAL | Mask: 0xfffff
2026-06-06 19:25:11,056 [INFO] ChatTTS.Logic: [OPT] [OPT] PID: 10036 | svchost.exe | Mode: NORMAL | Mask: 0xfffff
2026-06-06 19:25:11,056 [INFO] ChatTTS.Logic: [OPT] [OPT] PID: 10300 | TabTip.exe | Mode: NORMAL | Mask: 0xfffff
2026-06-06 19:25:11,056 [INFO] ChatTTS.Logic: [OPT] [OPT] PID: 10392 | chrome.exe | Mode: NORMAL | Mask: 0xfffff
2026-06-06 19:25:11,056 [INFO] ChatTTS.Logic: [OPT] [OPT] PID: 10408 | chrome.exe | Mode: NORMAL | Mask: 0xfffff
2026-06-06 19:25:11,056 [INFO] ChatTTS.Logic: [OPT] [OPT] PID: 10424 | dllhost.exe | Mode: NORMAL | Mask: 0xfffff
2026-06-06 19:25:11,057 [INFO] ChatTTS.Logic: [OPT] [OPT] PID: 10544 | RuntimeBroker.exe | Mode: NORMAL | Mask: 0xfffff
2026-06-06 19:25:11,057 [INFO] ChatTTS.Logic: [OPT] [OPT] PID: 10552 | svchost.exe | Mode: NORMAL | Mask: 0xfffff
2026-06-06 19:25:11,057 [INFO] ChatTTS.Logic: [OPT] [OPT] PID: 10616 | node.exe | Mode: NORMAL | Mask: 0xfffff
2026-06-06 19:25:11,057 [INFO] ChatTTS.Logic: [OPT] [OPT] PID: 10780 | TDitbamStreamerSuite.exe | Mode: NORMAL | Mask: 0xfffff
2026-06-06 19:25:11,058 [INFO] ChatTTS.Logic: [OPT] [OPT] PID: 11204 | BraveCrashHandler.exe | Mode: NORMAL | Mask: 0xfffff
2026-06-06 19:25:11,058 [INFO] ChatTTS.Logic: [OPT] [OPT] PID: 11232 | BraveCrashHandler64.exe | Mode: NORMAL | Mask: 0xfffff
2026-06-06 19:25:11,058 [INFO] ChatTTS.Logic: [OPT] [OPT] PID: 11320 | chrome.exe | Mode: NORMAL | Mask: 0xfffff
2026-06-06 19:25:11,058 [INFO] ChatTTS.Logic: [OPT] [OPT] PID: 11392 | ShellHost.exe | Mode: NORMAL | Mask: 0xfffff
2026-06-06 19:25:11,059 [INFO] ChatTTS.Logic: [OPT] [OPT] PID: 11480 | conhost.exe | Mode: NORMAL | Mask: 0xfffff
2026-06-06 19:25:11,059 [INFO] ChatTTS.Logic: [OPT] [OPT] PID: 11872 | DataExchangeHost.exe | Mode: NORMAL | Mask: 0xfffff
2026-06-06 19:25:11,059 [INFO] ChatTTS.Logic: [OPT] [OPT] PID: 11904 | msedgewebview2.exe | Mode: NORMAL | Mask: 0xfffff
2026-06-06 19:25:11,059 [INFO] ChatTTS.Logic: [OPT] [OPT] PID: 12116 | svchost.exe | Mode: NORMAL | Mask: 0xfffff
2026-06-06 19:25:11,059 [INFO] ChatTTS.Logic: [OPT] [OPT] PID: 12136 | msedgewebview2.exe | Mode: NORMAL | Mask: 0xfffff
2026-06-06 19:25:11,060 [INFO] ChatTTS.Logic: [OPT] [OPT] PID: 12340 | chrome.exe | Mode: NORMAL | Mask: 0xfffff
2026-06-06 19:25:11,060 [INFO] ChatTTS.Logic: [OPT] [OPT] PID: 12536 | msedgewebview2.exe | Mode: NORMAL | Mask: 0xfffff
2026-06-06 19:25:11,060 [INFO] ChatTTS.Logic: [OPT] [OPT] PID: 12544 | msedgewebview2.exe | Mode: NORMAL | Mask: 0xfffff
2026-06-06 19:25:11,060 [INFO] ChatTTS.Logic: [OPT] [OPT] PID: 12604 | msedgewebview2.exe | Mode: NORMAL | Mask: 0xfffff
2026-06-06 19:25:11,060 [INFO] ChatTTS.Logic: [OPT] [OPT] PID: 12888 | msedgewebview2.exe | Mode: NORMAL | Mask: 0xfffff
2026-06-06 19:25:11,061 [INFO] ChatTTS.Logic: [OPT] [OPT] PID: 12948 | RTSSHooksLoader64.exe | Mode: NORMAL | Mask: 0xfffff
2026-06-06 19:25:11,061 [INFO] ChatTTS.Logic: [OPT] [OPT] PID: 13300 | Code.exe | Mode: NORMAL | Mask: 0xfffff
2026-06-06 19:25:11,061 [INFO] ChatTTS.Logic: [OPT] [OPT] PID: 13396 | ShellExperienceHost.exe | Mode: NORMAL | Mask: 0xfffff
2026-06-06 19:25:11,061 [INFO] ChatTTS.Logic: [OPT] [OPT] PID: 13724 | OpenConsole.exe | Mode: NORMAL | Mask: 0xfffff
2026-06-06 19:25:11,061 [INFO] ChatTTS.Logic: [OPT] [OPT] PID: 13792 | ctfmon.exe | Mode: NORMAL | Mask: 0xfffff
2026-06-06 19:25:11,062 [INFO] ChatTTS.Logic: [OPT] [OPT] PID: 14008 | svchost.exe | Mode: NORMAL | Mask: 0xfffff
2026-06-06 19:25:11,062 [INFO] ChatTTS.Logic: [OPT] [OPT] PID: 14112 | conhost.exe | Mode: NORMAL | Mask: 0xfffff
2026-06-06 19:25:11,062 [INFO] ChatTTS.Logic: [OPT] [OPT] PID: 14152 | chrome.exe | Mode: NORMAL | Mask: 0xfffff
2026-06-06 19:25:11,062 [INFO] ChatTTS.Logic: [OPT] [OPT] PID: 14228 | Code.exe | Mode: NORMAL | Mask: 0xfffff
2026-06-06 19:25:11,062 [INFO] ChatTTS.Logic: [OPT] [OPT] PID: 14328 | pet.exe | Mode: NORMAL | Mask: 0xfffff
2026-06-06 19:25:11,062 [INFO] ChatTTS.Logic: [OPT] [OPT] PID: 14692 | Code.exe | Mode: NORMAL | Mask: 0xfffff
2026-06-06 19:25:11,062 [INFO] ChatTTS.Logic: [OPT] [OPT] PID: 14772 | pwsh.exe | Mode: NORMAL | Mask: 0xfffff
2026-06-06 19:25:11,063 [INFO] ChatTTS.Logic: [OPT] [OPT] PID: 14776 | conhost.exe | Mode: NORMAL | Mask: 0xfffff
2026-06-06 19:25:11,063 [INFO] ChatTTS.Logic: [OPT] [OPT] PID: 14992 | TextInputHost.exe | Mode: NORMAL | Mask: 0xfffff
2026-06-06 19:25:11,063 [INFO] ChatTTS.Logic: [OPT] [OPT] PID: 15076 | CodeSetup-stable-6a44c352bd24569c417e530095901b649960f9f8.exe | Mode: NORMAL | Mask: 0xfffff
2026-06-06 19:25:11,063 [INFO] ChatTTS.Logic: [OPT] [OPT] PID: 15420 | DiscordSystemHelper.exe | Mode: NORMAL | Mask: 0xfffff
2026-06-06 19:25:11,064 [INFO] ChatTTS.Logic: [OPT] [OPT] PID: 15504 | Code.exe | Mode: NORMAL | Mask: 0xfffff
2026-06-06 19:25:11,064 [INFO] ChatTTS.Logic: [OPT] [OPT] PID: 15764 | OpenConsole.exe | Mode: NORMAL | Mask: 0xfffff
2026-06-06 19:25:11,064 [INFO] ChatTTS.Logic: [OPT] [OPT] PID: 15820 | chrome.exe | Mode: NORMAL | Mask: 0xfffff
2026-06-06 19:25:11,064 [INFO] ChatTTS.Logic: [OPT] [OPT] PID: 15848 | RtkAudUService64.exe | Mode: NORMAL | Mask: 0xfffff
2026-06-06 19:25:11,064 [INFO] ChatTTS.Logic: [OPT] [OPT] PID: 15980 | vgtray.exe | Mode: NORMAL | Mask: 0xfffff
2026-06-06 19:25:11,065 [INFO] ChatTTS.Logic: [OPT] [OPT] PID: 16084 | Discord.exe | Mode: NORMAL | Mask: 0xfffff
2026-06-06 19:25:11,065 [INFO] ChatTTS.Logic: [OPT] [OPT] PID: 16188 | svchost.exe | Mode: NORMAL | Mask: 0xfffff
2026-06-06 19:25:11,065 [INFO] ChatTTS.Logic: [OPT] [OPT] PID: 16196 | Discord.exe | Mode: NORMAL | Mask: 0xfffff
2026-06-06 19:25:11,065 [INFO] ChatTTS.Logic: [OPT] [OPT] PID: 16312 | Discord.exe | Mode: NORMAL | Mask: 0xfffff
2026-06-06 19:25:11,065 [INFO] ChatTTS.Logic: [OPT] [OPT] PID: 16340 | Discord.exe | Mode: NORMAL | Mask: 0xfffff
2026-06-06 19:25:11,066 [INFO] ChatTTS.Logic: [OPT] [OPT] PID: 16440 | chrome.exe | Mode: NORMAL | Mask: 0xfffff
2026-06-06 19:25:11,066 [INFO] ChatTTS.Logic: [OPT] [OPT] PID: 16560 | dllhost.exe | Mode: NORMAL | Mask: 0xfffff
2026-06-06 19:25:11,066 [INFO] ChatTTS.Logic: [OPT] [OPT] PID: 17112 | Discord.exe | Mode: NORMAL | Mask: 0xfffff
2026-06-06 19:25:11,066 [INFO] ChatTTS.Logic: [OPT] [OPT] PID: 17724 | SearchIndexer.exe | Mode: NORMAL | Mask: 0xfffff
2026-06-06 19:25:11,066 [INFO] ChatTTS.Logic: [OPT] [OPT] PID: 17756 | Discord.exe | Mode: NORMAL | Mask: 0xfffff
2026-06-06 19:25:11,068 [INFO] ChatTTS.Logic: [OPT] [OPT] PID: 18048 | svchost.exe | Mode: NORMAL | Mask: 0xfffff
2026-06-06 19:25:11,068 [INFO] ChatTTS.Logic: [OPT] [OPT] PID: 18060 | svchost.exe | Mode: NORMAL | Mask: 0xfffff
2026-06-06 19:25:11,068 [INFO] ChatTTS.Logic: [OPT] [OPT] PID: 18084 | Code.exe | Mode: NORMAL | Mask: 0xfffff
2026-06-06 19:25:11,068 [INFO] ChatTTS.Logic: [OPT] [OPT] PID: 18492 | Pearl Abyss Launcher.exe | Mode: NORMAL | Mask: 0xfffff
2026-06-06 19:25:11,068 [INFO] ChatTTS.Logic: [OPT] [OPT] PID: 18764 | Notepad.exe | Mode: NORMAL | Mask: 0xfffff
2026-06-06 19:25:11,068 [INFO] ChatTTS.Logic: [OPT] [OPT] PID: 18956 | Pearl Abyss Launcher.exe | Mode: NORMAL | Mask: 0xfffff
2026-06-06 19:25:11,069 [INFO] ChatTTS.Logic: [OPT] [OPT] PID: 18988 | Pearl Abyss Launcher.exe | Mode: NORMAL | Mask: 0xfffff
2026-06-06 19:25:11,069 [INFO] ChatTTS.Logic: [OPT] [OPT] PID: 19116 | Pearl Abyss Launcher.exe | Mode: NORMAL | Mask: 0xfffff
2026-06-06 19:25:11,069 [INFO] ChatTTS.Logic: [OPT] [OPT] PID: 19180 | Pearl Abyss Launcher.exe | Mode: NORMAL | Mask: 0xfffff
2026-06-06 19:25:11,069 [INFO] ChatTTS.Logic: [OPT] [OPT] PID: 19596 | python3.12.exe | Mode: NORMAL | Mask: 0xfffff
2026-06-06 19:25:11,069 [INFO] ChatTTS.Logic: [OPT] [OPT] PID: 19648 | TDitbamStreamerSuite.exe | Mode: NORMAL | Mask: 0xfffff
2026-06-06 19:25:11,069 [INFO] ChatTTS.Logic: [OPT] [OPT] PID: 19800 | chrome.exe | Mode: NORMAL | Mask: 0xfffff
2026-06-06 19:25:11,069 [INFO] ChatTTS.Logic: [OPT] [OPT] PID: 19940 | Pearl Abyss Launcher.exe | Mode: NORMAL | Mask: 0xfffff
2026-06-06 19:25:11,070 [INFO] ChatTTS.Logic: [OPT] [OPT] PID: 20240 | Pearl Abyss Launcher.exe | Mode: NORMAL | Mask: 0xfffff
2026-06-06 19:25:11,070 [INFO] ChatTTS.Logic: [OPT] [OPT] PID: 20244 | Code.exe | Mode: NORMAL | Mask: 0xfffff
2026-06-06 19:25:11,070 [INFO] ChatTTS.Logic: [OPT] [OPT] PID: 20392 | conhost.exe | Mode: NORMAL | Mask: 0xfffff
2026-06-06 19:25:11,070 [INFO] ChatTTS.Logic: [OPT] [OPT] PID: 20528 | node.exe | Mode: NORMAL | Mask: 0xfffff
2026-06-06 19:25:11,070 [INFO] ChatTTS.Logic: [OPT] [OPT] PID: 20752 | chrome.exe | Mode: NORMAL | Mask: 0xfffff
2026-06-06 19:25:11,070 [INFO] ChatTTS.Logic: [OPT] [OPT] PID: 20756 | chrome.exe | Mode: NORMAL | Mask: 0xfffff
2026-06-06 19:25:11,071 [INFO] ChatTTS.Logic: [OPT] [OPT] PID: 20856 | XboxPcAppFT.exe | Mode: NORMAL | Mask: 0xfffff
2026-06-06 19:25:11,071 [INFO] ChatTTS.Logic: [OPT] [OPT] PID: 21052 | chrome.exe | Mode: NORMAL | Mask: 0xfffff
2026-06-06 19:25:11,071 [INFO] ChatTTS.Logic: [OPT] [OPT] PID: 21524 | svchost.exe | Mode: NORMAL | Mask: 0xfffff
2026-06-06 19:25:11,071 [INFO] ChatTTS.Logic: [OPT] [OPT] PID: 22180 | svchost.exe | Mode: NORMAL | Mask: 0xfffff
2026-06-06 19:25:11,071 [INFO] ChatTTS.Logic: [OPT] [OPT] PID: 22852 | chrome.exe | Mode: NORMAL | Mask: 0xfffff
2026-06-06 19:25:11,071 [INFO] ChatTTS.Logic: [OPT] [OPT] PID: 23076 | Code.exe | Mode: NORMAL | Mask: 0xfffff
2026-06-06 19:25:11,072 [INFO] ChatTTS.Logic: [OPT] [OPT] PID: 23136 | OpenConsole.exe | Mode: NORMAL | Mask: 0xfffff
2026-06-06 19:25:11,072 [INFO] ChatTTS.Logic: [OPT] [OPT] PID: 23168 | chrome.exe | Mode: NORMAL | Mask: 0xfffff
2026-06-06 19:25:11,234 [INFO] ChatTTS.Logic: Stopping Optimizer Service...
2026-06-06 19:25:14,340 [INFO] ChatTTS.Logic: Chat-TTS Settings Saved Successfully
2026-06-06 19:25:14,341 [INFO] ChatTTS.Engine: Starting Engine Session 1...
2026-06-06 19:25:14,341 [INFO] ChatTTS.Engine: Config: Voice=th-TH-PremwadeeNeural, AutoTranslate=False, Profanity=False
2026-06-06 19:25:14,341 [INFO] ChatTTS.Engine: Queues cleared.
2026-06-06 19:25:14,341 [INFO] ChatTTS.Engine: Cleaning up old files...
2026-06-06 19:25:14,342 [INFO] ChatTTS.Engine: Player started (Session: 1)
2026-06-06 19:25:14,342 [INFO] ChatTTS.Engine: Engine session 1 started with 0 collectors
2026-06-06 19:25:14,343 [INFO] ChatTTS.Engine: Generator started (Session: 1, Voice: th-TH-PremwadeeNeural)
2026-06-06 19:25:14,570 [INFO] ChatTTS.Engine: Engine stop signal sent.
2026-06-06 19:25:14,744 [INFO] ChatTTS.Engine: Player stopped (Session: 1)
2026-06-06 19:25:14,745 [INFO] ChatTTS.Engine: Generator stopped (Session: 1)
2026-06-06 19:25:17,538 [INFO] ChatTTS.Logic: Chat-TTS Settings Saved Successfully
2026-06-06 19:25:17,835 [INFO] ChatTTS.Logic: Chat-TTS Settings Saved Successfully
2026-06-06 19:26:06,250 [INFO] ChatTTS.Logic: Starting Optimizer Service...
2026-06-06 19:26:06,254 [INFO] ChatTTS.Logic: [OPT] [OPT] PID: 8 | svchost.exe | Mode: NORMAL | Mask: 0xfffff
2026-06-06 19:26:06,255 [INFO] ChatTTS.Logic: [OPT] [OPT] PID: 1184 | svchost.exe | Mode: NORMAL | Mask: 0xfffff
2026-06-06 19:26:06,255 [INFO] ChatTTS.Logic: [OPT] [OPT] PID: 1356 | esrv.exe | Mode: NORMAL | Mask: 0xfffff
2026-06-06 19:26:06,255 [INFO] ChatTTS.Logic: [OPT] [OPT] PID: 1416 | winlogon.exe | Mode: NORMAL | Mask: 0xfffff
2026-06-06 19:26:06,256 [INFO] ChatTTS.Logic: [OPT] [OPT] PID: 1472 | LsaIso.exe | Mode: NORMAL | Mask: 0xfffff
2026-06-06 19:26:06,256 [INFO] ChatTTS.Logic: [OPT] [OPT] PID: 1632 | svchost.exe | Mode: NORMAL | Mask: 0xfffff
2026-06-06 19:26:06,257 [INFO] ChatTTS.Logic: [OPT] [OPT] PID: 1660 | fontdrvhost.exe | Mode: NORMAL | Mask: 0xfffff
2026-06-06 19:26:06,257 [INFO] ChatTTS.Logic: [OPT] [OPT] PID: 1668 | fontdrvhost.exe | Mode: NORMAL | Mask: 0xfffff
2026-06-06 19:26:06,257 [INFO] ChatTTS.Logic: [OPT] [OPT] PID: 1704 | WUDFHost.exe | Mode: NORMAL | Mask: 0xfffff
2026-06-06 19:26:06,258 [INFO] ChatTTS.Logic: [OPT] [OPT] PID: 1800 | svchost.exe | Mode: NORMAL | Mask: 0xfffff
2026-06-06 19:26:06,258 [INFO] ChatTTS.Logic: [OPT] [OPT] PID: 1860 | WUDFHost.exe | Mode: NORMAL | Mask: 0xfffff
2026-06-06 19:26:06,258 [INFO] ChatTTS.Logic: [OPT] [OPT] PID: 1944 | dwm.exe | Mode: NORMAL | Mask: 0xfffff
2026-06-06 19:26:06,258 [INFO] ChatTTS.Logic: [OPT] [OPT] PID: 1992 | svchost.exe | Mode: NORMAL | Mask: 0xfffff
2026-06-06 19:26:06,259 [INFO] ChatTTS.Logic: [OPT] [OPT] PID: 2016 | WmiPrvSE.exe | Mode: NORMAL | Mask: 0xfffff
2026-06-06 19:26:06,259 [INFO] ChatTTS.Logic: [OPT] [OPT] PID: 2024 | svchost.exe | Mode: NORMAL | Mask: 0xfffff
2026-06-06 19:26:06,259 [INFO] ChatTTS.Logic: [OPT] [OPT] PID: 2032 | svchost.exe | Mode: NORMAL | Mask: 0xfffff
2026-06-06 19:26:06,259 [INFO] ChatTTS.Logic: [OPT] [OPT] PID: 2040 | svchost.exe | Mode: NORMAL | Mask: 0xfffff
2026-06-06 19:26:06,259 [INFO] ChatTTS.Logic: [OPT] [OPT] PID: 2052 | Code.exe | Mode: NORMAL | Mask: 0xfffff
2026-06-06 19:26:06,260 [INFO] ChatTTS.Logic: [OPT] [OPT] PID: 2136 | svchost.exe | Mode: NORMAL | Mask: 0xfffff
2026-06-06 19:26:06,260 [INFO] ChatTTS.Logic: [OPT] [OPT] PID: 2240 | RTSS.exe | Mode: NORMAL | Mask: 0xfffff
2026-06-06 19:26:06,260 [INFO] ChatTTS.Logic: [OPT] [OPT] PID: 2248 | Code.exe | Mode: NORMAL | Mask: 0xfffff
2026-06-06 19:26:06,261 [INFO] ChatTTS.Logic: [OPT] [OPT] PID: 2360 | svchost.exe | Mode: NORMAL | Mask: 0xfffff
2026-06-06 19:26:06,261 [INFO] ChatTTS.Logic: [OPT] [OPT] PID: 2428 | svchost.exe | Mode: NORMAL | Mask: 0xfffff
2026-06-06 19:26:06,261 [INFO] ChatTTS.Logic: [OPT] [OPT] PID: 2452 | svchost.exe | Mode: NORMAL | Mask: 0xfffff
2026-06-06 19:26:06,261 [INFO] ChatTTS.Logic: [OPT] [OPT] PID: 2504 | svchost.exe | Mode: NORMAL | Mask: 0xfffff
2026-06-06 19:26:06,261 [INFO] ChatTTS.Logic: [OPT] [OPT] PID: 2576 | svchost.exe | Mode: NORMAL | Mask: 0xfffff
2026-06-06 19:26:06,262 [INFO] ChatTTS.Logic: [OPT] [OPT] PID: 2628 | svchost.exe | Mode: NORMAL | Mask: 0xfffff
2026-06-06 19:26:06,262 [INFO] ChatTTS.Logic: [OPT] [OPT] PID: 2868 | svchost.exe | Mode: NORMAL | Mask: 0xfffff
2026-06-06 19:26:06,262 [INFO] ChatTTS.Logic: [OPT] [OPT] PID: 3124 | CodeSetup-stable-6a44c352bd24569c417e530095901b649960f9f8.tmp | Mode: NORMAL | Mask: 0xfffff
2026-06-06 19:26:06,262 [INFO] ChatTTS.Logic: [OPT] [OPT] PID: 3196 | NVDisplay.Container.exe | Mode: NORMAL | Mask: 0xfffff
2026-06-06 19:26:06,262 [INFO] ChatTTS.Logic: [OPT] [OPT] PID: 3208 | pwsh.exe | Mode: NORMAL | Mask: 0xfffff
2026-06-06 19:26:06,263 [INFO] ChatTTS.Logic: [OPT] [OPT] PID: 3316 | Code.exe | Mode: NORMAL | Mask: 0xfffff
2026-06-06 19:26:06,263 [INFO] ChatTTS.Logic: [OPT] [OPT] PID: 3404 | svchost.exe | Mode: NORMAL | Mask: 0xfffff
2026-06-06 19:26:06,263 [INFO] ChatTTS.Logic: [OPT] [OPT] PID: 3468 | chrome.exe | Mode: NORMAL | Mask: 0xfffff
2026-06-06 19:26:06,263 [INFO] ChatTTS.Logic: [OPT] [OPT] PID: 3472 | AppHelperCap.exe | Mode: NORMAL | Mask: 0xfffff
2026-06-06 19:26:06,263 [INFO] ChatTTS.Logic: [OPT] [OPT] PID: 3488 | TouchpointAnalyticsClientService.exe | Mode: NORMAL | Mask: 0xfffff
2026-06-06 19:26:06,264 [INFO] ChatTTS.Logic: [OPT] [OPT] PID: 3500 | NetworkCap.exe | Mode: NORMAL | Mask: 0xfffff
2026-06-06 19:26:06,264 [INFO] ChatTTS.Logic: [OPT] [OPT] PID: 3508 | DiagsCap.exe | Mode: NORMAL | Mask: 0xfffff
2026-06-06 19:26:06,264 [INFO] ChatTTS.Logic: [OPT] [OPT] PID: 3536 | esrv_svc.exe | Mode: NORMAL | Mask: 0xfffff
2026-06-06 19:26:06,264 [INFO] ChatTTS.Logic: [OPT] [OPT] PID: 3580 | svchost.exe | Mode: NORMAL | Mask: 0xfffff
2026-06-06 19:26:06,264 [INFO] ChatTTS.Logic: [OPT] [OPT] PID: 3596 | svchost.exe | Mode: NORMAL | Mask: 0xfffff
2026-06-06 19:26:06,265 [INFO] ChatTTS.Logic: [OPT] [OPT] PID: 3612 | svchost.exe | Mode: NORMAL | Mask: 0xfffff
2026-06-06 19:26:06,265 [INFO] ChatTTS.Logic: [OPT] [OPT] PID: 3668 | svchost.exe | Mode: NORMAL | Mask: 0xfffff
2026-06-06 19:26:06,265 [INFO] ChatTTS.Logic: [OPT] [OPT] PID: 3760 | NVDisplay.Container.exe | Mode: NORMAL | Mask: 0xfffff
2026-06-06 19:26:06,265 [INFO] ChatTTS.Logic: [OPT] [OPT] PID: 3904 | chrome.exe | Mode: NORMAL | Mask: 0xfffff
2026-06-06 19:26:06,265 [INFO] ChatTTS.Logic: [OPT] [OPT] PID: 3956 | RuntimeBroker.exe | Mode: NORMAL | Mask: 0xfffff
2026-06-06 19:26:06,266 [INFO] ChatTTS.Logic: [OPT] [OPT] PID: 3996 | chrome.exe | Mode: NORMAL | Mask: 0xfffff
2026-06-06 19:26:06,266 [INFO] ChatTTS.Logic: [OPT] [OPT] PID: 4164 | ApplicationFrameHost.exe | Mode: NORMAL | Mask: 0xfffff
2026-06-06 19:26:06,266 [INFO] ChatTTS.Logic: [OPT] [OPT] PID: 4220 | spoolsv.exe | Mode: NORMAL | Mask: 0xfffff
2026-06-06 19:26:06,266 [INFO] ChatTTS.Logic: [OPT] [OPT] PID: 4252 | svchost.exe | Mode: NORMAL | Mask: 0xfffff
2026-06-06 19:26:06,266 [INFO] ChatTTS.Logic: [OPT] [OPT] PID: 4356 | svchost.exe | Mode: NORMAL | Mask: 0xfffff
2026-06-06 19:26:06,267 [INFO] ChatTTS.Logic: [OPT] [OPT] PID: 4416 | chrome.exe | Mode: NORMAL | Mask: 0xfffff
2026-06-06 19:26:06,267 [INFO] ChatTTS.Logic: [OPT] [OPT] PID: 4432 | ipf_helper.exe | Mode: NORMAL | Mask: 0xfffff
2026-06-06 19:26:06,267 [INFO] ChatTTS.Logic: [OPT] [OPT] PID: 4524 | AnyDesk.exe | Mode: NORMAL | Mask: 0xfffff
2026-06-06 19:26:06,267 [INFO] ChatTTS.Logic: [OPT] [OPT] PID: 4552 | ETDCtrl.exe | Mode: NORMAL | Mask: 0xfffff
2026-06-06 19:26:06,267 [INFO] ChatTTS.Logic: [OPT] [OPT] PID: 4568 | chrome.exe | Mode: NORMAL | Mask: 0xfffff
2026-06-06 19:26:06,268 [INFO] ChatTTS.Logic: [OPT] [OPT] PID: 4584 | ETDService.exe | Mode: NORMAL | Mask: 0xfffff
2026-06-06 19:26:06,268 [INFO] ChatTTS.Logic: [OPT] [OPT] PID: 4608 | remoting_host.exe | Mode: NORMAL | Mask: 0xfffff
2026-06-06 19:26:06,268 [INFO] ChatTTS.Logic: [OPT] [OPT] PID: 4624 | IntelAudioService.exe | Mode: NORMAL | Mask: 0xfffff
2026-06-06 19:26:06,268 [INFO] ChatTTS.Logic: [OPT] [OPT] PID: 4632 | IntelGraphicsSoftware.Service.exe | Mode: NORMAL | Mask: 0xfffff
2026-06-06 19:26:06,268 [INFO] ChatTTS.Logic: [OPT] [OPT] PID: 4648 | jhi_service.exe | Mode: NORMAL | Mask: 0xfffff
2026-06-06 19:26:06,269 [INFO] ChatTTS.Logic: [OPT] [OPT] PID: 4708 | vmnat.exe | Mode: NORMAL | Mask: 0xfffff
2026-06-06 19:26:06,269 [INFO] ChatTTS.Logic: [OPT] [OPT] PID: 4716 | XtuService.exe | Mode: NORMAL | Mask: 0xfffff
2026-06-06 19:26:06,269 [INFO] ChatTTS.Logic: [OPT] [OPT] PID: 4724 | WMIRegistrationService.exe | Mode: NORMAL | Mask: 0xfffff
2026-06-06 19:26:06,269 [INFO] ChatTTS.Logic: [OPT] [OPT] PID: 4732 | vmnetdhcp.exe | Mode: NORMAL | Mask: 0xfffff
2026-06-06 19:26:06,269 [INFO] ChatTTS.Logic: [OPT] [OPT] PID: 4740 | vmware-usbarbitrator64.exe | Mode: NORMAL | Mask: 0xfffff
2026-06-06 19:26:06,270 [INFO] ChatTTS.Logic: [OPT] [OPT] PID: 4752 | vmware-authd.exe | Mode: NORMAL | Mask: 0xfffff
2026-06-06 19:26:06,270 [INFO] ChatTTS.Logic: [OPT] [OPT] PID: 4772 | SECOMN64.exe | Mode: NORMAL | Mask: 0xfffff
2026-06-06 19:26:06,270 [INFO] ChatTTS.Logic: [OPT] [OPT] PID: 4780 | RtkAudUService64.exe | Mode: NORMAL | Mask: 0xfffff
2026-06-06 19:26:06,270 [INFO] ChatTTS.Logic: [OPT] [OPT] PID: 4788 | nvcontainer.exe | Mode: NORMAL | Mask: 0xfffff
2026-06-06 19:26:06,270 [INFO] ChatTTS.Logic: [OPT] [OPT] PID: 4796 | SurSvc.exe | Mode: NORMAL | Mask: 0xfffff
2026-06-06 19:26:06,270 [INFO] ChatTTS.Logic: [OPT] [OPT] PID: 4804 | svchost.exe | Mode: NORMAL | Mask: 0xfffff
2026-06-06 19:26:06,271 [INFO] ChatTTS.Logic: [OPT] [OPT] PID: 4904 | ipf_uf.exe | Mode: NORMAL | Mask: 0xfffff
2026-06-06 19:26:06,271 [INFO] ChatTTS.Logic: [OPT] [OPT] PID: 4916 | TeamViewer_Service.exe | Mode: NORMAL | Mask: 0xfffff
2026-06-06 19:26:06,271 [INFO] ChatTTS.Logic: [OPT] [OPT] PID: 4932 | Pearl Abyss Launcher.exe | Mode: NORMAL | Mask: 0xfffff
2026-06-06 19:26:06,272 [INFO] ChatTTS.Logic: [OPT] [OPT] PID: 5540 | pwsh.exe | Mode: NORMAL | Mask: 0xfffff
2026-06-06 19:26:06,272 [INFO] ChatTTS.Logic: [OPT] [OPT] PID: 5860 | SearchHost.exe | Mode: NORMAL | Mask: 0xfffff
2026-06-06 19:26:06,272 [INFO] ChatTTS.Logic: [OPT] [OPT] PID: 5900 | remoting_host.exe | Mode: NORMAL | Mask: 0xfffff
2026-06-06 19:26:06,272 [INFO] ChatTTS.Logic: [OPT] [OPT] PID: 6208 | audiodg.exe | Mode: NORMAL | Mask: 0xfffff
2026-06-06 19:26:06,273 [INFO] ChatTTS.Logic: [OPT] [OPT] PID: 6460 | PresentMonService.exe | Mode: NORMAL | Mask: 0xfffff
2026-06-06 19:26:06,273 [INFO] ChatTTS.Logic: [OPT] [OPT] PID: 6468 | conhost.exe | Mode: NORMAL | Mask: 0xfffff
2026-06-06 19:26:06,273 [INFO] ChatTTS.Logic: [OPT] [OPT] PID: 6668 | svchost.exe | Mode: NORMAL | Mask: 0xfffff
2026-06-06 19:26:06,273 [INFO] ChatTTS.Logic: [OPT] [OPT] PID: 6816 | WmiPrvSE.exe | Mode: NORMAL | Mask: 0xfffff
2026-06-06 19:26:06,273 [INFO] ChatTTS.Logic: [OPT] [OPT] PID: 6860 | svchost.exe | Mode: NORMAL | Mask: 0xfffff
2026-06-06 19:26:06,273 [INFO] ChatTTS.Logic: [OPT] [OPT] PID: 7336 | chrome.exe | Mode: NORMAL | Mask: 0xfffff
2026-06-06 19:26:06,274 [INFO] ChatTTS.Logic: [OPT] [OPT] PID: 7428 | wlanext.exe | Mode: NORMAL | Mask: 0xfffff
2026-06-06 19:26:06,274 [INFO] ChatTTS.Logic: [OPT] [OPT] PID: 7464 | DiscordSystemHelper.exe | Mode: NORMAL | Mask: 0xfffff
2026-06-06 19:26:06,274 [INFO] ChatTTS.Logic: [OPT] [OPT] PID: 7516 | crashpad_handler.exe | Mode: NORMAL | Mask: 0xfffff
2026-06-06 19:26:06,274 [INFO] ChatTTS.Logic: [OPT] [OPT] PID: 7540 | nvcontainer.exe | Mode: NORMAL | Mask: 0xfffff
2026-06-06 19:26:06,274 [INFO] ChatTTS.Logic: [OPT] [OPT] PID: 7872 | chrome.exe | Mode: NORMAL | Mask: 0xfffff
2026-06-06 19:26:06,275 [INFO] ChatTTS.Logic: [OPT] [OPT] PID: 8104 | EncoderServer.exe | Mode: NORMAL | Mask: 0xfffff
2026-06-06 19:26:06,275 [INFO] ChatTTS.Logic: [OPT] [OPT] PID: 8204 | nvcontainer.exe | Mode: NORMAL | Mask: 0xfffff
2026-06-06 19:26:06,275 [INFO] ChatTTS.Logic: [OPT] [OPT] PID: 8256 | conhost.exe | Mode: NORMAL | Mask: 0xfffff
2026-06-06 19:26:06,275 [INFO] ChatTTS.Logic: [OPT] [OPT] PID: 8264 | SECOCL64.exe | Mode: NORMAL | Mask: 0xfffff
2026-06-06 19:26:06,275 [INFO] ChatTTS.Logic: [OPT] [OPT] PID: 8404 | sihost.exe | Mode: NORMAL | Mask: 0xfffff
2026-06-06 19:26:06,276 [INFO] ChatTTS.Logic: [OPT] [OPT] PID: 8464 | explorer.exe | Mode: NORMAL | Mask: 0xfffff
2026-06-06 19:26:06,276 [INFO] ChatTTS.Logic: [OPT] [OPT] PID: 8512 | svchost.exe | Mode: NORMAL | Mask: 0xfffff
2026-06-06 19:26:06,276 [INFO] ChatTTS.Logic: [OPT] [OPT] PID: 8524 | svchost.exe | Mode: NORMAL | Mask: 0xfffff
2026-06-06 19:26:06,276 [INFO] ChatTTS.Logic: [OPT] [OPT] PID: 8596 | svchost.exe | Mode: NORMAL | Mask: 0xfffff
2026-06-06 19:26:06,276 [INFO] ChatTTS.Logic: [OPT] [OPT] PID: 8684 | MSIAfterburner.exe | Mode: NORMAL | Mask: 0xfffff
2026-06-06 19:26:06,276 [INFO] ChatTTS.Logic: [OPT] [OPT] PID: 8776 | svchost.exe | Mode: NORMAL | Mask: 0xfffff
2026-06-06 19:26:06,278 [INFO] ChatTTS.Logic: [OPT] [OPT] PID: 9008 | taskhostw.exe | Mode: NORMAL | Mask: 0xfffff
2026-06-06 19:26:06,278 [INFO] ChatTTS.Logic: [OPT] [OPT] PID: 9064 | StartMenuExperienceHost.exe | Mode: NORMAL | Mask: 0xfffff
2026-06-06 19:26:06,278 [INFO] ChatTTS.Logic: [OPT] [OPT] PID: 9144 | cmd.exe | Mode: NORMAL | Mask: 0xfffff
2026-06-06 19:26:06,278 [INFO] ChatTTS.Logic: [OPT] [OPT] PID: 9388 | chrome.exe | Mode: NORMAL | Mask: 0xfffff
2026-06-06 19:26:06,279 [INFO] ChatTTS.Logic: [OPT] [OPT] PID: 9436 | pwsh.exe | Mode: NORMAL | Mask: 0xfffff
2026-06-06 19:26:06,279 [INFO] ChatTTS.Logic: [OPT] [OPT] PID: 9472 | CrossDeviceResume.exe | Mode: NORMAL | Mask: 0xfffff
2026-06-06 19:26:06,279 [INFO] ChatTTS.Logic: [OPT] [OPT] PID: 9864 | RtkAudUService64.exe | Mode: NORMAL | Mask: 0xfffff
2026-06-06 19:26:06,279 [INFO] ChatTTS.Logic: [OPT] [OPT] PID: 10036 | svchost.exe | Mode: NORMAL | Mask: 0xfffff
2026-06-06 19:26:06,279 [INFO] ChatTTS.Logic: [OPT] [OPT] PID: 10300 | TabTip.exe | Mode: NORMAL | Mask: 0xfffff
2026-06-06 19:26:06,280 [INFO] ChatTTS.Logic: [OPT] [OPT] PID: 10392 | chrome.exe | Mode: NORMAL | Mask: 0xfffff
2026-06-06 19:26:06,280 [INFO] ChatTTS.Logic: [OPT] [OPT] PID: 10408 | chrome.exe | Mode: NORMAL | Mask: 0xfffff
2026-06-06 19:26:06,280 [INFO] ChatTTS.Logic: [OPT] [OPT] PID: 10424 | dllhost.exe | Mode: NORMAL | Mask: 0xfffff
2026-06-06 19:26:06,280 [INFO] ChatTTS.Logic: [OPT] [OPT] PID: 10544 | RuntimeBroker.exe | Mode: NORMAL | Mask: 0xfffff
2026-06-06 19:26:06,280 [INFO] ChatTTS.Logic: [OPT] [OPT] PID: 10552 | svchost.exe | Mode: NORMAL | Mask: 0xfffff
2026-06-06 19:26:06,280 [INFO] ChatTTS.Logic: [OPT] [OPT] PID: 10616 | node.exe | Mode: NORMAL | Mask: 0xfffff
2026-06-06 19:26:06,281 [INFO] ChatTTS.Logic: [OPT] [OPT] PID: 10780 | TDitbamStreamerSuite.exe | Mode: NORMAL | Mask: 0xfffff
2026-06-06 19:26:06,281 [INFO] ChatTTS.Logic: [OPT] [OPT] PID: 11204 | BraveCrashHandler.exe | Mode: NORMAL | Mask: 0xfffff
2026-06-06 19:26:06,281 [INFO] ChatTTS.Logic: [OPT] [OPT] PID: 11232 | BraveCrashHandler64.exe | Mode: NORMAL | Mask: 0xfffff
2026-06-06 19:26:06,281 [INFO] ChatTTS.Logic: [OPT] [OPT] PID: 11320 | chrome.exe | Mode: NORMAL | Mask: 0xfffff
2026-06-06 19:26:06,281 [INFO] ChatTTS.Logic: [OPT] [OPT] PID: 11392 | ShellHost.exe | Mode: NORMAL | Mask: 0xfffff
2026-06-06 19:26:06,282 [INFO] ChatTTS.Logic: [OPT] [OPT] PID: 11480 | conhost.exe | Mode: NORMAL | Mask: 0xfffff
2026-06-06 19:26:06,282 [INFO] ChatTTS.Logic: [OPT] [OPT] PID: 11872 | DataExchangeHost.exe | Mode: NORMAL | Mask: 0xfffff
2026-06-06 19:26:06,282 [INFO] ChatTTS.Logic: [OPT] [OPT] PID: 11904 | msedgewebview2.exe | Mode: NORMAL | Mask: 0xfffff
2026-06-06 19:26:06,282 [INFO] ChatTTS.Logic: [OPT] [OPT] PID: 12116 | svchost.exe | Mode: NORMAL | Mask: 0xfffff
2026-06-06 19:26:06,283 [INFO] ChatTTS.Logic: [OPT] [OPT] PID: 12136 | msedgewebview2.exe | Mode: NORMAL | Mask: 0xfffff
2026-06-06 19:26:06,283 [INFO] ChatTTS.Logic: [OPT] [OPT] PID: 12340 | chrome.exe | Mode: NORMAL | Mask: 0xfffff
2026-06-06 19:26:06,283 [INFO] ChatTTS.Logic: [OPT] [OPT] PID: 12536 | msedgewebview2.exe | Mode: NORMAL | Mask: 0xfffff
2026-06-06 19:26:06,283 [INFO] ChatTTS.Logic: [OPT] [OPT] PID: 12544 | msedgewebview2.exe | Mode: NORMAL | Mask: 0xfffff
2026-06-06 19:26:06,284 [INFO] ChatTTS.Logic: [OPT] [OPT] PID: 12604 | msedgewebview2.exe | Mode: NORMAL | Mask: 0xfffff
2026-06-06 19:26:06,284 [INFO] ChatTTS.Logic: [OPT] [OPT] PID: 12888 | msedgewebview2.exe | Mode: NORMAL | Mask: 0xfffff
2026-06-06 19:26:06,284 [INFO] ChatTTS.Logic: [OPT] [OPT] PID: 12948 | RTSSHooksLoader64.exe | Mode: NORMAL | Mask: 0xfffff
2026-06-06 19:26:06,284 [INFO] ChatTTS.Logic: [OPT] [OPT] PID: 13300 | Code.exe | Mode: NORMAL | Mask: 0xfffff
2026-06-06 19:26:06,285 [INFO] ChatTTS.Logic: [OPT] [OPT] PID: 13396 | ShellExperienceHost.exe | Mode: NORMAL | Mask: 0xfffff
2026-06-06 19:26:06,285 [INFO] ChatTTS.Logic: [OPT] [OPT] PID: 13724 | OpenConsole.exe | Mode: NORMAL | Mask: 0xfffff
2026-06-06 19:26:06,285 [INFO] ChatTTS.Logic: [OPT] [OPT] PID: 13792 | ctfmon.exe | Mode: NORMAL | Mask: 0xfffff
2026-06-06 19:26:06,285 [INFO] ChatTTS.Logic: [OPT] [OPT] PID: 14008 | svchost.exe | Mode: NORMAL | Mask: 0xfffff
2026-06-06 19:26:06,285 [INFO] ChatTTS.Logic: [OPT] [OPT] PID: 14112 | conhost.exe | Mode: NORMAL | Mask: 0xfffff
2026-06-06 19:26:06,286 [INFO] ChatTTS.Logic: [OPT] [OPT] PID: 14152 | chrome.exe | Mode: NORMAL | Mask: 0xfffff
2026-06-06 19:26:06,286 [INFO] ChatTTS.Logic: [OPT] [OPT] PID: 14228 | Code.exe | Mode: NORMAL | Mask: 0xfffff
2026-06-06 19:26:06,286 [INFO] ChatTTS.Logic: [OPT] [OPT] PID: 14328 | pet.exe | Mode: NORMAL | Mask: 0xfffff
2026-06-06 19:26:06,287 [INFO] ChatTTS.Logic: [OPT] [OPT] PID: 14692 | Code.exe | Mode: NORMAL | Mask: 0xfffff
2026-06-06 19:26:06,287 [INFO] ChatTTS.Logic: [OPT] [OPT] PID: 14772 | pwsh.exe | Mode: NORMAL | Mask: 0xfffff
2026-06-06 19:26:06,287 [INFO] ChatTTS.Logic: [OPT] [OPT] PID: 14776 | conhost.exe | Mode: NORMAL | Mask: 0xfffff
2026-06-06 19:26:06,288 [INFO] ChatTTS.Logic: [OPT] [OPT] PID: 14992 | TextInputHost.exe | Mode: NORMAL | Mask: 0xfffff
2026-06-06 19:26:06,288 [INFO] ChatTTS.Logic: [OPT] [OPT] PID: 15020 | smartscreen.exe | Mode: NORMAL | Mask: 0xfffff
2026-06-06 19:26:06,288 [INFO] ChatTTS.Logic: [OPT] [OPT] PID: 15076 | CodeSetup-stable-6a44c352bd24569c417e530095901b649960f9f8.exe | Mode: NORMAL | Mask: 0xfffff
2026-06-06 19:26:06,288 [INFO] ChatTTS.Logic: [OPT] [OPT] PID: 15420 | DiscordSystemHelper.exe | Mode: NORMAL | Mask: 0xfffff
2026-06-06 19:26:06,288 [INFO] ChatTTS.Logic: [OPT] [OPT] PID: 15504 | Code.exe | Mode: NORMAL | Mask: 0xfffff
2026-06-06 19:26:06,289 [INFO] ChatTTS.Logic: [OPT] [OPT] PID: 15764 | OpenConsole.exe | Mode: NORMAL | Mask: 0xfffff
2026-06-06 19:26:06,289 [INFO] ChatTTS.Logic: [OPT] [OPT] PID: 15820 | chrome.exe | Mode: NORMAL | Mask: 0xfffff
2026-06-06 19:26:06,289 [INFO] ChatTTS.Logic: [OPT] [OPT] PID: 15848 | RtkAudUService64.exe | Mode: NORMAL | Mask: 0xfffff
2026-06-06 19:26:06,289 [INFO] ChatTTS.Logic: [OPT] [OPT] PID: 15980 | vgtray.exe | Mode: NORMAL | Mask: 0xfffff
2026-06-06 19:26:06,289 [INFO] ChatTTS.Logic: [OPT] [OPT] PID: 16084 | Discord.exe | Mode: NORMAL | Mask: 0xfffff
2026-06-06 19:26:06,290 [INFO] ChatTTS.Logic: [OPT] [OPT] PID: 16188 | svchost.exe | Mode: NORMAL | Mask: 0xfffff
2026-06-06 19:26:06,290 [INFO] ChatTTS.Logic: [OPT] [OPT] PID: 16196 | Discord.exe | Mode: NORMAL | Mask: 0xfffff
2026-06-06 19:26:06,290 [INFO] ChatTTS.Logic: [OPT] [OPT] PID: 16312 | Discord.exe | Mode: NORMAL | Mask: 0xfffff
2026-06-06 19:26:06,290 [INFO] ChatTTS.Logic: [OPT] [OPT] PID: 16340 | Discord.exe | Mode: NORMAL | Mask: 0xfffff
2026-06-06 19:26:06,291 [INFO] ChatTTS.Logic: [OPT] [OPT] PID: 16560 | dllhost.exe | Mode: NORMAL | Mask: 0xfffff
2026-06-06 19:26:06,291 [INFO] ChatTTS.Logic: [OPT] [OPT] PID: 17112 | Discord.exe | Mode: NORMAL | Mask: 0xfffff
2026-06-06 19:26:06,291 [INFO] ChatTTS.Logic: [OPT] [OPT] PID: 17724 | SearchIndexer.exe | Mode: NORMAL | Mask: 0xfffff
2026-06-06 19:26:06,291 [INFO] ChatTTS.Logic: [OPT] [OPT] PID: 17756 | Discord.exe | Mode: NORMAL | Mask: 0xfffff
2026-06-06 19:26:06,292 [INFO] ChatTTS.Logic: [OPT] [OPT] PID: 18048 | svchost.exe | Mode: NORMAL | Mask: 0xfffff
2026-06-06 19:26:06,292 [INFO] ChatTTS.Logic: [OPT] [OPT] PID: 18060 | svchost.exe | Mode: NORMAL | Mask: 0xfffff
2026-06-06 19:26:06,292 [INFO] ChatTTS.Logic: [OPT] [OPT] PID: 18084 | Code.exe | Mode: NORMAL | Mask: 0xfffff
2026-06-06 19:26:06,292 [INFO] ChatTTS.Logic: [OPT] [OPT] PID: 18492 | Pearl Abyss Launcher.exe | Mode: NORMAL | Mask: 0xfffff
2026-06-06 19:26:06,292 [INFO] ChatTTS.Logic: [OPT] [OPT] PID: 18764 | Notepad.exe | Mode: NORMAL | Mask: 0xfffff
2026-06-06 19:26:06,293 [INFO] ChatTTS.Logic: [OPT] [OPT] PID: 18956 | Pearl Abyss Launcher.exe | Mode: NORMAL | Mask: 0xfffff
2026-06-06 19:26:06,293 [INFO] ChatTTS.Logic: [OPT] [OPT] PID: 18988 | Pearl Abyss Launcher.exe | Mode: NORMAL | Mask: 0xfffff
2026-06-06 19:26:06,293 [INFO] ChatTTS.Logic: [OPT] [OPT] PID: 19116 | Pearl Abyss Launcher.exe | Mode: NORMAL | Mask: 0xfffff
2026-06-06 19:26:06,293 [INFO] ChatTTS.Logic: [OPT] [OPT] PID: 19180 | Pearl Abyss Launcher.exe | Mode: NORMAL | Mask: 0xfffff
2026-06-06 19:26:06,293 [INFO] ChatTTS.Logic: [OPT] [OPT] PID: 19596 | python3.12.exe | Mode: NORMAL | Mask: 0xfffff
2026-06-06 19:26:06,293 [INFO] ChatTTS.Logic: [OPT] [OPT] PID: 19648 | TDitbamStreamerSuite.exe | Mode: NORMAL | Mask: 0xfffff
2026-06-06 19:26:06,294 [INFO] ChatTTS.Logic: [OPT] [OPT] PID: 19800 | chrome.exe | Mode: NORMAL | Mask: 0xfffff
2026-06-06 19:26:06,294 [INFO] ChatTTS.Logic: [OPT] [OPT] PID: 19860 | chrome.exe | Mode: NORMAL | Mask: 0xfffff
2026-06-06 19:26:06,294 [INFO] ChatTTS.Logic: [OPT] [OPT] PID: 19940 | Pearl Abyss Launcher.exe | Mode: NORMAL | Mask: 0xfffff
2026-06-06 19:26:06,294 [INFO] ChatTTS.Logic: [OPT] [OPT] PID: 20240 | Pearl Abyss Launcher.exe | Mode: NORMAL | Mask: 0xfffff
2026-06-06 19:26:06,295 [INFO] ChatTTS.Logic: [OPT] [OPT] PID: 20244 | Code.exe | Mode: NORMAL | Mask: 0xfffff
2026-06-06 19:26:06,295 [INFO] ChatTTS.Logic: [OPT] [OPT] PID: 20392 | conhost.exe | Mode: NORMAL | Mask: 0xfffff
2026-06-06 19:26:06,295 [INFO] ChatTTS.Logic: [OPT] [OPT] PID: 20528 | node.exe | Mode: NORMAL | Mask: 0xfffff
2026-06-06 19:26:06,295 [INFO] ChatTTS.Logic: [OPT] [OPT] PID: 20752 | chrome.exe | Mode: NORMAL | Mask: 0xfffff
2026-06-06 19:26:06,295 [INFO] ChatTTS.Logic: [OPT] [OPT] PID: 20756 | chrome.exe | Mode: NORMAL | Mask: 0xfffff
2026-06-06 19:26:06,295 [INFO] ChatTTS.Logic: [OPT] [OPT] PID: 20856 | XboxPcAppFT.exe | Mode: NORMAL | Mask: 0xfffff
2026-06-06 19:26:06,296 [INFO] ChatTTS.Logic: [OPT] [OPT] PID: 21052 | chrome.exe | Mode: NORMAL | Mask: 0xfffff
2026-06-06 19:26:06,296 [INFO] ChatTTS.Logic: [OPT] [OPT] PID: 21524 | svchost.exe | Mode: NORMAL | Mask: 0xfffff
2026-06-06 19:26:06,296 [INFO] ChatTTS.Logic: [OPT] [OPT] PID: 22180 | svchost.exe | Mode: NORMAL | Mask: 0xfffff
2026-06-06 19:26:06,296 [INFO] ChatTTS.Logic: [OPT] [OPT] PID: 22852 | chrome.exe | Mode: NORMAL | Mask: 0xfffff
2026-06-06 19:26:06,297 [INFO] ChatTTS.Logic: [OPT] [OPT] PID: 23076 | Code.exe | Mode: NORMAL | Mask: 0xfffff
2026-06-06 19:26:06,297 [INFO] ChatTTS.Logic: [OPT] [OPT] PID: 23136 | OpenConsole.exe | Mode: NORMAL | Mask: 0xfffff
2026-06-06 19:26:06,297 [INFO] ChatTTS.Logic: [OPT] [OPT] PID: 23168 | chrome.exe | Mode: NORMAL | Mask: 0xfffff
2026-06-06 19:26:06,506 [INFO] ChatTTS.Logic: Stopping Optimizer Service...
2026-06-06 19:26:07,219 [INFO] ChatTTS.Logic: Chat-TTS Settings Saved Successfully
2026-06-06 19:26:07,220 [INFO] ChatTTS.Engine: Starting Engine Session 3...
2026-06-06 19:26:07,220 [INFO] ChatTTS.Engine: Config: Voice=th-TH-PremwadeeNeural, AutoTranslate=False, Profanity=False
2026-06-06 19:26:07,220 [INFO] ChatTTS.Engine: Queues cleared.
2026-06-06 19:26:07,220 [INFO] ChatTTS.Engine: Cleaning up old files...
2026-06-06 19:26:07,221 [INFO] ChatTTS.Engine: Player started (Session: 3)
2026-06-06 19:26:07,221 [INFO] ChatTTS.Engine: Engine session 3 started with 0 collectors
2026-06-06 19:26:07,221 [INFO] ChatTTS.Engine: Generator started (Session: 3, Voice: th-TH-PremwadeeNeural)
2026-06-06 19:26:07,443 [INFO] ChatTTS.Engine: Engine stop signal sent.
2026-06-06 19:26:07,624 [INFO] ChatTTS.Engine: Player stopped (Session: 3)
2026-06-06 19:26:07,624 [INFO] ChatTTS.Engine: Generator stopped (Session: 3)
2026-06-06 19:26:20,895 [INFO] ChatTTS.Logic: Starting Optimizer Service...
2026-06-06 19:26:20,900 [INFO] ChatTTS.Logic: [OPT] [OPT] PID: 8 | svchost.exe | Mode: NORMAL | Mask: 0xfffff
2026-06-06 19:26:20,900 [INFO] ChatTTS.Logic: [OPT] [OPT] PID: 1184 | svchost.exe | Mode: NORMAL | Mask: 0xfffff
2026-06-06 19:26:20,901 [INFO] ChatTTS.Logic: [OPT] [OPT] PID: 1356 | esrv.exe | Mode: NORMAL | Mask: 0xfffff
2026-06-06 19:26:20,902 [INFO] ChatTTS.Logic: [OPT] [OPT] PID: 1416 | winlogon.exe | Mode: NORMAL | Mask: 0xfffff
2026-06-06 19:26:20,902 [INFO] ChatTTS.Logic: [OPT] [OPT] PID: 1472 | LsaIso.exe | Mode: NORMAL | Mask: 0xfffff
2026-06-06 19:26:20,902 [INFO] ChatTTS.Logic: [OPT] [OPT] PID: 1632 | svchost.exe | Mode: NORMAL | Mask: 0xfffff
2026-06-06 19:26:20,903 [INFO] ChatTTS.Logic: [OPT] [OPT] PID: 1660 | fontdrvhost.exe | Mode: NORMAL | Mask: 0xfffff
2026-06-06 19:26:20,903 [INFO] ChatTTS.Logic: [OPT] [OPT] PID: 1668 | fontdrvhost.exe | Mode: NORMAL | Mask: 0xfffff
2026-06-06 19:26:20,903 [INFO] ChatTTS.Logic: [OPT] [OPT] PID: 1704 | WUDFHost.exe | Mode: NORMAL | Mask: 0xfffff
2026-06-06 19:26:20,903 [INFO] ChatTTS.Logic: [OPT] [OPT] PID: 1800 | svchost.exe | Mode: NORMAL | Mask: 0xfffff
2026-06-06 19:26:20,903 [INFO] ChatTTS.Logic: [OPT] [OPT] PID: 1860 | WUDFHost.exe | Mode: NORMAL | Mask: 0xfffff
2026-06-06 19:26:20,904 [INFO] ChatTTS.Logic: [OPT] [OPT] PID: 1944 | dwm.exe | Mode: NORMAL | Mask: 0xfffff
2026-06-06 19:26:20,904 [INFO] ChatTTS.Logic: [OPT] [OPT] PID: 1992 | svchost.exe | Mode: NORMAL | Mask: 0xfffff
2026-06-06 19:26:20,904 [INFO] ChatTTS.Logic: [OPT] [OPT] PID: 2016 | WmiPrvSE.exe | Mode: NORMAL | Mask: 0xfffff
2026-06-06 19:26:20,904 [INFO] ChatTTS.Logic: [OPT] [OPT] PID: 2024 | svchost.exe | Mode: NORMAL | Mask: 0xfffff
2026-06-06 19:26:20,904 [INFO] ChatTTS.Logic: [OPT] [OPT] PID: 2032 | svchost.exe | Mode: NORMAL | Mask: 0xfffff
2026-06-06 19:26:20,905 [INFO] ChatTTS.Logic: [OPT] [OPT] PID: 2040 | svchost.exe | Mode: NORMAL | Mask: 0xfffff
2026-06-06 19:26:20,905 [INFO] ChatTTS.Logic: [OPT] [OPT] PID: 2052 | Code.exe | Mode: NORMAL | Mask: 0xfffff
2026-06-06 19:26:20,905 [INFO] ChatTTS.Logic: [OPT] [OPT] PID: 2136 | svchost.exe | Mode: NORMAL | Mask: 0xfffff
2026-06-06 19:26:20,905 [INFO] ChatTTS.Logic: [OPT] [OPT] PID: 2240 | RTSS.exe | Mode: NORMAL | Mask: 0xfffff
2026-06-06 19:26:20,906 [INFO] ChatTTS.Logic: [OPT] [OPT] PID: 2248 | Code.exe | Mode: NORMAL | Mask: 0xfffff
2026-06-06 19:26:20,906 [INFO] ChatTTS.Logic: [OPT] [OPT] PID: 2360 | svchost.exe | Mode: NORMAL | Mask: 0xfffff
2026-06-06 19:26:20,906 [INFO] ChatTTS.Logic: [OPT] [OPT] PID: 2428 | svchost.exe | Mode: NORMAL | Mask: 0xfffff
2026-06-06 19:26:20,906 [INFO] ChatTTS.Logic: [OPT] [OPT] PID: 2452 | svchost.exe | Mode: NORMAL | Mask: 0xfffff
2026-06-06 19:26:20,907 [INFO] ChatTTS.Logic: [OPT] [OPT] PID: 2504 | svchost.exe | Mode: NORMAL | Mask: 0xfffff
2026-06-06 19:26:20,907 [INFO] ChatTTS.Logic: [OPT] [OPT] PID: 2576 | svchost.exe | Mode: NORMAL | Mask: 0xfffff
2026-06-06 19:26:20,907 [INFO] ChatTTS.Logic: [OPT] [OPT] PID: 2628 | svchost.exe | Mode: NORMAL | Mask: 0xfffff
2026-06-06 19:26:20,908 [INFO] ChatTTS.Logic: [OPT] [OPT] PID: 2868 | svchost.exe | Mode: NORMAL | Mask: 0xfffff
2026-06-06 19:26:20,908 [INFO] ChatTTS.Logic: [OPT] [OPT] PID: 3124 | CodeSetup-stable-6a44c352bd24569c417e530095901b649960f9f8.tmp | Mode: NORMAL | Mask: 0xfffff
2026-06-06 19:26:20,908 [INFO] ChatTTS.Logic: [OPT] [OPT] PID: 3196 | NVDisplay.Container.exe | Mode: NORMAL | Mask: 0xfffff
2026-06-06 19:26:20,909 [INFO] ChatTTS.Logic: [OPT] [OPT] PID: 3208 | pwsh.exe | Mode: NORMAL | Mask: 0xfffff
2026-06-06 19:26:20,909 [INFO] ChatTTS.Logic: [OPT] [OPT] PID: 3316 | Code.exe | Mode: NORMAL | Mask: 0xfffff
2026-06-06 19:26:20,909 [INFO] ChatTTS.Logic: [OPT] [OPT] PID: 3404 | svchost.exe | Mode: NORMAL | Mask: 0xfffff
2026-06-06 19:26:20,909 [INFO] ChatTTS.Logic: [OPT] [OPT] PID: 3468 | chrome.exe | Mode: NORMAL | Mask: 0xfffff
2026-06-06 19:26:20,909 [INFO] ChatTTS.Logic: [OPT] [OPT] PID: 3472 | AppHelperCap.exe | Mode: NORMAL | Mask: 0xfffff
2026-06-06 19:26:20,909 [INFO] ChatTTS.Logic: [OPT] [OPT] PID: 3488 | TouchpointAnalyticsClientService.exe | Mode: NORMAL | Mask: 0xfffff
2026-06-06 19:26:20,910 [INFO] ChatTTS.Logic: [OPT] [OPT] PID: 3500 | NetworkCap.exe | Mode: NORMAL | Mask: 0xfffff
2026-06-06 19:26:20,910 [INFO] ChatTTS.Logic: [OPT] [OPT] PID: 3508 | DiagsCap.exe | Mode: NORMAL | Mask: 0xfffff
2026-06-06 19:26:20,910 [INFO] ChatTTS.Logic: [OPT] [OPT] PID: 3536 | esrv_svc.exe | Mode: NORMAL | Mask: 0xfffff
2026-06-06 19:26:20,910 [INFO] ChatTTS.Logic: [OPT] [OPT] PID: 3580 | svchost.exe | Mode: NORMAL | Mask: 0xfffff
2026-06-06 19:26:20,910 [INFO] ChatTTS.Logic: [OPT] [OPT] PID: 3596 | svchost.exe | Mode: NORMAL | Mask: 0xfffff
2026-06-06 19:26:20,910 [INFO] ChatTTS.Logic: [OPT] [OPT] PID: 3612 | svchost.exe | Mode: NORMAL | Mask: 0xfffff
2026-06-06 19:26:20,911 [INFO] ChatTTS.Logic: [OPT] [OPT] PID: 3668 | svchost.exe | Mode: NORMAL | Mask: 0xfffff
2026-06-06 19:26:20,911 [INFO] ChatTTS.Logic: [OPT] [OPT] PID: 3760 | NVDisplay.Container.exe | Mode: NORMAL | Mask: 0xfffff
2026-06-06 19:26:20,911 [INFO] ChatTTS.Logic: [OPT] [OPT] PID: 3904 | chrome.exe | Mode: NORMAL | Mask: 0xfffff
2026-06-06 19:26:20,912 [INFO] ChatTTS.Logic: [OPT] [OPT] PID: 3956 | RuntimeBroker.exe | Mode: NORMAL | Mask: 0xfffff
2026-06-06 19:26:20,912 [INFO] ChatTTS.Logic: [OPT] [OPT] PID: 3996 | chrome.exe | Mode: NORMAL | Mask: 0xfffff
2026-06-06 19:26:20,912 [INFO] ChatTTS.Logic: [OPT] [OPT] PID: 4164 | ApplicationFrameHost.exe | Mode: NORMAL | Mask: 0xfffff
2026-06-06 19:26:20,912 [INFO] ChatTTS.Logic: [OPT] [OPT] PID: 4220 | spoolsv.exe | Mode: NORMAL | Mask: 0xfffff
2026-06-06 19:26:20,913 [INFO] ChatTTS.Logic: [OPT] [OPT] PID: 4252 | svchost.exe | Mode: NORMAL | Mask: 0xfffff
2026-06-06 19:26:20,913 [INFO] ChatTTS.Logic: [OPT] [OPT] PID: 4356 | svchost.exe | Mode: NORMAL | Mask: 0xfffff
2026-06-06 19:26:20,913 [INFO] ChatTTS.Logic: [OPT] [OPT] PID: 4416 | chrome.exe | Mode: NORMAL | Mask: 0xfffff
2026-06-06 19:26:20,913 [INFO] ChatTTS.Logic: [OPT] [OPT] PID: 4432 | ipf_helper.exe | Mode: NORMAL | Mask: 0xfffff
2026-06-06 19:26:20,913 [INFO] ChatTTS.Logic: [OPT] [OPT] PID: 4524 | AnyDesk.exe | Mode: NORMAL | Mask: 0xfffff
2026-06-06 19:26:20,914 [INFO] ChatTTS.Logic: [OPT] [OPT] PID: 4552 | ETDCtrl.exe | Mode: NORMAL | Mask: 0xfffff
2026-06-06 19:26:20,914 [INFO] ChatTTS.Logic: [OPT] [OPT] PID: 4568 | chrome.exe | Mode: NORMAL | Mask: 0xfffff
2026-06-06 19:26:20,914 [INFO] ChatTTS.Logic: [OPT] [OPT] PID: 4584 | ETDService.exe | Mode: NORMAL | Mask: 0xfffff
2026-06-06 19:26:20,914 [INFO] ChatTTS.Logic: [OPT] [OPT] PID: 4608 | remoting_host.exe | Mode: NORMAL | Mask: 0xfffff
2026-06-06 19:26:20,914 [INFO] ChatTTS.Logic: [OPT] [OPT] PID: 4624 | IntelAudioService.exe | Mode: NORMAL | Mask: 0xfffff
2026-06-06 19:26:20,915 [INFO] ChatTTS.Logic: [OPT] [OPT] PID: 4632 | IntelGraphicsSoftware.Service.exe | Mode: NORMAL | Mask: 0xfffff
2026-06-06 19:26:20,915 [INFO] ChatTTS.Logic: [OPT] [OPT] PID: 4648 | jhi_service.exe | Mode: NORMAL | Mask: 0xfffff
2026-06-06 19:26:20,916 [INFO] ChatTTS.Logic: [OPT] [OPT] PID: 4708 | vmnat.exe | Mode: NORMAL | Mask: 0xfffff
2026-06-06 19:26:20,916 [INFO] ChatTTS.Logic: [OPT] [OPT] PID: 4716 | XtuService.exe | Mode: NORMAL | Mask: 0xfffff
2026-06-06 19:26:20,916 [INFO] ChatTTS.Logic: [OPT] [OPT] PID: 4724 | WMIRegistrationService.exe | Mode: NORMAL | Mask: 0xfffff
2026-06-06 19:26:20,916 [INFO] ChatTTS.Logic: [OPT] [OPT] PID: 4732 | vmnetdhcp.exe | Mode: NORMAL | Mask: 0xfffff
2026-06-06 19:26:20,916 [INFO] ChatTTS.Logic: [OPT] [OPT] PID: 4740 | vmware-usbarbitrator64.exe | Mode: NORMAL | Mask: 0xfffff
2026-06-06 19:26:20,918 [INFO] ChatTTS.Logic: [OPT] [OPT] PID: 4752 | vmware-authd.exe | Mode: NORMAL | Mask: 0xfffff
2026-06-06 19:26:20,918 [INFO] ChatTTS.Logic: [OPT] [OPT] PID: 4772 | SECOMN64.exe | Mode: NORMAL | Mask: 0xfffff
2026-06-06 19:26:20,918 [INFO] ChatTTS.Logic: [OPT] [OPT] PID: 4780 | RtkAudUService64.exe | Mode: NORMAL | Mask: 0xfffff
2026-06-06 19:26:20,918 [INFO] ChatTTS.Logic: [OPT] [OPT] PID: 4788 | nvcontainer.exe | Mode: NORMAL | Mask: 0xfffff
2026-06-06 19:26:20,919 [INFO] ChatTTS.Logic: [OPT] [OPT] PID: 4796 | SurSvc.exe | Mode: NORMAL | Mask: 0xfffff
2026-06-06 19:26:20,919 [INFO] ChatTTS.Logic: [OPT] [OPT] PID: 4804 | svchost.exe | Mode: NORMAL | Mask: 0xfffff
2026-06-06 19:26:20,919 [INFO] ChatTTS.Logic: [OPT] [OPT] PID: 4904 | ipf_uf.exe | Mode: NORMAL | Mask: 0xfffff
2026-06-06 19:26:20,919 [INFO] ChatTTS.Logic: [OPT] [OPT] PID: 4916 | TeamViewer_Service.exe | Mode: NORMAL | Mask: 0xfffff
2026-06-06 19:26:20,919 [INFO] ChatTTS.Logic: [OPT] [OPT] PID: 4932 | Pearl Abyss Launcher.exe | Mode: NORMAL | Mask: 0xfffff
2026-06-06 19:26:20,919 [INFO] ChatTTS.Logic: [OPT] [OPT] PID: 5540 | pwsh.exe | Mode: NORMAL | Mask: 0xfffff
2026-06-06 19:26:20,920 [INFO] ChatTTS.Logic: [OPT] [OPT] PID: 5860 | SearchHost.exe | Mode: NORMAL | Mask: 0xfffff
2026-06-06 19:26:20,920 [INFO] ChatTTS.Logic: [OPT] [OPT] PID: 5900 | remoting_host.exe | Mode: NORMAL | Mask: 0xfffff
2026-06-06 19:26:20,920 [INFO] ChatTTS.Logic: [OPT] [OPT] PID: 6208 | audiodg.exe | Mode: NORMAL | Mask: 0xfffff
2026-06-06 19:26:20,920 [INFO] ChatTTS.Logic: [OPT] [OPT] PID: 6460 | PresentMonService.exe | Mode: NORMAL | Mask: 0xfffff
2026-06-06 19:26:20,920 [INFO] ChatTTS.Logic: [OPT] [OPT] PID: 6468 | conhost.exe | Mode: NORMAL | Mask: 0xfffff
2026-06-06 19:26:20,920 [INFO] ChatTTS.Logic: [OPT] [OPT] PID: 6668 | svchost.exe | Mode: NORMAL | Mask: 0xfffff
2026-06-06 19:26:20,921 [INFO] ChatTTS.Logic: [OPT] [OPT] PID: 6816 | WmiPrvSE.exe | Mode: NORMAL | Mask: 0xfffff
2026-06-06 19:26:20,921 [INFO] ChatTTS.Logic: [OPT] [OPT] PID: 6860 | svchost.exe | Mode: NORMAL | Mask: 0xfffff
2026-06-06 19:26:20,922 [INFO] ChatTTS.Logic: [OPT] [OPT] PID: 7336 | chrome.exe | Mode: NORMAL | Mask: 0xfffff
2026-06-06 19:26:20,922 [INFO] ChatTTS.Logic: [OPT] [OPT] PID: 7428 | wlanext.exe | Mode: NORMAL | Mask: 0xfffff
2026-06-06 19:26:20,923 [INFO] ChatTTS.Logic: [OPT] [OPT] PID: 7464 | DiscordSystemHelper.exe | Mode: NORMAL | Mask: 0xfffff
2026-06-06 19:26:20,923 [INFO] ChatTTS.Logic: [OPT] [OPT] PID: 7516 | crashpad_handler.exe | Mode: NORMAL | Mask: 0xfffff
2026-06-06 19:26:20,924 [INFO] ChatTTS.Logic: [OPT] [OPT] PID: 7540 | nvcontainer.exe | Mode: NORMAL | Mask: 0xfffff
2026-06-06 19:26:20,924 [INFO] ChatTTS.Logic: [OPT] [OPT] PID: 7872 | chrome.exe | Mode: NORMAL | Mask: 0xfffff
2026-06-06 19:26:20,924 [INFO] ChatTTS.Logic: [OPT] [OPT] PID: 8104 | EncoderServer.exe | Mode: NORMAL | Mask: 0xfffff
2026-06-06 19:26:20,925 [INFO] ChatTTS.Logic: [OPT] [OPT] PID: 8204 | nvcontainer.exe | Mode: NORMAL | Mask: 0xfffff
2026-06-06 19:26:20,925 [INFO] ChatTTS.Logic: [OPT] [OPT] PID: 8256 | conhost.exe | Mode: NORMAL | Mask: 0xfffff
2026-06-06 19:26:20,925 [INFO] ChatTTS.Logic: [OPT] [OPT] PID: 8264 | SECOCL64.exe | Mode: NORMAL | Mask: 0xfffff
2026-06-06 19:26:20,926 [INFO] ChatTTS.Logic: [OPT] [OPT] PID: 8404 | sihost.exe | Mode: NORMAL | Mask: 0xfffff
2026-06-06 19:26:20,926 [INFO] ChatTTS.Logic: [OPT] [OPT] PID: 8464 | explorer.exe | Mode: NORMAL | Mask: 0xfffff
2026-06-06 19:26:20,927 [INFO] ChatTTS.Logic: [OPT] [OPT] PID: 8512 | svchost.exe | Mode: NORMAL | Mask: 0xfffff
2026-06-06 19:26:20,927 [INFO] ChatTTS.Logic: [OPT] [OPT] PID: 8524 | svchost.exe | Mode: NORMAL | Mask: 0xfffff
2026-06-06 19:26:20,927 [INFO] ChatTTS.Logic: [OPT] [OPT] PID: 8596 | svchost.exe | Mode: NORMAL | Mask: 0xfffff
2026-06-06 19:26:20,927 [INFO] ChatTTS.Logic: [OPT] [OPT] PID: 8684 | MSIAfterburner.exe | Mode: NORMAL | Mask: 0xfffff
2026-06-06 19:26:20,927 [INFO] ChatTTS.Logic: [OPT] [OPT] PID: 8776 | svchost.exe | Mode: NORMAL | Mask: 0xfffff
2026-06-06 19:26:20,928 [INFO] ChatTTS.Logic: [OPT] [OPT] PID: 9008 | taskhostw.exe | Mode: NORMAL | Mask: 0xfffff
2026-06-06 19:26:20,928 [INFO] ChatTTS.Logic: [OPT] [OPT] PID: 9064 | StartMenuExperienceHost.exe | Mode: NORMAL | Mask: 0xfffff
2026-06-06 19:26:20,928 [INFO] ChatTTS.Logic: [OPT] [OPT] PID: 9144 | cmd.exe | Mode: NORMAL | Mask: 0xfffff
2026-06-06 19:26:20,928 [INFO] ChatTTS.Logic: [OPT] [OPT] PID: 9388 | chrome.exe | Mode: NORMAL | Mask: 0xfffff
2026-06-06 19:26:20,929 [INFO] ChatTTS.Logic: [OPT] [OPT] PID: 9436 | pwsh.exe | Mode: NORMAL | Mask: 0xfffff
2026-06-06 19:26:20,929 [INFO] ChatTTS.Logic: [OPT] [OPT] PID: 9472 | CrossDeviceResume.exe | Mode: NORMAL | Mask: 0xfffff
2026-06-06 19:26:20,929 [INFO] ChatTTS.Logic: [OPT] [OPT] PID: 9864 | RtkAudUService64.exe | Mode: NORMAL | Mask: 0xfffff
2026-06-06 19:26:20,930 [INFO] ChatTTS.Logic: [OPT] [OPT] PID: 10036 | svchost.exe | Mode: NORMAL | Mask: 0xfffff
2026-06-06 19:26:20,930 [INFO] ChatTTS.Logic: [OPT] [OPT] PID: 10300 | TabTip.exe | Mode: NORMAL | Mask: 0xfffff
2026-06-06 19:26:20,930 [INFO] ChatTTS.Logic: [OPT] [OPT] PID: 10392 | chrome.exe | Mode: NORMAL | Mask: 0xfffff
2026-06-06 19:26:20,930 [INFO] ChatTTS.Logic: [OPT] [OPT] PID: 10408 | chrome.exe | Mode: NORMAL | Mask: 0xfffff
2026-06-06 19:26:20,930 [INFO] ChatTTS.Logic: [OPT] [OPT] PID: 10424 | dllhost.exe | Mode: NORMAL | Mask: 0xfffff
2026-06-06 19:26:20,931 [INFO] ChatTTS.Logic: [OPT] [OPT] PID: 10544 | RuntimeBroker.exe | Mode: NORMAL | Mask: 0xfffff
2026-06-06 19:26:20,931 [INFO] ChatTTS.Logic: [OPT] [OPT] PID: 10552 | svchost.exe | Mode: NORMAL | Mask: 0xfffff
2026-06-06 19:26:20,931 [INFO] ChatTTS.Logic: [OPT] [OPT] PID: 10616 | node.exe | Mode: NORMAL | Mask: 0xfffff
2026-06-06 19:26:20,931 [INFO] ChatTTS.Logic: [OPT] [OPT] PID: 10780 | TDitbamStreamerSuite.exe | Mode: NORMAL | Mask: 0xfffff
2026-06-06 19:26:20,931 [INFO] ChatTTS.Logic: [OPT] [OPT] PID: 11204 | BraveCrashHandler.exe | Mode: NORMAL | Mask: 0xfffff
2026-06-06 19:26:20,932 [INFO] ChatTTS.Logic: [OPT] [OPT] PID: 11232 | BraveCrashHandler64.exe | Mode: NORMAL | Mask: 0xfffff
2026-06-06 19:26:20,932 [INFO] ChatTTS.Logic: [OPT] [OPT] PID: 11320 | chrome.exe | Mode: NORMAL | Mask: 0xfffff
2026-06-06 19:26:20,932 [INFO] ChatTTS.Logic: [OPT] [OPT] PID: 11392 | ShellHost.exe | Mode: NORMAL | Mask: 0xfffff
2026-06-06 19:26:20,933 [INFO] ChatTTS.Logic: [OPT] [OPT] PID: 11480 | conhost.exe | Mode: NORMAL | Mask: 0xfffff
2026-06-06 19:26:20,933 [INFO] ChatTTS.Logic: [OPT] [OPT] PID: 11872 | DataExchangeHost.exe | Mode: NORMAL | Mask: 0xfffff
2026-06-06 19:26:20,933 [INFO] ChatTTS.Logic: [OPT] [OPT] PID: 11904 | msedgewebview2.exe | Mode: NORMAL | Mask: 0xfffff
2026-06-06 19:26:20,933 [INFO] ChatTTS.Logic: [OPT] [OPT] PID: 12116 | svchost.exe | Mode: NORMAL | Mask: 0xfffff
2026-06-06 19:26:20,934 [INFO] ChatTTS.Logic: [OPT] [OPT] PID: 12136 | msedgewebview2.exe | Mode: NORMAL | Mask: 0xfffff
2026-06-06 19:26:20,934 [INFO] ChatTTS.Logic: [OPT] [OPT] PID: 12340 | chrome.exe | Mode: NORMAL | Mask: 0xfffff
2026-06-06 19:26:20,934 [INFO] ChatTTS.Logic: [OPT] [OPT] PID: 12536 | msedgewebview2.exe | Mode: NORMAL | Mask: 0xfffff
2026-06-06 19:26:20,935 [INFO] ChatTTS.Logic: [OPT] [OPT] PID: 12544 | msedgewebview2.exe | Mode: NORMAL | Mask: 0xfffff
2026-06-06 19:26:20,935 [INFO] ChatTTS.Logic: [OPT] [OPT] PID: 12604 | msedgewebview2.exe | Mode: NORMAL | Mask: 0xfffff
2026-06-06 19:26:20,935 [INFO] ChatTTS.Logic: [OPT] [OPT] PID: 12888 | msedgewebview2.exe | Mode: NORMAL | Mask: 0xfffff
2026-06-06 19:26:20,935 [INFO] ChatTTS.Logic: [OPT] [OPT] PID: 12948 | RTSSHooksLoader64.exe | Mode: NORMAL | Mask: 0xfffff
2026-06-06 19:26:20,935 [INFO] ChatTTS.Logic: [OPT] [OPT] PID: 13300 | Code.exe | Mode: NORMAL | Mask: 0xfffff
2026-06-06 19:26:20,935 [INFO] ChatTTS.Logic: [OPT] [OPT] PID: 13396 | ShellExperienceHost.exe | Mode: NORMAL | Mask: 0xfffff
2026-06-06 19:26:20,937 [INFO] ChatTTS.Logic: [OPT] [OPT] PID: 13724 | OpenConsole.exe | Mode: NORMAL | Mask: 0xfffff
2026-06-06 19:26:20,937 [INFO] ChatTTS.Logic: [OPT] [OPT] PID: 13792 | ctfmon.exe | Mode: NORMAL | Mask: 0xfffff
2026-06-06 19:26:20,937 [INFO] ChatTTS.Logic: [OPT] [OPT] PID: 14008 | svchost.exe | Mode: NORMAL | Mask: 0xfffff
2026-06-06 19:26:20,937 [INFO] ChatTTS.Logic: [OPT] [OPT] PID: 14112 | conhost.exe | Mode: NORMAL | Mask: 0xfffff
2026-06-06 19:26:20,937 [INFO] ChatTTS.Logic: [OPT] [OPT] PID: 14152 | chrome.exe | Mode: NORMAL | Mask: 0xfffff
2026-06-06 19:26:20,937 [INFO] ChatTTS.Logic: [OPT] [OPT] PID: 14228 | Code.exe | Mode: NORMAL | Mask: 0xfffff
2026-06-06 19:26:20,938 [INFO] ChatTTS.Logic: [OPT] [OPT] PID: 14328 | pet.exe | Mode: NORMAL | Mask: 0xfffff
2026-06-06 19:26:20,938 [INFO] ChatTTS.Logic: [OPT] [OPT] PID: 14692 | Code.exe | Mode: NORMAL | Mask: 0xfffff
2026-06-06 19:26:20,938 [INFO] ChatTTS.Logic: [OPT] [OPT] PID: 14772 | pwsh.exe | Mode: NORMAL | Mask: 0xfffff
2026-06-06 19:26:20,938 [INFO] ChatTTS.Logic: [OPT] [OPT] PID: 14776 | conhost.exe | Mode: NORMAL | Mask: 0xfffff
2026-06-06 19:26:20,939 [INFO] ChatTTS.Logic: [OPT] [OPT] PID: 14992 | TextInputHost.exe | Mode: NORMAL | Mask: 0xfffff
2026-06-06 19:26:20,939 [INFO] ChatTTS.Logic: [OPT] [OPT] PID: 15020 | smartscreen.exe | Mode: NORMAL | Mask: 0xfffff
2026-06-06 19:26:20,939 [INFO] ChatTTS.Logic: [OPT] [OPT] PID: 15076 | CodeSetup-stable-6a44c352bd24569c417e530095901b649960f9f8.exe | Mode: NORMAL | Mask: 0xfffff
2026-06-06 19:26:20,939 [INFO] ChatTTS.Logic: [OPT] [OPT] PID: 15420 | DiscordSystemHelper.exe | Mode: NORMAL | Mask: 0xfffff
2026-06-06 19:26:20,940 [INFO] ChatTTS.Logic: [OPT] [OPT] PID: 15504 | Code.exe | Mode: NORMAL | Mask: 0xfffff
2026-06-06 19:26:20,940 [INFO] ChatTTS.Logic: [OPT] [OPT] PID: 15764 | OpenConsole.exe | Mode: NORMAL | Mask: 0xfffff
2026-06-06 19:26:20,940 [INFO] ChatTTS.Logic: [OPT] [OPT] PID: 15820 | chrome.exe | Mode: NORMAL | Mask: 0xfffff
2026-06-06 19:26:20,940 [INFO] ChatTTS.Logic: [OPT] [OPT] PID: 15848 | RtkAudUService64.exe | Mode: NORMAL | Mask: 0xfffff
2026-06-06 19:26:20,940 [INFO] ChatTTS.Logic: [OPT] [OPT] PID: 15980 | vgtray.exe | Mode: NORMAL | Mask: 0xfffff
2026-06-06 19:26:20,941 [INFO] ChatTTS.Logic: [OPT] [OPT] PID: 16084 | Discord.exe | Mode: NORMAL | Mask: 0xfffff
2026-06-06 19:26:20,941 [INFO] ChatTTS.Logic: [OPT] [OPT] PID: 16188 | svchost.exe | Mode: NORMAL | Mask: 0xfffff
2026-06-06 19:26:20,941 [INFO] ChatTTS.Logic: [OPT] [OPT] PID: 16196 | Discord.exe | Mode: NORMAL | Mask: 0xfffff
2026-06-06 19:26:20,941 [INFO] ChatTTS.Logic: [OPT] [OPT] PID: 16312 | Discord.exe | Mode: NORMAL | Mask: 0xfffff
2026-06-06 19:26:20,941 [INFO] ChatTTS.Logic: [OPT] [OPT] PID: 16340 | Discord.exe | Mode: NORMAL | Mask: 0xfffff
2026-06-06 19:26:20,942 [INFO] ChatTTS.Logic: [OPT] [OPT] PID: 16560 | dllhost.exe | Mode: NORMAL | Mask: 0xfffff
2026-06-06 19:26:20,942 [INFO] ChatTTS.Logic: [OPT] [OPT] PID: 17112 | Discord.exe | Mode: NORMAL | Mask: 0xfffff
2026-06-06 19:26:20,942 [INFO] ChatTTS.Logic: [OPT] [OPT] PID: 17724 | SearchIndexer.exe | Mode: NORMAL | Mask: 0xfffff
2026-06-06 19:26:20,942 [INFO] ChatTTS.Logic: [OPT] [OPT] PID: 17756 | Discord.exe | Mode: NORMAL | Mask: 0xfffff
2026-06-06 19:26:20,943 [INFO] ChatTTS.Logic: [OPT] [OPT] PID: 18048 | svchost.exe | Mode: NORMAL | Mask: 0xfffff
2026-06-06 19:26:20,943 [INFO] ChatTTS.Logic: [OPT] [OPT] PID: 18060 | svchost.exe | Mode: NORMAL | Mask: 0xfffff
2026-06-06 19:26:20,943 [INFO] ChatTTS.Logic: [OPT] [OPT] PID: 18084 | Code.exe | Mode: NORMAL | Mask: 0xfffff
2026-06-06 19:26:20,943 [INFO] ChatTTS.Logic: [OPT] [OPT] PID: 18492 | Pearl Abyss Launcher.exe | Mode: NORMAL | Mask: 0xfffff
2026-06-06 19:26:20,943 [INFO] ChatTTS.Logic: [OPT] [OPT] PID: 18764 | Notepad.exe | Mode: NORMAL | Mask: 0xfffff
2026-06-06 19:26:20,944 [INFO] ChatTTS.Logic: [OPT] [OPT] PID: 18956 | Pearl Abyss Launcher.exe | Mode: NORMAL | Mask: 0xfffff
2026-06-06 19:26:20,944 [INFO] ChatTTS.Logic: [OPT] [OPT] PID: 18988 | Pearl Abyss Launcher.exe | Mode: NORMAL | Mask: 0xfffff
2026-06-06 19:26:20,944 [INFO] ChatTTS.Logic: [OPT] [OPT] PID: 19116 | Pearl Abyss Launcher.exe | Mode: NORMAL | Mask: 0xfffff
2026-06-06 19:26:20,944 [INFO] ChatTTS.Logic: [OPT] [OPT] PID: 19180 | Pearl Abyss Launcher.exe | Mode: NORMAL | Mask: 0xfffff
2026-06-06 19:26:20,945 [INFO] ChatTTS.Logic: [OPT] [OPT] PID: 19596 | python3.12.exe | Mode: NORMAL | Mask: 0xfffff
2026-06-06 19:26:20,945 [INFO] ChatTTS.Logic: [OPT] [OPT] PID: 19648 | TDitbamStreamerSuite.exe | Mode: NORMAL | Mask: 0xfffff
2026-06-06 19:26:20,945 [INFO] ChatTTS.Logic: [OPT] [OPT] PID: 19800 | chrome.exe | Mode: NORMAL | Mask: 0xfffff
2026-06-06 19:26:20,945 [INFO] ChatTTS.Logic: [OPT] [OPT] PID: 19860 | chrome.exe | Mode: NORMAL | Mask: 0xfffff
2026-06-06 19:26:20,945 [INFO] ChatTTS.Logic: [OPT] [OPT] PID: 19940 | Pearl Abyss Launcher.exe | Mode: NORMAL | Mask: 0xfffff
2026-06-06 19:26:20,945 [INFO] ChatTTS.Logic: [OPT] [OPT] PID: 20240 | Pearl Abyss Launcher.exe | Mode: NORMAL | Mask: 0xfffff
2026-06-06 19:26:20,945 [INFO] ChatTTS.Logic: [OPT] [OPT] PID: 20244 | Code.exe | Mode: NORMAL | Mask: 0xfffff
2026-06-06 19:26:20,947 [INFO] ChatTTS.Logic: [OPT] [OPT] PID: 20392 | conhost.exe | Mode: NORMAL | Mask: 0xfffff
2026-06-06 19:26:20,947 [INFO] ChatTTS.Logic: [OPT] [OPT] PID: 20528 | node.exe | Mode: NORMAL | Mask: 0xfffff
2026-06-06 19:26:20,947 [INFO] ChatTTS.Logic: [OPT] [OPT] PID: 20752 | chrome.exe | Mode: NORMAL | Mask: 0xfffff
2026-06-06 19:26:20,947 [INFO] ChatTTS.Logic: [OPT] [OPT] PID: 20756 | chrome.exe | Mode: NORMAL | Mask: 0xfffff
2026-06-06 19:26:20,948 [INFO] ChatTTS.Logic: [OPT] [OPT] PID: 20856 | XboxPcAppFT.exe | Mode: NORMAL | Mask: 0xfffff
2026-06-06 19:26:20,948 [INFO] ChatTTS.Logic: [OPT] [OPT] PID: 21052 | chrome.exe | Mode: NORMAL | Mask: 0xfffff
2026-06-06 19:26:20,948 [INFO] ChatTTS.Logic: [OPT] [OPT] PID: 21524 | svchost.exe | Mode: NORMAL | Mask: 0xfffff
2026-06-06 19:26:20,948 [INFO] ChatTTS.Logic: [OPT] [OPT] PID: 22180 | svchost.exe | Mode: NORMAL | Mask: 0xfffff
2026-06-06 19:26:20,948 [INFO] ChatTTS.Logic: [OPT] [OPT] PID: 22852 | chrome.exe | Mode: NORMAL | Mask: 0xfffff
2026-06-06 19:26:20,949 [INFO] ChatTTS.Logic: [OPT] [OPT] PID: 23076 | Code.exe | Mode: NORMAL | Mask: 0xfffff
2026-06-06 19:26:20,949 [INFO] ChatTTS.Logic: [OPT] [OPT] PID: 23136 | OpenConsole.exe | Mode: NORMAL | Mask: 0xfffff
2026-06-06 19:26:20,949 [INFO] ChatTTS.Logic: [OPT] [OPT] PID: 23168 | chrome.exe | Mode: NORMAL | Mask: 0xfffff
2026-06-06 19:26:21,045 [INFO] ChatTTS.Logic: Stopping Optimizer Service...
2026-06-06 19:28:39,906 [INFO] ChatTTS.Logic: Starting Optimizer Service...
2026-06-06 19:28:39,914 [INFO] ChatTTS.Logic: [OPT] [OPT] PID: 8 | svchost.exe | Mode: NORMAL | Mask: 0xfffff
2026-06-06 19:28:39,916 [INFO] ChatTTS.Logic: [OPT] [OPT] PID: 1184 | svchost.exe | Mode: NORMAL | Mask: 0xfffff
2026-06-06 19:28:39,917 [INFO] ChatTTS.Logic: [OPT] [OPT] PID: 1356 | esrv.exe | Mode: NORMAL | Mask: 0xfffff
2026-06-06 19:28:39,917 [INFO] ChatTTS.Logic: [OPT] [OPT] PID: 1416 | winlogon.exe | Mode: NORMAL | Mask: 0xfffff
2026-06-06 19:28:39,918 [INFO] ChatTTS.Logic: [OPT] [OPT] PID: 1472 | LsaIso.exe | Mode: NORMAL | Mask: 0xfffff
2026-06-06 19:28:39,918 [INFO] ChatTTS.Logic: [OPT] [OPT] PID: 1632 | svchost.exe | Mode: NORMAL | Mask: 0xfffff
2026-06-06 19:28:39,919 [INFO] ChatTTS.Logic: [OPT] [OPT] PID: 1660 | fontdrvhost.exe | Mode: NORMAL | Mask: 0xfffff
2026-06-06 19:28:39,919 [INFO] ChatTTS.Logic: [OPT] [OPT] PID: 1668 | fontdrvhost.exe | Mode: NORMAL | Mask: 0xfffff
2026-06-06 19:28:39,932 [INFO] ChatTTS.Logic: [OPT] [OPT] PID: 1704 | WUDFHost.exe | Mode: NORMAL | Mask: 0xfffff
2026-06-06 19:28:39,933 [INFO] ChatTTS.Logic: [OPT] [OPT] PID: 1800 | svchost.exe | Mode: NORMAL | Mask: 0xfffff
2026-06-06 19:28:39,933 [INFO] ChatTTS.Logic: [OPT] [OPT] PID: 1860 | WUDFHost.exe | Mode: NORMAL | Mask: 0xfffff
2026-06-06 19:28:39,934 [INFO] ChatTTS.Logic: [OPT] [OPT] PID: 1944 | dwm.exe | Mode: NORMAL | Mask: 0xfffff
2026-06-06 19:28:39,934 [INFO] ChatTTS.Logic: [OPT] [OPT] PID: 1992 | svchost.exe | Mode: NORMAL | Mask: 0xfffff
2026-06-06 19:28:39,935 [INFO] ChatTTS.Logic: [OPT] [OPT] PID: 2016 | WmiPrvSE.exe | Mode: NORMAL | Mask: 0xfffff
2026-06-06 19:28:39,935 [INFO] ChatTTS.Logic: [OPT] [OPT] PID: 2024 | svchost.exe | Mode: NORMAL | Mask: 0xfffff
2026-06-06 19:28:39,936 [INFO] ChatTTS.Logic: [OPT] [OPT] PID: 2032 | svchost.exe | Mode: NORMAL | Mask: 0xfffff
2026-06-06 19:28:39,936 [INFO] ChatTTS.Logic: [OPT] [OPT] PID: 2040 | svchost.exe | Mode: NORMAL | Mask: 0xfffff
2026-06-06 19:28:39,937 [INFO] ChatTTS.Logic: [OPT] [OPT] PID: 2052 | Code.exe | Mode: NORMAL | Mask: 0xfffff
2026-06-06 19:28:39,938 [INFO] ChatTTS.Logic: [OPT] [OPT] PID: 2136 | svchost.exe | Mode: NORMAL | Mask: 0xfffff
2026-06-06 19:28:39,939 [INFO] ChatTTS.Logic: [OPT] [OPT] PID: 2240 | RTSS.exe | Mode: NORMAL | Mask: 0xfffff
2026-06-06 19:28:39,939 [INFO] ChatTTS.Logic: [OPT] [OPT] PID: 2248 | Code.exe | Mode: NORMAL | Mask: 0xfffff
2026-06-06 19:28:39,940 [INFO] ChatTTS.Logic: [OPT] [OPT] PID: 2360 | svchost.exe | Mode: NORMAL | Mask: 0xfffff
2026-06-06 19:28:39,940 [INFO] ChatTTS.Logic: [OPT] [OPT] PID: 2428 | svchost.exe | Mode: NORMAL | Mask: 0xfffff
2026-06-06 19:28:39,941 [INFO] ChatTTS.Logic: [OPT] [OPT] PID: 2452 | svchost.exe | Mode: NORMAL | Mask: 0xfffff
2026-06-06 19:28:39,942 [INFO] ChatTTS.Logic: [OPT] [OPT] PID: 2504 | svchost.exe | Mode: NORMAL | Mask: 0xfffff
2026-06-06 19:28:39,943 [INFO] ChatTTS.Logic: [OPT] [OPT] PID: 2576 | svchost.exe | Mode: NORMAL | Mask: 0xfffff
2026-06-06 19:28:39,943 [INFO] ChatTTS.Logic: [OPT] [OPT] PID: 2628 | svchost.exe | Mode: NORMAL | Mask: 0xfffff
2026-06-06 19:28:39,949 [INFO] ChatTTS.Logic: [OPT] [OPT] PID: 2868 | svchost.exe | Mode: NORMAL | Mask: 0xfffff
2026-06-06 19:28:39,949 [INFO] ChatTTS.Logic: [OPT] [OPT] PID: 3124 | CodeSetup-stable-6a44c352bd24569c417e530095901b649960f9f8.tmp | Mode: NORMAL | Mask: 0xfffff
2026-06-06 19:28:39,950 [INFO] ChatTTS.Logic: [OPT] [OPT] PID: 3196 | NVDisplay.Container.exe | Mode: NORMAL | Mask: 0xfffff
2026-06-06 19:28:39,956 [INFO] ChatTTS.Logic: [OPT] [OPT] PID: 3208 | pwsh.exe | Mode: NORMAL | Mask: 0xfffff
2026-06-06 19:28:39,958 [INFO] ChatTTS.Logic: [OPT] [OPT] PID: 3316 | Code.exe | Mode: NORMAL | Mask: 0xfffff
2026-06-06 19:28:39,962 [INFO] ChatTTS.Logic: [OPT] [OPT] PID: 3404 | svchost.exe | Mode: NORMAL | Mask: 0xfffff
2026-06-06 19:28:39,963 [INFO] ChatTTS.Logic: [OPT] [OPT] PID: 3468 | chrome.exe | Mode: NORMAL | Mask: 0xfffff
2026-06-06 19:28:39,967 [INFO] ChatTTS.Logic: [OPT] [OPT] PID: 3472 | AppHelperCap.exe | Mode: NORMAL | Mask: 0xfffff
2026-06-06 19:28:39,971 [INFO] ChatTTS.Logic: [OPT] [OPT] PID: 3488 | TouchpointAnalyticsClientService.exe | Mode: NORMAL | Mask: 0xfffff
2026-06-06 19:28:39,974 [INFO] ChatTTS.Logic: [OPT] [OPT] PID: 3500 | NetworkCap.exe | Mode: NORMAL | Mask: 0xfffff
2026-06-06 19:28:39,979 [INFO] ChatTTS.Logic: [OPT] [OPT] PID: 3508 | DiagsCap.exe | Mode: NORMAL | Mask: 0xfffff
2026-06-06 19:28:39,983 [INFO] ChatTTS.Logic: [OPT] [OPT] PID: 3536 | esrv_svc.exe | Mode: NORMAL | Mask: 0xfffff
2026-06-06 19:28:39,987 [INFO] ChatTTS.Logic: [OPT] [OPT] PID: 3580 | svchost.exe | Mode: NORMAL | Mask: 0xfffff
2026-06-06 19:28:39,992 [INFO] ChatTTS.Logic: [OPT] [OPT] PID: 3596 | svchost.exe | Mode: NORMAL | Mask: 0xfffff
2026-06-06 19:28:39,996 [INFO] ChatTTS.Logic: [OPT] [OPT] PID: 3612 | svchost.exe | Mode: NORMAL | Mask: 0xfffff
2026-06-06 19:28:40,000 [INFO] ChatTTS.Logic: [OPT] [OPT] PID: 3668 | svchost.exe | Mode: NORMAL | Mask: 0xfffff
2026-06-06 19:28:40,006 [INFO] ChatTTS.Logic: [OPT] [OPT] PID: 3760 | NVDisplay.Container.exe | Mode: NORMAL | Mask: 0xfffff
2026-06-06 19:28:40,008 [INFO] ChatTTS.Logic: [OPT] [OPT] PID: 3904 | chrome.exe | Mode: NORMAL | Mask: 0xfffff
2026-06-06 19:28:40,009 [INFO] ChatTTS.Logic: [OPT] [OPT] PID: 3956 | RuntimeBroker.exe | Mode: NORMAL | Mask: 0xfffff
2026-06-06 19:28:40,013 [INFO] ChatTTS.Logic: [OPT] [OPT] PID: 3996 | chrome.exe | Mode: NORMAL | Mask: 0xfffff
2026-06-06 19:28:40,020 [INFO] ChatTTS.Logic: [OPT] [OPT] PID: 4164 | ApplicationFrameHost.exe | Mode: NORMAL | Mask: 0xfffff
2026-06-06 19:28:40,023 [INFO] ChatTTS.Logic: [OPT] [OPT] PID: 4220 | spoolsv.exe | Mode: NORMAL | Mask: 0xfffff
2026-06-06 19:28:40,028 [INFO] ChatTTS.Logic: [OPT] [OPT] PID: 4252 | svchost.exe | Mode: NORMAL | Mask: 0xfffff
2026-06-06 19:28:40,032 [INFO] ChatTTS.Logic: [OPT] [OPT] PID: 4356 | svchost.exe | Mode: NORMAL | Mask: 0xfffff
2026-06-06 19:28:40,036 [INFO] ChatTTS.Logic: [OPT] [OPT] PID: 4416 | chrome.exe | Mode: NORMAL | Mask: 0xfffff
2026-06-06 19:28:40,040 [INFO] ChatTTS.Logic: [OPT] [OPT] PID: 4432 | ipf_helper.exe | Mode: NORMAL | Mask: 0xfffff
2026-06-06 19:28:40,044 [INFO] ChatTTS.Logic: [OPT] [OPT] PID: 4524 | AnyDesk.exe | Mode: NORMAL | Mask: 0xfffff
2026-06-06 19:28:40,049 [INFO] ChatTTS.Logic: [OPT] [OPT] PID: 4552 | ETDCtrl.exe | Mode: NORMAL | Mask: 0xfffff
2026-06-06 19:28:40,053 [INFO] ChatTTS.Logic: [OPT] [OPT] PID: 4568 | chrome.exe | Mode: NORMAL | Mask: 0xfffff
2026-06-06 19:28:40,057 [INFO] ChatTTS.Logic: [OPT] [OPT] PID: 4584 | ETDService.exe | Mode: NORMAL | Mask: 0xfffff
2026-06-06 19:28:40,061 [INFO] ChatTTS.Logic: [OPT] [OPT] PID: 4608 | remoting_host.exe | Mode: NORMAL | Mask: 0xfffff
2026-06-06 19:28:40,065 [INFO] ChatTTS.Logic: [OPT] [OPT] PID: 4624 | IntelAudioService.exe | Mode: NORMAL | Mask: 0xfffff
2026-06-06 19:28:40,069 [INFO] ChatTTS.Logic: [OPT] [OPT] PID: 4632 | IntelGraphicsSoftware.Service.exe | Mode: NORMAL | Mask: 0xfffff
2026-06-06 19:28:40,073 [INFO] ChatTTS.Logic: [OPT] [OPT] PID: 4648 | jhi_service.exe | Mode: NORMAL | Mask: 0xfffff
2026-06-06 19:28:40,078 [INFO] ChatTTS.Logic: [OPT] [OPT] PID: 4708 | vmnat.exe | Mode: NORMAL | Mask: 0xfffff
2026-06-06 19:28:40,082 [INFO] ChatTTS.Logic: [OPT] [OPT] PID: 4716 | XtuService.exe | Mode: NORMAL | Mask: 0xfffff
2026-06-06 19:28:40,087 [INFO] ChatTTS.Logic: [OPT] [OPT] PID: 4724 | WMIRegistrationService.exe | Mode: NORMAL | Mask: 0xfffff
2026-06-06 19:28:40,092 [INFO] ChatTTS.Logic: [OPT] [OPT] PID: 4732 | vmnetdhcp.exe | Mode: NORMAL | Mask: 0xfffff
2026-06-06 19:28:40,095 [INFO] ChatTTS.Logic: [OPT] [OPT] PID: 4740 | vmware-usbarbitrator64.exe | Mode: NORMAL | Mask: 0xfffff
2026-06-06 19:28:40,099 [INFO] ChatTTS.Logic: [OPT] [OPT] PID: 4752 | vmware-authd.exe | Mode: NORMAL | Mask: 0xfffff
2026-06-06 19:28:40,103 [INFO] ChatTTS.Logic: [OPT] [OPT] PID: 4772 | SECOMN64.exe | Mode: NORMAL | Mask: 0xfffff
2026-06-06 19:28:40,107 [INFO] ChatTTS.Logic: [OPT] [OPT] PID: 4780 | RtkAudUService64.exe | Mode: NORMAL | Mask: 0xfffff
2026-06-06 19:28:40,113 [INFO] ChatTTS.Logic: [OPT] [OPT] PID: 4788 | nvcontainer.exe | Mode: NORMAL | Mask: 0xfffff
2026-06-06 19:28:40,118 [INFO] ChatTTS.Logic: [OPT] [OPT] PID: 4796 | SurSvc.exe | Mode: NORMAL | Mask: 0xfffff
2026-06-06 19:28:40,122 [INFO] ChatTTS.Logic: [OPT] [OPT] PID: 4804 | svchost.exe | Mode: NORMAL | Mask: 0xfffff
2026-06-06 19:28:40,126 [INFO] ChatTTS.Logic: [OPT] [OPT] PID: 4904 | ipf_uf.exe | Mode: NORMAL | Mask: 0xfffff
2026-06-06 19:28:40,127 [INFO] ChatTTS.Logic: [OPT] [OPT] PID: 4916 | TeamViewer_Service.exe | Mode: NORMAL | Mask: 0xfffff
2026-06-06 19:28:40,131 [INFO] ChatTTS.Logic: [OPT] [OPT] PID: 4932 | Pearl Abyss Launcher.exe | Mode: NORMAL | Mask: 0xfffff
2026-06-06 19:28:40,132 [INFO] ChatTTS.Logic: [OPT] [OPT] PID: 5540 | pwsh.exe | Mode: NORMAL | Mask: 0xfffff
2026-06-06 19:28:40,136 [INFO] ChatTTS.Logic: [OPT] [OPT] PID: 5860 | SearchHost.exe | Mode: NORMAL | Mask: 0xfffff
2026-06-06 19:28:40,140 [INFO] ChatTTS.Logic: [OPT] [OPT] PID: 5900 | remoting_host.exe | Mode: NORMAL | Mask: 0xfffff
2026-06-06 19:28:40,144 [INFO] ChatTTS.Logic: [OPT] [OPT] PID: 6208 | audiodg.exe | Mode: NORMAL | Mask: 0xfffff
2026-06-06 19:28:40,149 [INFO] ChatTTS.Logic: [OPT] [OPT] PID: 6460 | PresentMonService.exe | Mode: NORMAL | Mask: 0xfffff
2026-06-06 19:28:40,154 [INFO] ChatTTS.Logic: [OPT] [OPT] PID: 6468 | conhost.exe | Mode: NORMAL | Mask: 0xfffff
2026-06-06 19:28:40,159 [INFO] ChatTTS.Logic: [OPT] [OPT] PID: 6668 | svchost.exe | Mode: NORMAL | Mask: 0xfffff
2026-06-06 19:28:40,163 [INFO] ChatTTS.Logic: [OPT] [OPT] PID: 6816 | WmiPrvSE.exe | Mode: NORMAL | Mask: 0xfffff
2026-06-06 19:28:40,168 [INFO] ChatTTS.Logic: [OPT] [OPT] PID: 6860 | svchost.exe | Mode: NORMAL | Mask: 0xfffff
2026-06-06 19:28:40,173 [INFO] ChatTTS.Logic: [OPT] [OPT] PID: 7336 | chrome.exe | Mode: NORMAL | Mask: 0xfffff
2026-06-06 19:28:40,177 [INFO] ChatTTS.Logic: [OPT] [OPT] PID: 7428 | wlanext.exe | Mode: NORMAL | Mask: 0xfffff
2026-06-06 19:28:40,181 [INFO] ChatTTS.Logic: [OPT] [OPT] PID: 7464 | DiscordSystemHelper.exe | Mode: NORMAL | Mask: 0xfffff
2026-06-06 19:28:40,186 [INFO] ChatTTS.Logic: [OPT] [OPT] PID: 7516 | crashpad_handler.exe | Mode: NORMAL | Mask: 0xfffff
2026-06-06 19:28:40,189 [INFO] ChatTTS.Logic: [OPT] [OPT] PID: 7540 | nvcontainer.exe | Mode: NORMAL | Mask: 0xfffff
2026-06-06 19:28:40,193 [INFO] ChatTTS.Logic: [OPT] [OPT] PID: 7872 | chrome.exe | Mode: NORMAL | Mask: 0xfffff
2026-06-06 19:28:40,198 [INFO] ChatTTS.Logic: [OPT] [OPT] PID: 8104 | EncoderServer.exe | Mode: NORMAL | Mask: 0xfffff
2026-06-06 19:28:40,202 [INFO] ChatTTS.Logic: [OPT] [OPT] PID: 8204 | nvcontainer.exe | Mode: NORMAL | Mask: 0xfffff
2026-06-06 19:28:40,206 [INFO] ChatTTS.Logic: [OPT] [OPT] PID: 8256 | conhost.exe | Mode: NORMAL | Mask: 0xfffff
2026-06-06 19:28:40,207 [INFO] ChatTTS.Logic: [OPT] [OPT] PID: 8264 | SECOCL64.exe | Mode: NORMAL | Mask: 0xfffff
2026-06-06 19:28:40,211 [INFO] ChatTTS.Logic: [OPT] [OPT] PID: 8404 | sihost.exe | Mode: NORMAL | Mask: 0xfffff
2026-06-06 19:28:40,212 [INFO] ChatTTS.Logic: [OPT] [OPT] PID: 8464 | explorer.exe | Mode: NORMAL | Mask: 0xfffff
2026-06-06 19:28:40,216 [INFO] ChatTTS.Logic: [OPT] [OPT] PID: 8512 | svchost.exe | Mode: NORMAL | Mask: 0xfffff
2026-06-06 19:28:40,220 [INFO] ChatTTS.Logic: [OPT] [OPT] PID: 8524 | svchost.exe | Mode: NORMAL | Mask: 0xfffff
2026-06-06 19:28:40,224 [INFO] ChatTTS.Logic: [OPT] [OPT] PID: 8596 | svchost.exe | Mode: NORMAL | Mask: 0xfffff
2026-06-06 19:28:40,229 [INFO] ChatTTS.Logic: [OPT] [OPT] PID: 8684 | MSIAfterburner.exe | Mode: NORMAL | Mask: 0xfffff
2026-06-06 19:28:40,232 [INFO] ChatTTS.Logic: [OPT] [OPT] PID: 8776 | svchost.exe | Mode: NORMAL | Mask: 0xfffff
2026-06-06 19:28:40,238 [INFO] ChatTTS.Logic: [OPT] [OPT] PID: 9008 | taskhostw.exe | Mode: NORMAL | Mask: 0xfffff
2026-06-06 19:28:40,242 [INFO] ChatTTS.Logic: [OPT] [OPT] PID: 9064 | StartMenuExperienceHost.exe | Mode: NORMAL | Mask: 0xfffff
2026-06-06 19:28:40,246 [INFO] ChatTTS.Logic: [OPT] [OPT] PID: 9144 | cmd.exe | Mode: NORMAL | Mask: 0xfffff
2026-06-06 19:28:40,251 [INFO] ChatTTS.Logic: [OPT] [OPT] PID: 9388 | chrome.exe | Mode: NORMAL | Mask: 0xfffff
2026-06-06 19:28:40,255 [INFO] ChatTTS.Logic: [OPT] [OPT] PID: 9472 | CrossDeviceResume.exe | Mode: NORMAL | Mask: 0xfffff
2026-06-06 19:28:40,259 [INFO] ChatTTS.Logic: [OPT] [OPT] PID: 9864 | RtkAudUService64.exe | Mode: NORMAL | Mask: 0xfffff
2026-06-06 19:28:40,262 [INFO] ChatTTS.Logic: [OPT] [OPT] PID: 10036 | svchost.exe | Mode: NORMAL | Mask: 0xfffff
2026-06-06 19:28:40,267 [INFO] ChatTTS.Logic: [OPT] [OPT] PID: 10300 | TabTip.exe | Mode: NORMAL | Mask: 0xfffff
2026-06-06 19:28:40,272 [INFO] ChatTTS.Logic: [OPT] [OPT] PID: 10392 | chrome.exe | Mode: NORMAL | Mask: 0xfffff
2026-06-06 19:28:40,276 [INFO] ChatTTS.Logic: [OPT] [OPT] PID: 10424 | dllhost.exe | Mode: NORMAL | Mask: 0xfffff
2026-06-06 19:28:40,280 [INFO] ChatTTS.Logic: [OPT] [OPT] PID: 10544 | RuntimeBroker.exe | Mode: NORMAL | Mask: 0xfffff
2026-06-06 19:28:40,285 [INFO] ChatTTS.Logic: [OPT] [OPT] PID: 10552 | svchost.exe | Mode: NORMAL | Mask: 0xfffff
2026-06-06 19:28:40,290 [INFO] ChatTTS.Logic: [OPT] [OPT] PID: 10616 | node.exe | Mode: NORMAL | Mask: 0xfffff
2026-06-06 19:28:40,294 [INFO] ChatTTS.Logic: [OPT] [OPT] PID: 10780 | TDitbamStreamerSuite.exe | Mode: NORMAL | Mask: 0xfffff
2026-06-06 19:28:40,299 [INFO] ChatTTS.Logic: [OPT] [OPT] PID: 11204 | BraveCrashHandler.exe | Mode: NORMAL | Mask: 0xfffff
2026-06-06 19:28:40,300 [INFO] ChatTTS.Logic: [OPT] [OPT] PID: 11232 | BraveCrashHandler64.exe | Mode: NORMAL | Mask: 0xfffff
2026-06-06 19:28:40,304 [INFO] ChatTTS.Logic: [OPT] [OPT] PID: 11320 | chrome.exe | Mode: NORMAL | Mask: 0xfffff
2026-06-06 19:28:40,305 [INFO] ChatTTS.Logic: [OPT] [OPT] PID: 11392 | ShellHost.exe | Mode: NORMAL | Mask: 0xfffff
2026-06-06 19:28:40,309 [INFO] ChatTTS.Logic: [OPT] [OPT] PID: 11480 | conhost.exe | Mode: NORMAL | Mask: 0xfffff
2026-06-06 19:28:40,314 [INFO] ChatTTS.Logic: [OPT] [OPT] PID: 11872 | DataExchangeHost.exe | Mode: NORMAL | Mask: 0xfffff
2026-06-06 19:28:40,319 [INFO] ChatTTS.Logic: [OPT] [OPT] PID: 11904 | msedgewebview2.exe | Mode: NORMAL | Mask: 0xfffff
2026-06-06 19:28:40,323 [INFO] ChatTTS.Logic: [OPT] [OPT] PID: 12116 | svchost.exe | Mode: NORMAL | Mask: 0xfffff
2026-06-06 19:28:40,327 [INFO] ChatTTS.Logic: [OPT] [OPT] PID: 12136 | msedgewebview2.exe | Mode: NORMAL | Mask: 0xfffff
2026-06-06 19:28:40,331 [INFO] ChatTTS.Logic: [OPT] [OPT] PID: 12340 | chrome.exe | Mode: NORMAL | Mask: 0xfffff
2026-06-06 19:28:40,335 [INFO] ChatTTS.Logic: [OPT] [OPT] PID: 12536 | msedgewebview2.exe | Mode: NORMAL | Mask: 0xfffff
2026-06-06 19:28:40,338 [INFO] ChatTTS.Logic: [OPT] [OPT] PID: 12544 | msedgewebview2.exe | Mode: NORMAL | Mask: 0xfffff
2026-06-06 19:28:40,343 [INFO] ChatTTS.Logic: [OPT] [OPT] PID: 12604 | msedgewebview2.exe | Mode: NORMAL | Mask: 0xfffff
2026-06-06 19:28:40,348 [INFO] ChatTTS.Logic: [OPT] [OPT] PID: 12888 | msedgewebview2.exe | Mode: NORMAL | Mask: 0xfffff
2026-06-06 19:28:40,352 [INFO] ChatTTS.Logic: [OPT] [OPT] PID: 12948 | RTSSHooksLoader64.exe | Mode: NORMAL | Mask: 0xfffff
2026-06-06 19:28:40,357 [INFO] ChatTTS.Logic: [OPT] [OPT] PID: 13300 | Code.exe | Mode: NORMAL | Mask: 0xfffff
2026-06-06 19:28:40,362 [INFO] ChatTTS.Logic: [OPT] [OPT] PID: 13396 | ShellExperienceHost.exe | Mode: NORMAL | Mask: 0xfffff
2026-06-06 19:28:40,362 [INFO] ChatTTS.Logic: [OPT] [OPT] PID: 13724 | OpenConsole.exe | Mode: NORMAL | Mask: 0xfffff
2026-06-06 19:28:40,366 [INFO] ChatTTS.Logic: [OPT] [OPT] PID: 13792 | ctfmon.exe | Mode: NORMAL | Mask: 0xfffff
2026-06-06 19:28:40,371 [INFO] ChatTTS.Logic: [OPT] [OPT] PID: 14008 | svchost.exe | Mode: NORMAL | Mask: 0xfffff
2026-06-06 19:28:40,375 [INFO] ChatTTS.Logic: [OPT] [OPT] PID: 14112 | conhost.exe | Mode: NORMAL | Mask: 0xfffff
2026-06-06 19:28:40,410 [INFO] ChatTTS.Logic: [OPT] [OPT] PID: 14152 | chrome.exe | Mode: NORMAL | Mask: 0xfffff
2026-06-06 19:28:40,415 [INFO] ChatTTS.Logic: [OPT] [OPT] PID: 14228 | Code.exe | Mode: NORMAL | Mask: 0xfffff
2026-06-06 19:28:40,420 [INFO] ChatTTS.Logic: [OPT] [OPT] PID: 14328 | pet.exe | Mode: NORMAL | Mask: 0xfffff
2026-06-06 19:28:40,424 [INFO] ChatTTS.Logic: [OPT] [OPT] PID: 14692 | Code.exe | Mode: NORMAL | Mask: 0xfffff
2026-06-06 19:28:40,428 [INFO] ChatTTS.Logic: [OPT] [OPT] PID: 14772 | pwsh.exe | Mode: NORMAL | Mask: 0xfffff
2026-06-06 19:28:40,432 [INFO] ChatTTS.Logic: [OPT] [OPT] PID: 14992 | TextInputHost.exe | Mode: NORMAL | Mask: 0xfffff
2026-06-06 19:28:40,436 [INFO] ChatTTS.Logic: [OPT] [OPT] PID: 15020 | smartscreen.exe | Mode: NORMAL | Mask: 0xfffff
2026-06-06 19:28:40,436 [INFO] ChatTTS.Logic: [OPT] [OPT] PID: 15076 | CodeSetup-stable-6a44c352bd24569c417e530095901b649960f9f8.exe | Mode: NORMAL | Mask: 0xfffff
2026-06-06 19:28:40,442 [INFO] ChatTTS.Logic: [OPT] [OPT] PID: 15392 | python3.12.exe | Mode: NORMAL | Mask: 0xfffff
2026-06-06 19:28:40,445 [INFO] ChatTTS.Logic: [OPT] [OPT] PID: 15420 | DiscordSystemHelper.exe | Mode: NORMAL | Mask: 0xfffff
2026-06-06 19:28:40,449 [INFO] ChatTTS.Logic: [OPT] [OPT] PID: 15504 | Code.exe | Mode: NORMAL | Mask: 0xfffff
2026-06-06 19:28:40,453 [INFO] ChatTTS.Logic: [OPT] [OPT] PID: 15764 | OpenConsole.exe | Mode: NORMAL | Mask: 0xfffff
2026-06-06 19:28:40,457 [INFO] ChatTTS.Logic: [OPT] [OPT] PID: 15820 | chrome.exe | Mode: NORMAL | Mask: 0xfffff
2026-06-06 19:28:40,461 [INFO] ChatTTS.Logic: [OPT] [OPT] PID: 15848 | RtkAudUService64.exe | Mode: NORMAL | Mask: 0xfffff
2026-06-06 19:28:40,465 [INFO] ChatTTS.Logic: [OPT] [OPT] PID: 15980 | vgtray.exe | Mode: NORMAL | Mask: 0xfffff
2026-06-06 19:28:40,470 [INFO] ChatTTS.Logic: [OPT] [OPT] PID: 16084 | Discord.exe | Mode: NORMAL | Mask: 0xfffff
2026-06-06 19:28:40,473 [INFO] ChatTTS.Logic: [OPT] [OPT] PID: 16188 | svchost.exe | Mode: NORMAL | Mask: 0xfffff
2026-06-06 19:28:40,478 [INFO] ChatTTS.Logic: [OPT] [OPT] PID: 16196 | Discord.exe | Mode: NORMAL | Mask: 0xfffff
2026-06-06 19:28:40,482 [INFO] ChatTTS.Logic: [OPT] [OPT] PID: 16312 | Discord.exe | Mode: NORMAL | Mask: 0xfffff
2026-06-06 19:28:40,486 [INFO] ChatTTS.Logic: [OPT] [OPT] PID: 16340 | Discord.exe | Mode: NORMAL | Mask: 0xfffff
2026-06-06 19:28:40,491 [INFO] ChatTTS.Logic: [OPT] [OPT] PID: 16560 | dllhost.exe | Mode: NORMAL | Mask: 0xfffff
2026-06-06 19:28:40,496 [INFO] ChatTTS.Logic: [OPT] [OPT] PID: 17112 | Discord.exe | Mode: NORMAL | Mask: 0xfffff
2026-06-06 19:28:40,499 [INFO] ChatTTS.Logic: [OPT] [OPT] PID: 17724 | SearchIndexer.exe | Mode: NORMAL | Mask: 0xfffff
2026-06-06 19:28:40,504 [INFO] ChatTTS.Logic: [OPT] [OPT] PID: 17756 | Discord.exe | Mode: NORMAL | Mask: 0xfffff
2026-06-06 19:28:40,508 [INFO] ChatTTS.Logic: [OPT] [OPT] PID: 18048 | svchost.exe | Mode: NORMAL | Mask: 0xfffff
2026-06-06 19:28:40,512 [INFO] ChatTTS.Logic: [OPT] [OPT] PID: 18060 | svchost.exe | Mode: NORMAL | Mask: 0xfffff
2026-06-06 19:28:40,515 [INFO] ChatTTS.Logic: [OPT] [OPT] PID: 18084 | Code.exe | Mode: NORMAL | Mask: 0xfffff
2026-06-06 19:28:40,520 [INFO] ChatTTS.Logic: [OPT] [OPT] PID: 18492 | Pearl Abyss Launcher.exe | Mode: NORMAL | Mask: 0xfffff
2026-06-06 19:28:40,524 [INFO] ChatTTS.Logic: [OPT] [OPT] PID: 18584 | chrome.exe | Mode: NORMAL | Mask: 0xfffff
2026-06-06 19:28:40,529 [INFO] ChatTTS.Logic: [OPT] [OPT] PID: 18764 | Notepad.exe | Mode: NORMAL | Mask: 0xfffff
2026-06-06 19:28:40,533 [INFO] ChatTTS.Logic: [OPT] [OPT] PID: 18956 | Pearl Abyss Launcher.exe | Mode: NORMAL | Mask: 0xfffff
2026-06-06 19:28:40,537 [INFO] ChatTTS.Logic: [OPT] [OPT] PID: 18988 | Pearl Abyss Launcher.exe | Mode: NORMAL | Mask: 0xfffff
2026-06-06 19:28:40,541 [INFO] ChatTTS.Logic: [OPT] [OPT] PID: 19116 | Pearl Abyss Launcher.exe | Mode: NORMAL | Mask: 0xfffff
2026-06-06 19:28:40,546 [INFO] ChatTTS.Logic: [OPT] [OPT] PID: 19180 | Pearl Abyss Launcher.exe | Mode: NORMAL | Mask: 0xfffff
2026-06-06 19:28:40,551 [INFO] ChatTTS.Logic: [OPT] [OPT] PID: 19648 | TDitbamStreamerSuite.exe | Mode: NORMAL | Mask: 0xfffff
2026-06-06 19:28:40,555 [INFO] ChatTTS.Logic: [OPT] [OPT] PID: 19800 | chrome.exe | Mode: NORMAL | Mask: 0xfffff
2026-06-06 19:28:40,561 [INFO] ChatTTS.Logic: [OPT] [OPT] PID: 19940 | Pearl Abyss Launcher.exe | Mode: NORMAL | Mask: 0xfffff
2026-06-06 19:28:40,565 [INFO] ChatTTS.Logic: [OPT] [OPT] PID: 20156 | conhost.exe | Mode: NORMAL | Mask: 0xfffff
2026-06-06 19:28:40,570 [INFO] ChatTTS.Logic: [OPT] [OPT] PID: 20240 | Pearl Abyss Launcher.exe | Mode: NORMAL | Mask: 0xfffff
2026-06-06 19:28:40,575 [INFO] ChatTTS.Logic: [OPT] [OPT] PID: 20244 | Code.exe | Mode: NORMAL | Mask: 0xfffff
2026-06-06 19:28:40,580 [INFO] ChatTTS.Logic: [OPT] [OPT] PID: 20392 | conhost.exe | Mode: NORMAL | Mask: 0xfffff
2026-06-06 19:28:40,585 [INFO] ChatTTS.Logic: [OPT] [OPT] PID: 20528 | node.exe | Mode: NORMAL | Mask: 0xfffff
2026-06-06 19:28:40,589 [INFO] ChatTTS.Logic: [OPT] [OPT] PID: 20752 | chrome.exe | Mode: NORMAL | Mask: 0xfffff
2026-06-06 19:28:40,594 [INFO] ChatTTS.Logic: [OPT] [OPT] PID: 20756 | chrome.exe | Mode: NORMAL | Mask: 0xfffff
2026-06-06 19:28:40,598 [INFO] ChatTTS.Logic: [OPT] [OPT] PID: 20856 | XboxPcAppFT.exe | Mode: NORMAL | Mask: 0xfffff
2026-06-06 19:28:40,602 [INFO] ChatTTS.Logic: [OPT] [OPT] PID: 21052 | chrome.exe | Mode: NORMAL | Mask: 0xfffff
2026-06-06 19:28:40,604 [INFO] ChatTTS.Logic: [OPT] [OPT] PID: 21136 | chrome.exe | Mode: NORMAL | Mask: 0xfffff
2026-06-06 19:28:40,609 [INFO] ChatTTS.Logic: [OPT] [OPT] PID: 21524 | svchost.exe | Mode: NORMAL | Mask: 0xfffff
2026-06-06 19:28:40,614 [INFO] ChatTTS.Logic: [OPT] [OPT] PID: 22180 | svchost.exe | Mode: NORMAL | Mask: 0xfffff
2026-06-06 19:28:40,619 [INFO] ChatTTS.Logic: [OPT] [OPT] PID: 22852 | chrome.exe | Mode: NORMAL | Mask: 0xfffff
2026-06-06 19:28:40,624 [INFO] ChatTTS.Logic: [OPT] [OPT] PID: 23076 | Code.exe | Mode: NORMAL | Mask: 0xfffff
2026-06-06 19:28:40,630 [INFO] ChatTTS.Logic: [OPT] [OPT] PID: 23136 | OpenConsole.exe | Mode: NORMAL | Mask: 0xfffff
2026-06-06 19:28:40,635 [INFO] ChatTTS.Logic: [OPT] [OPT] PID: 23168 | chrome.exe | Mode: NORMAL | Mask: 0xfffff
2026-06-06 19:28:41,090 [INFO] ChatTTS.Logic: Stopping Optimizer Service...
2026-06-06 19:29:02,530 [INFO] ChatTTS.Logic: Starting Optimizer Service...
2026-06-06 19:29:02,538 [INFO] ChatTTS.Logic: [OPT] [*] Running Scheduled Auto-Cleanup...
2026-06-06 19:29:02,545 [INFO] ChatTTS.Logic: [OPT] [*] Scanning: C:\Users\temp8\AppData\Local\Temp
2026-06-06 19:29:02,556 [INFO] ChatTTS.Logic: [OPT] [*] Scanning: C:\Windows\Temp
2026-06-06 19:29:02,565 [INFO] ChatTTS.Logic: [OPT] [*] Scanning: C:\Users\temp8\AppData\Local\NVIDIA\DXCache
2026-06-06 19:29:02,575 [INFO] ChatTTS.Logic: [OPT] [OPT] PID: 8 | svchost.exe | Mode: NORMAL | Mask: 0xfffff
2026-06-06 19:29:02,576 [INFO] ChatTTS.Logic: [OPT] [OPT] PID: 1184 | svchost.exe | Mode: NORMAL | Mask: 0xfffff
2026-06-06 19:29:02,580 [INFO] ChatTTS.Logic: [OPT] [OPT] PID: 1356 | esrv.exe | Mode: NORMAL | Mask: 0xfffff
2026-06-06 19:29:02,584 [INFO] ChatTTS.Logic: [OPT] [OPT] PID: 1416 | winlogon.exe | Mode: NORMAL | Mask: 0xfffff
2026-06-06 19:29:02,586 [INFO] ChatTTS.Logic: [OPT] [OPT] PID: 1472 | LsaIso.exe | Mode: NORMAL | Mask: 0xfffff
2026-06-06 19:29:02,592 [INFO] ChatTTS.Logic: [OPT] [OPT] PID: 1632 | svchost.exe | Mode: NORMAL | Mask: 0xfffff
2026-06-06 19:29:02,593 [INFO] ChatTTS.Logic: [OPT] [OPT] PID: 1660 | fontdrvhost.exe | Mode: NORMAL | Mask: 0xfffff
2026-06-06 19:29:02,598 [INFO] ChatTTS.Logic: [OPT] [OPT] PID: 1668 | fontdrvhost.exe | Mode: NORMAL | Mask: 0xfffff
2026-06-06 19:29:02,602 [INFO] ChatTTS.Logic: [OPT] [OPT] PID: 1704 | WUDFHost.exe | Mode: NORMAL | Mask: 0xfffff
2026-06-06 19:29:02,605 [INFO] ChatTTS.Logic: [OPT] [OPT] PID: 1800 | svchost.exe | Mode: NORMAL | Mask: 0xfffff
2026-06-06 19:29:02,607 [INFO] ChatTTS.Logic: [OPT] [OPT] PID: 1860 | WUDFHost.exe | Mode: NORMAL | Mask: 0xfffff
2026-06-06 19:29:02,608 [INFO] ChatTTS.Logic: [OPT] [OPT] PID: 1944 | dwm.exe | Mode: NORMAL | Mask: 0xfffff
2026-06-06 19:29:02,609 [INFO] ChatTTS.Logic: [OPT] [OPT] PID: 1992 | svchost.exe | Mode: NORMAL | Mask: 0xfffff
2026-06-06 19:29:02,610 [INFO] ChatTTS.Logic: [OPT] [OPT] PID: 2016 | WmiPrvSE.exe | Mode: NORMAL | Mask: 0xfffff
2026-06-06 19:29:02,612 [INFO] ChatTTS.Logic: [OPT] [OPT] PID: 2024 | svchost.exe | Mode: NORMAL | Mask: 0xfffff
2026-06-06 19:29:02,613 [INFO] ChatTTS.Logic: [OPT] [OPT] PID: 2032 | svchost.exe | Mode: NORMAL | Mask: 0xfffff
2026-06-06 19:29:02,618 [INFO] ChatTTS.Logic: [OPT] [OPT] PID: 2040 | svchost.exe | Mode: NORMAL | Mask: 0xfffff
2026-06-06 19:29:02,622 [INFO] ChatTTS.Logic: [OPT] [OPT] PID: 2052 | Code.exe | Mode: NORMAL | Mask: 0xfffff
2026-06-06 19:29:02,626 [INFO] ChatTTS.Logic: [OPT] [OPT] PID: 2136 | svchost.exe | Mode: NORMAL | Mask: 0xfffff
2026-06-06 19:29:02,630 [INFO] ChatTTS.Logic: [OPT] [OPT] PID: 2240 | RTSS.exe | Mode: NORMAL | Mask: 0xfffff
2026-06-06 19:29:02,635 [INFO] ChatTTS.Logic: [OPT] [OPT] PID: 2248 | Code.exe | Mode: NORMAL | Mask: 0xfffff
2026-06-06 19:29:02,644 [INFO] ChatTTS.Logic: [OPT] [OPT] PID: 2360 | svchost.exe | Mode: NORMAL | Mask: 0xfffff
2026-06-06 19:29:02,649 [INFO] ChatTTS.Logic: [OPT] [OPT] PID: 2428 | svchost.exe | Mode: NORMAL | Mask: 0xfffff
2026-06-06 19:29:02,653 [INFO] ChatTTS.Logic: [OPT] [OPT] PID: 2452 | svchost.exe | Mode: NORMAL | Mask: 0xfffff
2026-06-06 19:29:02,658 [INFO] ChatTTS.Logic: [OPT] [OPT] PID: 2504 | svchost.exe | Mode: NORMAL | Mask: 0xfffff
2026-06-06 19:29:02,662 [INFO] ChatTTS.Logic: [OPT] [OPT] PID: 2544 | svchost.exe | Mode: NORMAL | Mask: 0xfffff
2026-06-06 19:29:02,668 [INFO] ChatTTS.Logic: [OPT] [OPT] PID: 2576 | svchost.exe | Mode: NORMAL | Mask: 0xfffff
2026-06-06 19:29:02,669 [INFO] ChatTTS.Logic: [OPT] [OPT] PID: 2628 | svchost.exe | Mode: NORMAL | Mask: 0xfffff
2026-06-06 19:29:02,670 [INFO] ChatTTS.Logic: [OPT] [OPT] PID: 2868 | svchost.exe | Mode: NORMAL | Mask: 0xfffff
2026-06-06 19:29:02,674 [INFO] ChatTTS.Logic: [OPT] [OPT] PID: 3124 | CodeSetup-stable-6a44c352bd24569c417e530095901b649960f9f8.tmp | Mode: NORMAL | Mask: 0xfffff
2026-06-06 19:29:02,675 [INFO] ChatTTS.Logic: [OPT] [OPT] PID: 3196 | NVDisplay.Container.exe | Mode: NORMAL | Mask: 0xfffff
2026-06-06 19:29:02,677 [INFO] ChatTTS.Logic: [OPT] [OPT] PID: 3208 | pwsh.exe | Mode: NORMAL | Mask: 0xfffff
2026-06-06 19:29:02,681 [INFO] ChatTTS.Logic: [OPT] [OPT] PID: 3316 | Code.exe | Mode: NORMAL | Mask: 0xfffff
2026-06-06 19:29:02,685 [INFO] ChatTTS.Logic: [OPT] [OPT] PID: 3404 | svchost.exe | Mode: NORMAL | Mask: 0xfffff
2026-06-06 19:29:02,688 [INFO] ChatTTS.Logic: [OPT] [OPT] PID: 3468 | chrome.exe | Mode: NORMAL | Mask: 0xfffff
2026-06-06 19:29:02,693 [INFO] ChatTTS.Logic: [OPT] [OPT] PID: 3472 | AppHelperCap.exe | Mode: NORMAL | Mask: 0xfffff
2026-06-06 19:29:02,696 [INFO] ChatTTS.Logic: [OPT] [OPT] PID: 3488 | TouchpointAnalyticsClientService.exe | Mode: NORMAL | Mask: 0xfffff
2026-06-06 19:29:02,702 [INFO] ChatTTS.Logic: [OPT] [OPT] PID: 3500 | NetworkCap.exe | Mode: NORMAL | Mask: 0xfffff
2026-06-06 19:29:02,706 [INFO] ChatTTS.Logic: [OPT] [OPT] PID: 3508 | DiagsCap.exe | Mode: NORMAL | Mask: 0xfffff
2026-06-06 19:29:02,710 [INFO] ChatTTS.Logic: [OPT] [OPT] PID: 3536 | esrv_svc.exe | Mode: NORMAL | Mask: 0xfffff
2026-06-06 19:29:02,715 [INFO] ChatTTS.Logic: [OPT] [OPT] PID: 3580 | svchost.exe | Mode: NORMAL | Mask: 0xfffff
2026-06-06 19:29:02,720 [INFO] ChatTTS.Logic: [OPT] [OPT] PID: 3596 | svchost.exe | Mode: NORMAL | Mask: 0xfffff
2026-06-06 19:29:02,724 [INFO] ChatTTS.Logic: [OPT] [OPT] PID: 3612 | svchost.exe | Mode: NORMAL | Mask: 0xfffff
2026-06-06 19:29:02,725 [INFO] ChatTTS.Logic: [OPT] [OPT] PID: 3668 | svchost.exe | Mode: NORMAL | Mask: 0xfffff
2026-06-06 19:29:02,725 [INFO] ChatTTS.Logic: [OPT] [OPT] PID: 3760 | NVDisplay.Container.exe | Mode: NORMAL | Mask: 0xfffff
2026-06-06 19:29:02,726 [INFO] ChatTTS.Logic: [OPT] [OPT] PID: 3904 | chrome.exe | Mode: NORMAL | Mask: 0xfffff
2026-06-06 19:29:02,731 [INFO] ChatTTS.Logic: [OPT] [OPT] PID: 3956 | RuntimeBroker.exe | Mode: NORMAL | Mask: 0xfffff
2026-06-06 19:29:02,735 [INFO] ChatTTS.Logic: [OPT] [OPT] PID: 3996 | chrome.exe | Mode: NORMAL | Mask: 0xfffff
2026-06-06 19:29:02,736 [INFO] ChatTTS.Logic: [OPT] [OPT] PID: 4164 | ApplicationFrameHost.exe | Mode: NORMAL | Mask: 0xfffff
2026-06-06 19:29:02,741 [INFO] ChatTTS.Logic: [OPT] [OPT] PID: 4220 | spoolsv.exe | Mode: NORMAL | Mask: 0xfffff
2026-06-06 19:29:02,745 [INFO] ChatTTS.Logic: [OPT] [OPT] PID: 4252 | svchost.exe | Mode: NORMAL | Mask: 0xfffff
2026-06-06 19:29:02,750 [INFO] ChatTTS.Logic: [OPT] [OPT] PID: 4356 | svchost.exe | Mode: NORMAL | Mask: 0xfffff
2026-06-06 19:29:02,755 [INFO] ChatTTS.Logic: [OPT] [OPT] PID: 4416 | chrome.exe | Mode: NORMAL | Mask: 0xfffff
2026-06-06 19:29:02,756 [INFO] ChatTTS.Logic: [OPT] [OPT] PID: 4432 | ipf_helper.exe | Mode: NORMAL | Mask: 0xfffff
2026-06-06 19:29:02,757 [INFO] ChatTTS.Logic: [OPT] [OPT] PID: 4524 | AnyDesk.exe | Mode: NORMAL | Mask: 0xfffff
2026-06-06 19:29:02,761 [INFO] ChatTTS.Logic: [OPT] [OPT] PID: 4552 | ETDCtrl.exe | Mode: NORMAL | Mask: 0xfffff
2026-06-06 19:29:02,765 [INFO] ChatTTS.Logic: [OPT] [OPT] PID: 4568 | chrome.exe | Mode: NORMAL | Mask: 0xfffff
2026-06-06 19:29:02,767 [INFO] ChatTTS.Logic: [OPT] [OPT] PID: 4584 | ETDService.exe | Mode: NORMAL | Mask: 0xfffff
2026-06-06 19:29:02,771 [INFO] ChatTTS.Logic: [OPT] [OPT] PID: 4608 | remoting_host.exe | Mode: NORMAL | Mask: 0xfffff
2026-06-06 19:29:02,775 [INFO] ChatTTS.Logic: [OPT] [OPT] PID: 4624 | IntelAudioService.exe | Mode: NORMAL | Mask: 0xfffff
2026-06-06 19:29:02,780 [INFO] ChatTTS.Logic: [OPT] [OPT] PID: 4632 | IntelGraphicsSoftware.Service.exe | Mode: NORMAL | Mask: 0xfffff
2026-06-06 19:29:02,784 [INFO] ChatTTS.Logic: [OPT] [OPT] PID: 4648 | jhi_service.exe | Mode: NORMAL | Mask: 0xfffff
2026-06-06 19:29:02,788 [INFO] ChatTTS.Logic: [OPT] [OPT] PID: 4708 | vmnat.exe | Mode: NORMAL | Mask: 0xfffff
2026-06-06 19:29:02,791 [INFO] ChatTTS.Logic: [OPT] [OPT] PID: 4716 | XtuService.exe | Mode: NORMAL | Mask: 0xfffff
2026-06-06 19:29:02,795 [INFO] ChatTTS.Logic: [OPT] [OPT] PID: 4724 | WMIRegistrationService.exe | Mode: NORMAL | Mask: 0xfffff
2026-06-06 19:29:02,800 [INFO] ChatTTS.Logic: [OPT] [OPT] PID: 4732 | vmnetdhcp.exe | Mode: NORMAL | Mask: 0xfffff
2026-06-06 19:29:02,804 [INFO] ChatTTS.Logic: [OPT] [OPT] PID: 4740 | vmware-usbarbitrator64.exe | Mode: NORMAL | Mask: 0xfffff
2026-06-06 19:29:02,809 [INFO] ChatTTS.Logic: [OPT] [OPT] PID: 4752 | vmware-authd.exe | Mode: NORMAL | Mask: 0xfffff
2026-06-06 19:29:02,811 [INFO] ChatTTS.Logic: [OPT] [OPT] PID: 4772 | SECOMN64.exe | Mode: NORMAL | Mask: 0xfffff
2026-06-06 19:29:02,815 [INFO] ChatTTS.Logic: [OPT] [OPT] PID: 4780 | RtkAudUService64.exe | Mode: NORMAL | Mask: 0xfffff
2026-06-06 19:29:02,818 [INFO] ChatTTS.Logic: [OPT] [OPT] PID: 4788 | nvcontainer.exe | Mode: NORMAL | Mask: 0xfffff
2026-06-06 19:29:02,822 [INFO] ChatTTS.Logic: [OPT] [OPT] PID: 4796 | SurSvc.exe | Mode: NORMAL | Mask: 0xfffff
2026-06-06 19:29:02,827 [INFO] ChatTTS.Logic: [OPT] [OPT] PID: 4804 | svchost.exe | Mode: NORMAL | Mask: 0xfffff
2026-06-06 19:29:02,831 [INFO] ChatTTS.Logic: [OPT] [OPT] PID: 4904 | ipf_uf.exe | Mode: NORMAL | Mask: 0xfffff
2026-06-06 19:29:02,835 [INFO] ChatTTS.Logic: [OPT] [OPT] PID: 4916 | TeamViewer_Service.exe | Mode: NORMAL | Mask: 0xfffff
2026-06-06 19:29:02,839 [INFO] ChatTTS.Logic: [OPT] [OPT] PID: 4932 | Pearl Abyss Launcher.exe | Mode: NORMAL | Mask: 0xfffff
2026-06-06 19:29:02,844 [INFO] ChatTTS.Logic: [OPT] [OPT] PID: 5540 | pwsh.exe | Mode: NORMAL | Mask: 0xfffff
2026-06-06 19:29:02,848 [INFO] ChatTTS.Logic: [OPT] [OPT] PID: 5860 | SearchHost.exe | Mode: NORMAL | Mask: 0xfffff
2026-06-06 19:29:02,852 [INFO] ChatTTS.Logic: [OPT] [OPT] PID: 5900 | remoting_host.exe | Mode: NORMAL | Mask: 0xfffff
2026-06-06 19:29:02,856 [INFO] ChatTTS.Logic: [OPT] [OPT] PID: 6208 | audiodg.exe | Mode: NORMAL | Mask: 0xfffff
2026-06-06 19:29:02,860 [INFO] ChatTTS.Logic: [OPT] [OPT] PID: 6460 | PresentMonService.exe | Mode: NORMAL | Mask: 0xfffff
2026-06-06 19:29:02,863 [INFO] ChatTTS.Logic: [OPT] [OPT] PID: 6468 | conhost.exe | Mode: NORMAL | Mask: 0xfffff
2026-06-06 19:29:02,864 [INFO] ChatTTS.Logic: [OPT] [OPT] PID: 6668 | svchost.exe | Mode: NORMAL | Mask: 0xfffff
2026-06-06 19:29:02,869 [INFO] ChatTTS.Logic: [OPT] [OPT] PID: 6816 | WmiPrvSE.exe | Mode: NORMAL | Mask: 0xfffff
2026-06-06 19:29:02,870 [INFO] ChatTTS.Logic: [OPT] [OPT] PID: 6860 | svchost.exe | Mode: NORMAL | Mask: 0xfffff
2026-06-06 19:29:02,875 [INFO] ChatTTS.Logic: [OPT] [OPT] PID: 7336 | chrome.exe | Mode: NORMAL | Mask: 0xfffff
2026-06-06 19:29:02,878 [INFO] ChatTTS.Logic: [OPT] [OPT] PID: 7428 | wlanext.exe | Mode: NORMAL | Mask: 0xfffff
2026-06-06 19:29:02,883 [INFO] ChatTTS.Logic: [OPT] [OPT] PID: 7464 | DiscordSystemHelper.exe | Mode: NORMAL | Mask: 0xfffff
2026-06-06 19:29:02,887 [INFO] ChatTTS.Logic: [OPT] [OPT] PID: 7516 | crashpad_handler.exe | Mode: NORMAL | Mask: 0xfffff
2026-06-06 19:29:02,891 [INFO] ChatTTS.Logic: [OPT] [OPT] PID: 7540 | nvcontainer.exe | Mode: NORMAL | Mask: 0xfffff
2026-06-06 19:29:02,896 [INFO] ChatTTS.Logic: [OPT] [OPT] PID: 7872 | chrome.exe | Mode: NORMAL | Mask: 0xfffff
2026-06-06 19:29:02,901 [INFO] ChatTTS.Logic: [OPT] [OPT] PID: 8104 | EncoderServer.exe | Mode: NORMAL | Mask: 0xfffff
2026-06-06 19:29:02,905 [INFO] ChatTTS.Logic: [OPT] [OPT] PID: 8204 | nvcontainer.exe | Mode: NORMAL | Mask: 0xfffff
2026-06-06 19:29:02,908 [INFO] ChatTTS.Logic: [OPT] [OPT] PID: 8256 | conhost.exe | Mode: NORMAL | Mask: 0xfffff
2026-06-06 19:29:02,912 [INFO] ChatTTS.Logic: [OPT] [OPT] PID: 8264 | SECOCL64.exe | Mode: NORMAL | Mask: 0xfffff
2026-06-06 19:29:02,919 [INFO] ChatTTS.Logic: [OPT] [OPT] PID: 8404 | sihost.exe | Mode: NORMAL | Mask: 0xfffff
2026-06-06 19:29:02,922 [INFO] ChatTTS.Logic: [OPT] [OPT] PID: 8464 | explorer.exe | Mode: NORMAL | Mask: 0xfffff
2026-06-06 19:29:02,924 [INFO] ChatTTS.Logic: [OPT] [OPT] PID: 8512 | svchost.exe | Mode: NORMAL | Mask: 0xfffff
2026-06-06 19:29:02,928 [INFO] ChatTTS.Logic: [OPT] [OPT] PID: 8524 | svchost.exe | Mode: NORMAL | Mask: 0xfffff
2026-06-06 19:29:02,933 [INFO] ChatTTS.Logic: [OPT] [OPT] PID: 8596 | svchost.exe | Mode: NORMAL | Mask: 0xfffff
2026-06-06 19:29:02,938 [INFO] ChatTTS.Logic: [OPT] [OPT] PID: 8684 | MSIAfterburner.exe | Mode: NORMAL | Mask: 0xfffff
2026-06-06 19:29:02,942 [INFO] ChatTTS.Logic: [OPT] [OPT] PID: 8776 | svchost.exe | Mode: NORMAL | Mask: 0xfffff
2026-06-06 19:29:02,945 [INFO] ChatTTS.Logic: [OPT] [OPT] PID: 9008 | taskhostw.exe | Mode: NORMAL | Mask: 0xfffff
2026-06-06 19:29:02,950 [INFO] ChatTTS.Logic: [OPT] [OPT] PID: 9064 | StartMenuExperienceHost.exe | Mode: NORMAL | Mask: 0xfffff
2026-06-06 19:29:02,954 [INFO] ChatTTS.Logic: [OPT] [OPT] PID: 9144 | cmd.exe | Mode: NORMAL | Mask: 0xfffff
2026-06-06 19:29:02,957 [INFO] ChatTTS.Logic: [OPT] [OPT] PID: 9388 | chrome.exe | Mode: NORMAL | Mask: 0xfffff
2026-06-06 19:29:02,962 [INFO] ChatTTS.Logic: [OPT] [OPT] PID: 9472 | CrossDeviceResume.exe | Mode: NORMAL | Mask: 0xfffff
2026-06-06 19:29:02,966 [INFO] ChatTTS.Logic: [OPT] [OPT] PID: 9864 | RtkAudUService64.exe | Mode: NORMAL | Mask: 0xfffff
2026-06-06 19:29:02,970 [INFO] ChatTTS.Logic: [OPT] [OPT] PID: 10036 | svchost.exe | Mode: NORMAL | Mask: 0xfffff
2026-06-06 19:29:02,971 [INFO] ChatTTS.Logic: [OPT] [OPT] PID: 10300 | TabTip.exe | Mode: NORMAL | Mask: 0xfffff
2026-06-06 19:29:02,975 [INFO] ChatTTS.Logic: [OPT] [OPT] PID: 10392 | chrome.exe | Mode: NORMAL | Mask: 0xfffff
2026-06-06 19:29:02,979 [INFO] ChatTTS.Logic: [OPT] [OPT] PID: 10424 | dllhost.exe | Mode: NORMAL | Mask: 0xfffff
2026-06-06 19:29:02,983 [INFO] ChatTTS.Logic: [OPT] [OPT] PID: 10544 | RuntimeBroker.exe | Mode: NORMAL | Mask: 0xfffff
2026-06-06 19:29:02,987 [INFO] ChatTTS.Logic: [OPT] [OPT] PID: 10552 | svchost.exe | Mode: NORMAL | Mask: 0xfffff
2026-06-06 19:29:02,991 [INFO] ChatTTS.Logic: [OPT] [OPT] PID: 10616 | node.exe | Mode: NORMAL | Mask: 0xfffff
2026-06-06 19:29:02,995 [INFO] ChatTTS.Logic: [OPT] [OPT] PID: 10780 | TDitbamStreamerSuite.exe | Mode: NORMAL | Mask: 0xfffff
2026-06-06 19:29:02,997 [INFO] ChatTTS.Logic: [OPT] [OPT] PID: 11204 | BraveCrashHandler.exe | Mode: NORMAL | Mask: 0xfffff
2026-06-06 19:29:02,998 [INFO] ChatTTS.Logic: [OPT] [OPT] PID: 11232 | BraveCrashHandler64.exe | Mode: NORMAL | Mask: 0xfffff
2026-06-06 19:29:03,002 [INFO] ChatTTS.Logic: [OPT] [OPT] PID: 11320 | chrome.exe | Mode: NORMAL | Mask: 0xfffff
2026-06-06 19:29:03,006 [INFO] ChatTTS.Logic: [OPT] [OPT] PID: 11392 | ShellHost.exe | Mode: NORMAL | Mask: 0xfffff
2026-06-06 19:29:03,010 [INFO] ChatTTS.Logic: [OPT] [OPT] PID: 11480 | conhost.exe | Mode: NORMAL | Mask: 0xfffff
2026-06-06 19:29:03,015 [INFO] ChatTTS.Logic: [OPT] [OPT] PID: 11872 | DataExchangeHost.exe | Mode: NORMAL | Mask: 0xfffff
2026-06-06 19:29:03,020 [INFO] ChatTTS.Logic: [OPT] [OPT] PID: 11904 | msedgewebview2.exe | Mode: NORMAL | Mask: 0xfffff
2026-06-06 19:29:03,022 [INFO] ChatTTS.Logic: [OPT] [OPT] PID: 12116 | svchost.exe | Mode: NORMAL | Mask: 0xfffff
2026-06-06 19:29:03,022 [INFO] ChatTTS.Logic: [OPT] [OPT] PID: 12136 | msedgewebview2.exe | Mode: NORMAL | Mask: 0xfffff
2026-06-06 19:29:03,026 [INFO] ChatTTS.Logic: [OPT] [OPT] PID: 12340 | chrome.exe | Mode: NORMAL | Mask: 0xfffff
2026-06-06 19:29:03,030 [INFO] ChatTTS.Logic: [OPT] [OPT] PID: 12536 | msedgewebview2.exe | Mode: NORMAL | Mask: 0xfffff
2026-06-06 19:29:03,035 [INFO] ChatTTS.Logic: [OPT] [OPT] PID: 12544 | msedgewebview2.exe | Mode: NORMAL | Mask: 0xfffff
2026-06-06 19:29:03,039 [INFO] ChatTTS.Logic: [OPT] [OPT] PID: 12604 | msedgewebview2.exe | Mode: NORMAL | Mask: 0xfffff
2026-06-06 19:29:03,040 [INFO] ChatTTS.Logic: [OPT] [OPT] PID: 12888 | msedgewebview2.exe | Mode: NORMAL | Mask: 0xfffff
2026-06-06 19:29:03,045 [INFO] ChatTTS.Logic: [OPT] [OPT] PID: 12948 | RTSSHooksLoader64.exe | Mode: NORMAL | Mask: 0xfffff
2026-06-06 19:29:03,050 [INFO] ChatTTS.Logic: [OPT] [OPT] PID: 13300 | Code.exe | Mode: NORMAL | Mask: 0xfffff
2026-06-06 19:29:03,051 [INFO] ChatTTS.Logic: [OPT] [OPT] PID: 13396 | ShellExperienceHost.exe | Mode: NORMAL | Mask: 0xfffff
2026-06-06 19:29:03,052 [INFO] ChatTTS.Logic: [OPT] [OPT] PID: 13724 | OpenConsole.exe | Mode: NORMAL | Mask: 0xfffff
2026-06-06 19:29:03,056 [INFO] ChatTTS.Logic: [OPT] [OPT] PID: 13792 | ctfmon.exe | Mode: NORMAL | Mask: 0xfffff
2026-06-06 19:29:03,058 [INFO] ChatTTS.Logic: [OPT] [OPT] PID: 14008 | svchost.exe | Mode: NORMAL | Mask: 0xfffff
2026-06-06 19:29:03,059 [INFO] ChatTTS.Logic: [OPT] [OPT] PID: 14112 | conhost.exe | Mode: NORMAL | Mask: 0xfffff
2026-06-06 19:29:03,063 [INFO] ChatTTS.Logic: [OPT] [OPT] PID: 14152 | chrome.exe | Mode: NORMAL | Mask: 0xfffff
2026-06-06 19:29:03,064 [INFO] ChatTTS.Logic: [OPT] [OPT] PID: 14228 | Code.exe | Mode: NORMAL | Mask: 0xfffff
2026-06-06 19:29:03,065 [INFO] ChatTTS.Logic: [OPT] [OPT] PID: 14328 | pet.exe | Mode: NORMAL | Mask: 0xfffff
2026-06-06 19:29:03,065 [INFO] ChatTTS.Logic: [OPT] [OPT] PID: 14692 | Code.exe | Mode: NORMAL | Mask: 0xfffff
2026-06-06 19:29:03,069 [INFO] ChatTTS.Logic: [OPT] [OPT] PID: 14772 | pwsh.exe | Mode: NORMAL | Mask: 0xfffff
2026-06-06 19:29:03,073 [INFO] ChatTTS.Logic: [OPT] [OPT] PID: 14992 | TextInputHost.exe | Mode: NORMAL | Mask: 0xfffff
2026-06-06 19:29:03,078 [INFO] ChatTTS.Logic: [OPT] [OPT] PID: 15020 | smartscreen.exe | Mode: NORMAL | Mask: 0xfffff
2026-06-06 19:29:03,083 [INFO] ChatTTS.Logic: [OPT] [OPT] PID: 15076 | CodeSetup-stable-6a44c352bd24569c417e530095901b649960f9f8.exe | Mode: NORMAL | Mask: 0xfffff
2026-06-06 19:29:03,084 [INFO] ChatTTS.Logic: [OPT] [OPT] PID: 15392 | python3.12.exe | Mode: NORMAL | Mask: 0xfffff
2026-06-06 19:29:03,088 [INFO] ChatTTS.Logic: [OPT] [OPT] PID: 15420 | DiscordSystemHelper.exe | Mode: NORMAL | Mask: 0xfffff
2026-06-06 19:29:03,092 [INFO] ChatTTS.Logic: [OPT] [OPT] PID: 15504 | Code.exe | Mode: NORMAL | Mask: 0xfffff
2026-06-06 19:29:03,095 [INFO] ChatTTS.Logic: [OPT] [OPT] PID: 15764 | OpenConsole.exe | Mode: NORMAL | Mask: 0xfffff
2026-06-06 19:29:03,097 [INFO] ChatTTS.Logic: [OPT] [OPT] PID: 15820 | chrome.exe | Mode: NORMAL | Mask: 0xfffff
2026-06-06 19:29:03,100 [INFO] ChatTTS.Logic: [OPT] [OPT] PID: 15848 | RtkAudUService64.exe | Mode: NORMAL | Mask: 0xfffff
2026-06-06 19:29:03,105 [INFO] ChatTTS.Logic: [OPT] [OPT] PID: 15980 | vgtray.exe | Mode: NORMAL | Mask: 0xfffff
2026-06-06 19:29:03,110 [INFO] ChatTTS.Logic: [OPT] [OPT] PID: 16084 | Discord.exe | Mode: NORMAL | Mask: 0xfffff
2026-06-06 19:29:03,111 [INFO] ChatTTS.Logic: [OPT] [OPT] PID: 16188 | svchost.exe | Mode: NORMAL | Mask: 0xfffff
2026-06-06 19:29:03,115 [INFO] ChatTTS.Logic: [OPT] [OPT] PID: 16196 | Discord.exe | Mode: NORMAL | Mask: 0xfffff
2026-06-06 19:29:03,115 [INFO] ChatTTS.Logic: [OPT] [OPT] PID: 16312 | Discord.exe | Mode: NORMAL | Mask: 0xfffff
2026-06-06 19:29:03,120 [INFO] ChatTTS.Logic: [OPT] [OPT] PID: 16340 | Discord.exe | Mode: NORMAL | Mask: 0xfffff
2026-06-06 19:29:03,123 [INFO] ChatTTS.Logic: [OPT] [OPT] PID: 16560 | dllhost.exe | Mode: NORMAL | Mask: 0xfffff
2026-06-06 19:29:03,125 [INFO] ChatTTS.Logic: [OPT] [OPT] PID: 17112 | Discord.exe | Mode: NORMAL | Mask: 0xfffff
2026-06-06 19:29:03,129 [INFO] ChatTTS.Logic: [OPT] [OPT] PID: 17724 | SearchIndexer.exe | Mode: NORMAL | Mask: 0xfffff
2026-06-06 19:29:03,133 [INFO] ChatTTS.Logic: [OPT] [OPT] PID: 17756 | Discord.exe | Mode: NORMAL | Mask: 0xfffff
2026-06-06 19:29:03,137 [INFO] ChatTTS.Logic: [OPT] [OPT] PID: 18048 | svchost.exe | Mode: NORMAL | Mask: 0xfffff
2026-06-06 19:29:03,141 [INFO] ChatTTS.Logic: [OPT] [OPT] PID: 18060 | svchost.exe | Mode: NORMAL | Mask: 0xfffff
2026-06-06 19:29:03,145 [INFO] ChatTTS.Logic: [OPT] [OPT] PID: 18084 | Code.exe | Mode: NORMAL | Mask: 0xfffff
2026-06-06 19:29:03,149 [INFO] ChatTTS.Logic: [OPT] [OPT] PID: 18492 | Pearl Abyss Launcher.exe | Mode: NORMAL | Mask: 0xfffff
2026-06-06 19:29:03,153 [INFO] ChatTTS.Logic: [OPT] [OPT] PID: 18584 | chrome.exe | Mode: NORMAL | Mask: 0xfffff
2026-06-06 19:29:03,155 [INFO] ChatTTS.Logic: [OPT] [OPT] PID: 18764 | Notepad.exe | Mode: NORMAL | Mask: 0xfffff
2026-06-06 19:29:03,160 [INFO] ChatTTS.Logic: [OPT] [OPT] PID: 18956 | Pearl Abyss Launcher.exe | Mode: NORMAL | Mask: 0xfffff
2026-06-06 19:29:03,161 [INFO] ChatTTS.Logic: [OPT] [OPT] PID: 18988 | Pearl Abyss Launcher.exe | Mode: NORMAL | Mask: 0xfffff
2026-06-06 19:29:03,162 [INFO] ChatTTS.Logic: [OPT] [OPT] PID: 19116 | Pearl Abyss Launcher.exe | Mode: NORMAL | Mask: 0xfffff
2026-06-06 19:29:03,166 [INFO] ChatTTS.Logic: [OPT] [OPT] PID: 19180 | Pearl Abyss Launcher.exe | Mode: NORMAL | Mask: 0xfffff
2026-06-06 19:29:03,171 [INFO] ChatTTS.Logic: [OPT] [OPT] PID: 19648 | TDitbamStreamerSuite.exe | Mode: NORMAL | Mask: 0xfffff
2026-06-06 19:29:03,175 [INFO] ChatTTS.Logic: [OPT] [OPT] PID: 19800 | chrome.exe | Mode: NORMAL | Mask: 0xfffff
2026-06-06 19:29:03,179 [INFO] ChatTTS.Logic: [OPT] [OPT] PID: 19940 | Pearl Abyss Launcher.exe | Mode: NORMAL | Mask: 0xfffff
2026-06-06 19:29:03,180 [INFO] ChatTTS.Logic: [OPT] [OPT] PID: 20156 | conhost.exe | Mode: NORMAL | Mask: 0xfffff
2026-06-06 19:29:03,184 [INFO] ChatTTS.Logic: [OPT] [OPT] PID: 20240 | Pearl Abyss Launcher.exe | Mode: NORMAL | Mask: 0xfffff
2026-06-06 19:29:03,188 [INFO] ChatTTS.Logic: [OPT] [OPT] PID: 20244 | Code.exe | Mode: NORMAL | Mask: 0xfffff
2026-06-06 19:29:03,189 [INFO] ChatTTS.Logic: [OPT] [OPT] PID: 20392 | conhost.exe | Mode: NORMAL | Mask: 0xfffff
2026-06-06 19:29:03,190 [INFO] ChatTTS.Logic: [OPT] [OPT] PID: 20528 | node.exe | Mode: NORMAL | Mask: 0xfffff
2026-06-06 19:29:03,191 [INFO] ChatTTS.Logic: [OPT] [OPT] PID: 20752 | chrome.exe | Mode: NORMAL | Mask: 0xfffff
2026-06-06 19:29:03,195 [INFO] ChatTTS.Logic: [OPT] [OPT] PID: 20756 | chrome.exe | Mode: NORMAL | Mask: 0xfffff
2026-06-06 19:29:03,196 [INFO] ChatTTS.Logic: [OPT] [OPT] PID: 20856 | XboxPcAppFT.exe | Mode: NORMAL | Mask: 0xfffff
2026-06-06 19:29:03,197 [INFO] ChatTTS.Logic: [OPT] [OPT] PID: 21052 | chrome.exe | Mode: NORMAL | Mask: 0xfffff
2026-06-06 19:29:03,201 [INFO] ChatTTS.Logic: [OPT] [OPT] PID: 21136 | chrome.exe | Mode: NORMAL | Mask: 0xfffff
2026-06-06 19:29:03,205 [INFO] ChatTTS.Logic: [OPT] [OPT] PID: 21524 | svchost.exe | Mode: NORMAL | Mask: 0xfffff
2026-06-06 19:29:03,206 [INFO] ChatTTS.Logic: [OPT] [OPT] PID: 22180 | svchost.exe | Mode: NORMAL | Mask: 0xfffff
2026-06-06 19:29:03,211 [INFO] ChatTTS.Logic: [OPT] [OPT] PID: 22852 | chrome.exe | Mode: NORMAL | Mask: 0xfffff
2026-06-06 19:29:03,212 [INFO] ChatTTS.Logic: [OPT] [OPT] PID: 23076 | Code.exe | Mode: NORMAL | Mask: 0xfffff
2026-06-06 19:29:03,216 [INFO] ChatTTS.Logic: [OPT] [OPT] PID: 23136 | OpenConsole.exe | Mode: NORMAL | Mask: 0xfffff
2026-06-06 19:29:03,217 [INFO] ChatTTS.Logic: [OPT] [OPT] PID: 23168 | chrome.exe | Mode: NORMAL | Mask: 0xfffff
2026-06-06 19:29:03,612 [INFO] ChatTTS.Logic: Stopping Optimizer Service...
2026-06-06 19:30:06,755 [INFO] ChatTTS.Logic: Starting Optimizer Service...
2026-06-06 19:30:06,760 [INFO] ChatTTS.Logic: [OPT] [OPT] PID: 8 | svchost.exe | Mode: NORMAL | Mask: 0xfffff
2026-06-06 19:30:06,761 [INFO] ChatTTS.Logic: [OPT] [OPT] PID: 1184 | svchost.exe | Mode: NORMAL | Mask: 0xfffff
2026-06-06 19:30:06,771 [INFO] ChatTTS.Logic: [OPT] [OPT] PID: 1356 | esrv.exe | Mode: NORMAL | Mask: 0xfffff
2026-06-06 19:30:06,784 [INFO] ChatTTS.Logic: [OPT] [OPT] PID: 1416 | winlogon.exe | Mode: NORMAL | Mask: 0xfffff
2026-06-06 19:30:06,789 [INFO] ChatTTS.Logic: [OPT] [OPT] PID: 1472 | LsaIso.exe | Mode: NORMAL | Mask: 0xfffff
2026-06-06 19:30:06,793 [INFO] ChatTTS.Logic: [OPT] [OPT] PID: 1632 | svchost.exe | Mode: NORMAL | Mask: 0xfffff
2026-06-06 19:30:06,795 [INFO] ChatTTS.Logic: [OPT] [OPT] PID: 1660 | fontdrvhost.exe | Mode: NORMAL | Mask: 0xfffff
2026-06-06 19:30:06,796 [INFO] ChatTTS.Logic: [OPT] [OPT] PID: 1668 | fontdrvhost.exe | Mode: NORMAL | Mask: 0xfffff
2026-06-06 19:30:06,797 [INFO] ChatTTS.Logic: [OPT] [OPT] PID: 1704 | WUDFHost.exe | Mode: NORMAL | Mask: 0xfffff
2026-06-06 19:30:06,798 [INFO] ChatTTS.Logic: [OPT] [OPT] PID: 1800 | svchost.exe | Mode: NORMAL | Mask: 0xfffff
2026-06-06 19:30:06,799 [INFO] ChatTTS.Logic: [OPT] [OPT] PID: 1860 | WUDFHost.exe | Mode: NORMAL | Mask: 0xfffff
2026-06-06 19:30:06,800 [INFO] ChatTTS.Logic: [OPT] [OPT] PID: 1944 | dwm.exe | Mode: NORMAL | Mask: 0xfffff
2026-06-06 19:30:06,801 [INFO] ChatTTS.Logic: [OPT] [OPT] PID: 1992 | svchost.exe | Mode: NORMAL | Mask: 0xfffff
2026-06-06 19:30:06,802 [INFO] ChatTTS.Logic: [OPT] [OPT] PID: 2016 | WmiPrvSE.exe | Mode: NORMAL | Mask: 0xfffff
2026-06-06 19:30:06,803 [INFO] ChatTTS.Logic: [OPT] [OPT] PID: 2024 | svchost.exe | Mode: NORMAL | Mask: 0xfffff
2026-06-06 19:30:06,804 [INFO] ChatTTS.Logic: [OPT] [OPT] PID: 2032 | svchost.exe | Mode: NORMAL | Mask: 0xfffff
2026-06-06 19:30:06,809 [INFO] ChatTTS.Logic: [OPT] [OPT] PID: 2040 | svchost.exe | Mode: NORMAL | Mask: 0xfffff
2026-06-06 19:30:06,810 [INFO] ChatTTS.Logic: [OPT] [OPT] PID: 2052 | Code.exe | Mode: NORMAL | Mask: 0xfffff
2026-06-06 19:30:06,811 [INFO] ChatTTS.Logic: [OPT] [OPT] PID: 2136 | svchost.exe | Mode: NORMAL | Mask: 0xfffff
2026-06-06 19:30:06,812 [INFO] ChatTTS.Logic: [OPT] [OPT] PID: 2240 | RTSS.exe | Mode: NORMAL | Mask: 0xfffff
2026-06-06 19:30:06,813 [INFO] ChatTTS.Logic: [OPT] [OPT] PID: 2248 | Code.exe | Mode: NORMAL | Mask: 0xfffff
2026-06-06 19:30:06,814 [INFO] ChatTTS.Logic: [OPT] [OPT] PID: 2360 | svchost.exe | Mode: NORMAL | Mask: 0xfffff
2026-06-06 19:30:06,815 [INFO] ChatTTS.Logic: [OPT] [OPT] PID: 2428 | svchost.exe | Mode: NORMAL | Mask: 0xfffff
2026-06-06 19:30:06,816 [INFO] ChatTTS.Logic: [OPT] [OPT] PID: 2452 | svchost.exe | Mode: NORMAL | Mask: 0xfffff
2026-06-06 19:30:06,817 [INFO] ChatTTS.Logic: [OPT] [OPT] PID: 2504 | svchost.exe | Mode: NORMAL | Mask: 0xfffff
2026-06-06 19:30:06,818 [INFO] ChatTTS.Logic: [OPT] [OPT] PID: 2544 | svchost.exe | Mode: NORMAL | Mask: 0xfffff
2026-06-06 19:30:06,822 [INFO] ChatTTS.Logic: [OPT] [OPT] PID: 2576 | svchost.exe | Mode: NORMAL | Mask: 0xfffff
2026-06-06 19:30:06,827 [INFO] ChatTTS.Logic: [OPT] [OPT] PID: 2628 | svchost.exe | Mode: NORMAL | Mask: 0xfffff
2026-06-06 19:30:06,832 [INFO] ChatTTS.Logic: [OPT] [OPT] PID: 2868 | svchost.exe | Mode: NORMAL | Mask: 0xfffff
2026-06-06 19:30:06,834 [INFO] ChatTTS.Logic: [OPT] [OPT] PID: 3124 | CodeSetup-stable-6a44c352bd24569c417e530095901b649960f9f8.tmp | Mode: NORMAL | Mask: 0xfffff
2026-06-06 19:30:06,837 [INFO] ChatTTS.Logic: [OPT] [OPT] PID: 3196 | NVDisplay.Container.exe | Mode: NORMAL | Mask: 0xfffff
2026-06-06 19:30:06,839 [INFO] ChatTTS.Logic: [OPT] [OPT] PID: 3208 | pwsh.exe | Mode: NORMAL | Mask: 0xfffff
2026-06-06 19:30:06,843 [INFO] ChatTTS.Logic: [OPT] [OPT] PID: 3316 | Code.exe | Mode: NORMAL | Mask: 0xfffff
2026-06-06 19:30:06,847 [INFO] ChatTTS.Logic: [OPT] [OPT] PID: 3404 | svchost.exe | Mode: NORMAL | Mask: 0xfffff
2026-06-06 19:30:06,851 [INFO] ChatTTS.Logic: [OPT] [OPT] PID: 3468 | chrome.exe | Mode: NORMAL | Mask: 0xfffff
2026-06-06 19:30:06,855 [INFO] ChatTTS.Logic: [OPT] [OPT] PID: 3472 | AppHelperCap.exe | Mode: NORMAL | Mask: 0xfffff
2026-06-06 19:30:06,857 [INFO] ChatTTS.Logic: [OPT] [OPT] PID: 3488 | TouchpointAnalyticsClientService.exe | Mode: NORMAL | Mask: 0xfffff
2026-06-06 19:30:06,861 [INFO] ChatTTS.Logic: [OPT] [OPT] PID: 3500 | NetworkCap.exe | Mode: NORMAL | Mask: 0xfffff
2026-06-06 19:30:06,866 [INFO] ChatTTS.Logic: [OPT] [OPT] PID: 3508 | DiagsCap.exe | Mode: NORMAL | Mask: 0xfffff
2026-06-06 19:30:06,871 [INFO] ChatTTS.Logic: [OPT] [OPT] PID: 3536 | esrv_svc.exe | Mode: NORMAL | Mask: 0xfffff
2026-06-06 19:30:06,875 [INFO] ChatTTS.Logic: [OPT] [OPT] PID: 3580 | svchost.exe | Mode: NORMAL | Mask: 0xfffff
2026-06-06 19:30:06,879 [INFO] ChatTTS.Logic: [OPT] [OPT] PID: 3596 | svchost.exe | Mode: NORMAL | Mask: 0xfffff
2026-06-06 19:30:06,883 [INFO] ChatTTS.Logic: [OPT] [OPT] PID: 3612 | svchost.exe | Mode: NORMAL | Mask: 0xfffff
2026-06-06 19:30:06,888 [INFO] ChatTTS.Logic: [OPT] [OPT] PID: 3668 | svchost.exe | Mode: NORMAL | Mask: 0xfffff
2026-06-06 19:30:06,889 [INFO] ChatTTS.Logic: [OPT] [OPT] PID: 3760 | NVDisplay.Container.exe | Mode: NORMAL | Mask: 0xfffff
2026-06-06 19:30:06,891 [INFO] ChatTTS.Logic: [OPT] [OPT] PID: 3904 | chrome.exe | Mode: NORMAL | Mask: 0xfffff
2026-06-06 19:30:06,892 [INFO] ChatTTS.Logic: [OPT] [OPT] PID: 3956 | RuntimeBroker.exe | Mode: NORMAL | Mask: 0xfffff
2026-06-06 19:30:06,893 [INFO] ChatTTS.Logic: [OPT] [OPT] PID: 3996 | chrome.exe | Mode: NORMAL | Mask: 0xfffff
2026-06-06 19:30:06,894 [INFO] ChatTTS.Logic: [OPT] [OPT] PID: 4164 | ApplicationFrameHost.exe | Mode: NORMAL | Mask: 0xfffff
2026-06-06 19:30:06,895 [INFO] ChatTTS.Logic: [OPT] [OPT] PID: 4220 | spoolsv.exe | Mode: NORMAL | Mask: 0xfffff
2026-06-06 19:30:06,899 [INFO] ChatTTS.Logic: [OPT] [OPT] PID: 4252 | svchost.exe | Mode: NORMAL | Mask: 0xfffff
2026-06-06 19:30:06,904 [INFO] ChatTTS.Logic: [OPT] [OPT] PID: 4356 | svchost.exe | Mode: NORMAL | Mask: 0xfffff
2026-06-06 19:30:06,909 [INFO] ChatTTS.Logic: [OPT] [OPT] PID: 4416 | chrome.exe | Mode: NORMAL | Mask: 0xfffff
2026-06-06 19:30:06,910 [INFO] ChatTTS.Logic: [OPT] [OPT] PID: 4432 | ipf_helper.exe | Mode: NORMAL | Mask: 0xfffff
2026-06-06 19:30:06,911 [INFO] ChatTTS.Logic: [OPT] [OPT] PID: 4524 | AnyDesk.exe | Mode: NORMAL | Mask: 0xfffff
2026-06-06 19:30:06,912 [INFO] ChatTTS.Logic: [OPT] [OPT] PID: 4552 | ETDCtrl.exe | Mode: NORMAL | Mask: 0xfffff
2026-06-06 19:30:06,913 [INFO] ChatTTS.Logic: [OPT] [OPT] PID: 4568 | chrome.exe | Mode: NORMAL | Mask: 0xfffff
2026-06-06 19:30:06,914 [INFO] ChatTTS.Logic: [OPT] [OPT] PID: 4584 | ETDService.exe | Mode: NORMAL | Mask: 0xfffff
2026-06-06 19:30:06,915 [INFO] ChatTTS.Logic: [OPT] [OPT] PID: 4608 | remoting_host.exe | Mode: NORMAL | Mask: 0xfffff
2026-06-06 19:30:06,916 [INFO] ChatTTS.Logic: [OPT] [OPT] PID: 4624 | IntelAudioService.exe | Mode: NORMAL | Mask: 0xfffff
2026-06-06 19:30:06,925 [INFO] ChatTTS.Logic: [OPT] [OPT] PID: 4632 | IntelGraphicsSoftware.Service.exe | Mode: NORMAL | Mask: 0xfffff
2026-06-06 19:30:06,929 [INFO] ChatTTS.Logic: [OPT] [OPT] PID: 4648 | jhi_service.exe | Mode: NORMAL | Mask: 0xfffff
2026-06-06 19:30:06,931 [INFO] ChatTTS.Logic: [OPT] [OPT] PID: 4708 | vmnat.exe | Mode: NORMAL | Mask: 0xfffff
2026-06-06 19:30:06,931 [INFO] ChatTTS.Logic: [OPT] [OPT] PID: 4716 | XtuService.exe | Mode: NORMAL | Mask: 0xfffff
2026-06-06 19:30:06,936 [INFO] ChatTTS.Logic: [OPT] [OPT] PID: 4724 | WMIRegistrationService.exe | Mode: NORMAL | Mask: 0xfffff
2026-06-06 19:30:06,940 [INFO] ChatTTS.Logic: [OPT] [OPT] PID: 4732 | vmnetdhcp.exe | Mode: NORMAL | Mask: 0xfffff
2026-06-06 19:30:06,944 [INFO] ChatTTS.Logic: [OPT] [OPT] PID: 4740 | vmware-usbarbitrator64.exe | Mode: NORMAL | Mask: 0xfffff
2026-06-06 19:30:06,949 [INFO] ChatTTS.Logic: [OPT] [OPT] PID: 4752 | vmware-authd.exe | Mode: NORMAL | Mask: 0xfffff
2026-06-06 19:30:06,954 [INFO] ChatTTS.Logic: [OPT] [OPT] PID: 4772 | SECOMN64.exe | Mode: NORMAL | Mask: 0xfffff
2026-06-06 19:30:06,957 [INFO] ChatTTS.Logic: [OPT] [OPT] PID: 4780 | RtkAudUService64.exe | Mode: NORMAL | Mask: 0xfffff
2026-06-06 19:30:06,961 [INFO] ChatTTS.Logic: [OPT] [OPT] PID: 4788 | nvcontainer.exe | Mode: NORMAL | Mask: 0xfffff
2026-06-06 19:30:06,966 [INFO] ChatTTS.Logic: [OPT] [OPT] PID: 4796 | SurSvc.exe | Mode: NORMAL | Mask: 0xfffff
2026-06-06 19:30:06,970 [INFO] ChatTTS.Logic: [OPT] [OPT] PID: 4804 | svchost.exe | Mode: NORMAL | Mask: 0xfffff
2026-06-06 19:30:06,971 [INFO] ChatTTS.Logic: [OPT] [OPT] PID: 4904 | ipf_uf.exe | Mode: NORMAL | Mask: 0xfffff
2026-06-06 19:30:06,973 [INFO] ChatTTS.Logic: Stopping Optimizer Service...
2026-06-06 19:30:06,974 [INFO] ChatTTS.Logic: [OPT] [OPT] PID: 4916 | TeamViewer_Service.exe | Mode: NORMAL | Mask: 0xfffff
2026-06-06 19:30:06,980 [INFO] ChatTTS.Logic: [OPT] [OPT] PID: 4932 | Pearl Abyss Launcher.exe | Mode: NORMAL | Mask: 0xfffff
2026-06-06 19:30:06,982 [INFO] ChatTTS.Logic: [OPT] [OPT] PID: 5540 | pwsh.exe | Mode: NORMAL | Mask: 0xfffff
2026-06-06 19:30:06,982 [INFO] ChatTTS.Logic: [OPT] [OPT] PID: 5860 | SearchHost.exe | Mode: NORMAL | Mask: 0xfffff
2026-06-06 19:30:06,984 [INFO] ChatTTS.Logic: [OPT] [OPT] PID: 5900 | remoting_host.exe | Mode: NORMAL | Mask: 0xfffff
2026-06-06 19:30:06,984 [INFO] ChatTTS.Logic: [OPT] [OPT] PID: 6208 | audiodg.exe | Mode: NORMAL | Mask: 0xfffff
2026-06-06 19:30:07,001 [INFO] ChatTTS.Logic: [OPT] [OPT] PID: 6460 | PresentMonService.exe | Mode: NORMAL | Mask: 0xfffff
2026-06-06 19:30:07,002 [INFO] ChatTTS.Logic: [OPT] [OPT] PID: 6468 | conhost.exe | Mode: NORMAL | Mask: 0xfffff
2026-06-06 19:30:07,004 [INFO] ChatTTS.Logic: [OPT] [OPT] PID: 6668 | svchost.exe | Mode: NORMAL | Mask: 0xfffff
2026-06-06 19:30:07,005 [INFO] ChatTTS.Logic: [OPT] [OPT] PID: 6816 | WmiPrvSE.exe | Mode: NORMAL | Mask: 0xfffff
2026-06-06 19:30:07,007 [INFO] ChatTTS.Logic: [OPT] [OPT] PID: 6860 | svchost.exe | Mode: NORMAL | Mask: 0xfffff
2026-06-06 19:30:07,007 [INFO] ChatTTS.Logic: [OPT] [OPT] PID: 7336 | chrome.exe | Mode: NORMAL | Mask: 0xfffff
2026-06-06 19:30:07,008 [INFO] ChatTTS.Logic: [OPT] [OPT] PID: 7428 | wlanext.exe | Mode: NORMAL | Mask: 0xfffff
2026-06-06 19:30:07,010 [INFO] ChatTTS.Logic: [OPT] [OPT] PID: 7464 | DiscordSystemHelper.exe | Mode: NORMAL | Mask: 0xfffff
2026-06-06 19:30:07,016 [INFO] ChatTTS.Logic: [OPT] [OPT] PID: 7516 | crashpad_handler.exe | Mode: NORMAL | Mask: 0xfffff
2026-06-06 19:30:07,021 [INFO] ChatTTS.Logic: [OPT] [OPT] PID: 7540 | nvcontainer.exe | Mode: NORMAL | Mask: 0xfffff
2026-06-06 19:30:07,026 [INFO] ChatTTS.Logic: [OPT] [OPT] PID: 7872 | chrome.exe | Mode: NORMAL | Mask: 0xfffff
2026-06-06 19:30:07,028 [INFO] ChatTTS.Logic: [OPT] [OPT] PID: 8104 | EncoderServer.exe | Mode: NORMAL | Mask: 0xfffff
2026-06-06 19:30:07,029 [INFO] ChatTTS.Logic: [OPT] [OPT] PID: 8204 | nvcontainer.exe | Mode: NORMAL | Mask: 0xfffff
2026-06-06 19:30:07,030 [INFO] ChatTTS.Logic: [OPT] [OPT] PID: 8256 | conhost.exe | Mode: NORMAL | Mask: 0xfffff
2026-06-06 19:30:07,031 [INFO] ChatTTS.Logic: [OPT] [OPT] PID: 8264 | SECOCL64.exe | Mode: NORMAL | Mask: 0xfffff
2026-06-06 19:30:07,035 [INFO] ChatTTS.Logic: [OPT] [OPT] PID: 8404 | sihost.exe | Mode: NORMAL | Mask: 0xfffff
2026-06-06 19:30:07,040 [INFO] ChatTTS.Logic: [OPT] [OPT] PID: 8464 | explorer.exe | Mode: NORMAL | Mask: 0xfffff
2026-06-06 19:30:07,044 [INFO] ChatTTS.Logic: [OPT] [OPT] PID: 8512 | svchost.exe | Mode: NORMAL | Mask: 0xfffff
2026-06-06 19:30:07,049 [INFO] ChatTTS.Logic: [OPT] [OPT] PID: 8524 | svchost.exe | Mode: NORMAL | Mask: 0xfffff
2026-06-06 19:30:07,053 [INFO] ChatTTS.Logic: [OPT] [OPT] PID: 8596 | svchost.exe | Mode: NORMAL | Mask: 0xfffff
2026-06-06 19:30:07,055 [INFO] ChatTTS.Logic: [OPT] [OPT] PID: 8684 | MSIAfterburner.exe | Mode: NORMAL | Mask: 0xfffff
2026-06-06 19:30:07,059 [INFO] ChatTTS.Logic: [OPT] [OPT] PID: 8776 | svchost.exe | Mode: NORMAL | Mask: 0xfffff
2026-06-06 19:30:07,063 [INFO] ChatTTS.Logic: [OPT] [OPT] PID: 9008 | taskhostw.exe | Mode: NORMAL | Mask: 0xfffff
2026-06-06 19:30:07,064 [INFO] ChatTTS.Logic: [OPT] [OPT] PID: 9064 | StartMenuExperienceHost.exe | Mode: NORMAL | Mask: 0xfffff
2026-06-06 19:30:07,065 [INFO] ChatTTS.Logic: [OPT] [OPT] PID: 9144 | cmd.exe | Mode: NORMAL | Mask: 0xfffff
2026-06-06 19:30:07,067 [INFO] ChatTTS.Logic: [OPT] [OPT] PID: 9388 | chrome.exe | Mode: NORMAL | Mask: 0xfffff
2026-06-06 19:30:07,068 [INFO] ChatTTS.Logic: [OPT] [OPT] PID: 9472 | CrossDeviceResume.exe | Mode: NORMAL | Mask: 0xfffff
2026-06-06 19:30:07,069 [INFO] ChatTTS.Logic: [OPT] [OPT] PID: 9864 | RtkAudUService64.exe | Mode: NORMAL | Mask: 0xfffff
2026-06-06 19:30:07,070 [INFO] ChatTTS.Logic: [OPT] [OPT] PID: 10036 | svchost.exe | Mode: NORMAL | Mask: 0xfffff
2026-06-06 19:30:07,071 [INFO] ChatTTS.Logic: [OPT] [OPT] PID: 10300 | TabTip.exe | Mode: NORMAL | Mask: 0xfffff
2026-06-06 19:30:07,078 [INFO] ChatTTS.Logic: [OPT] [OPT] PID: 10392 | chrome.exe | Mode: NORMAL | Mask: 0xfffff
2026-06-06 19:30:07,080 [INFO] ChatTTS.Logic: [OPT] [OPT] PID: 10424 | dllhost.exe | Mode: NORMAL | Mask: 0xfffff
2026-06-06 19:30:07,081 [INFO] ChatTTS.Logic: [OPT] [OPT] PID: 10544 | RuntimeBroker.exe | Mode: NORMAL | Mask: 0xfffff
2026-06-06 19:30:07,082 [INFO] ChatTTS.Logic: [OPT] [OPT] PID: 10552 | svchost.exe | Mode: NORMAL | Mask: 0xfffff
2026-06-06 19:30:07,086 [INFO] ChatTTS.Logic: [OPT] [OPT] PID: 10616 | node.exe | Mode: NORMAL | Mask: 0xfffff
2026-06-06 19:30:07,087 [INFO] ChatTTS.Logic: [OPT] [OPT] PID: 10780 | TDitbamStreamerSuite.exe | Mode: NORMAL | Mask: 0xfffff
2026-06-06 19:30:07,088 [INFO] ChatTTS.Logic: [OPT] [OPT] PID: 11204 | BraveCrashHandler.exe | Mode: NORMAL | Mask: 0xfffff
2026-06-06 19:30:07,089 [INFO] ChatTTS.Logic: [OPT] [OPT] PID: 11232 | BraveCrashHandler64.exe | Mode: NORMAL | Mask: 0xfffff
2026-06-06 19:30:07,093 [INFO] ChatTTS.Logic: [OPT] [OPT] PID: 11320 | chrome.exe | Mode: NORMAL | Mask: 0xfffff
2026-06-06 19:30:07,095 [INFO] ChatTTS.Logic: [OPT] [OPT] PID: 11392 | ShellHost.exe | Mode: NORMAL | Mask: 0xfffff
2026-06-06 19:30:07,096 [INFO] ChatTTS.Logic: [OPT] [OPT] PID: 11480 | conhost.exe | Mode: NORMAL | Mask: 0xfffff
2026-06-06 19:30:07,097 [INFO] ChatTTS.Logic: [OPT] [OPT] PID: 11872 | DataExchangeHost.exe | Mode: NORMAL | Mask: 0xfffff
2026-06-06 19:30:07,101 [INFO] ChatTTS.Logic: [OPT] [OPT] PID: 11904 | msedgewebview2.exe | Mode: NORMAL | Mask: 0xfffff
2026-06-06 19:30:07,102 [INFO] ChatTTS.Logic: [OPT] [OPT] PID: 12116 | svchost.exe | Mode: NORMAL | Mask: 0xfffff
2026-06-06 19:30:07,103 [INFO] ChatTTS.Logic: [OPT] [OPT] PID: 12136 | msedgewebview2.exe | Mode: NORMAL | Mask: 0xfffff
2026-06-06 19:30:07,104 [INFO] ChatTTS.Logic: [OPT] [OPT] PID: 12340 | chrome.exe | Mode: NORMAL | Mask: 0xfffff
2026-06-06 19:30:07,106 [INFO] ChatTTS.Logic: [OPT] [OPT] PID: 12536 | msedgewebview2.exe | Mode: NORMAL | Mask: 0xfffff
2026-06-06 19:30:07,107 [INFO] ChatTTS.Logic: [OPT] [OPT] PID: 12544 | msedgewebview2.exe | Mode: NORMAL | Mask: 0xfffff
2026-06-06 19:30:07,108 [INFO] ChatTTS.Logic: [OPT] [OPT] PID: 12604 | msedgewebview2.exe | Mode: NORMAL | Mask: 0xfffff
2026-06-06 19:30:07,109 [INFO] ChatTTS.Logic: [OPT] [OPT] PID: 12888 | msedgewebview2.exe | Mode: NORMAL | Mask: 0xfffff
2026-06-06 19:30:07,110 [INFO] ChatTTS.Logic: [OPT] [OPT] PID: 12948 | RTSSHooksLoader64.exe | Mode: NORMAL | Mask: 0xfffff
2026-06-06 19:30:07,111 [INFO] ChatTTS.Logic: [OPT] [OPT] PID: 13300 | Code.exe | Mode: NORMAL | Mask: 0xfffff
2026-06-06 19:30:07,112 [INFO] ChatTTS.Logic: [OPT] [OPT] PID: 13396 | ShellExperienceHost.exe | Mode: NORMAL | Mask: 0xfffff
2026-06-06 19:30:07,118 [INFO] ChatTTS.Logic: [OPT] [OPT] PID: 13724 | OpenConsole.exe | Mode: NORMAL | Mask: 0xfffff
2026-06-06 19:30:07,122 [INFO] ChatTTS.Logic: [OPT] [OPT] PID: 13792 | ctfmon.exe | Mode: NORMAL | Mask: 0xfffff
2026-06-06 19:30:07,126 [INFO] ChatTTS.Logic: [OPT] [OPT] PID: 14008 | svchost.exe | Mode: NORMAL | Mask: 0xfffff
2026-06-06 19:30:07,127 [INFO] ChatTTS.Logic: [OPT] [OPT] PID: 14112 | conhost.exe | Mode: NORMAL | Mask: 0xfffff
2026-06-06 19:30:07,128 [INFO] ChatTTS.Logic: [OPT] [OPT] PID: 14152 | chrome.exe | Mode: NORMAL | Mask: 0xfffff
2026-06-06 19:30:07,129 [INFO] ChatTTS.Logic: [OPT] [OPT] PID: 14228 | Code.exe | Mode: NORMAL | Mask: 0xfffff
2026-06-06 19:30:07,130 [INFO] ChatTTS.Logic: [OPT] [OPT] PID: 14328 | pet.exe | Mode: NORMAL | Mask: 0xfffff
2026-06-06 19:30:07,135 [INFO] ChatTTS.Logic: [OPT] [OPT] PID: 14692 | Code.exe | Mode: NORMAL | Mask: 0xfffff
2026-06-06 19:30:07,136 [INFO] ChatTTS.Logic: [OPT] [OPT] PID: 14772 | pwsh.exe | Mode: NORMAL | Mask: 0xfffff
2026-06-06 19:30:07,137 [INFO] ChatTTS.Logic: [OPT] [OPT] PID: 14992 | TextInputHost.exe | Mode: NORMAL | Mask: 0xfffff
2026-06-06 19:30:07,141 [INFO] ChatTTS.Logic: [OPT] [OPT] PID: 15020 | smartscreen.exe | Mode: NORMAL | Mask: 0xfffff
2026-06-06 19:30:07,145 [INFO] ChatTTS.Logic: [OPT] [OPT] PID: 15076 | CodeSetup-stable-6a44c352bd24569c417e530095901b649960f9f8.exe | Mode: NORMAL | Mask: 0xfffff
2026-06-06 19:30:07,151 [INFO] ChatTTS.Logic: [OPT] [OPT] PID: 15392 | python3.12.exe | Mode: NORMAL | Mask: 0xfffff
2026-06-06 19:30:07,155 [INFO] ChatTTS.Logic: [OPT] [OPT] PID: 15420 | DiscordSystemHelper.exe | Mode: NORMAL | Mask: 0xfffff
2026-06-06 19:30:07,159 [INFO] ChatTTS.Logic: [OPT] [OPT] PID: 15504 | Code.exe | Mode: NORMAL | Mask: 0xfffff
2026-06-06 19:30:07,160 [INFO] ChatTTS.Logic: [OPT] [OPT] PID: 15764 | OpenConsole.exe | Mode: NORMAL | Mask: 0xfffff
2026-06-06 19:30:07,161 [INFO] ChatTTS.Logic: [OPT] [OPT] PID: 15820 | chrome.exe | Mode: NORMAL | Mask: 0xfffff
2026-06-06 19:30:07,166 [INFO] ChatTTS.Logic: [OPT] [OPT] PID: 15848 | RtkAudUService64.exe | Mode: NORMAL | Mask: 0xfffff
2026-06-06 19:30:07,167 [INFO] ChatTTS.Logic: [OPT] [OPT] PID: 15980 | vgtray.exe | Mode: NORMAL | Mask: 0xfffff
2026-06-06 19:30:07,168 [INFO] ChatTTS.Logic: [OPT] [OPT] PID: 16084 | Discord.exe | Mode: NORMAL | Mask: 0xfffff
2026-06-06 19:30:07,172 [INFO] ChatTTS.Logic: [OPT] [OPT] PID: 16188 | svchost.exe | Mode: NORMAL | Mask: 0xfffff
2026-06-06 19:30:07,173 [INFO] ChatTTS.Logic: [OPT] [OPT] PID: 16196 | Discord.exe | Mode: NORMAL | Mask: 0xfffff
2026-06-06 19:30:07,174 [INFO] ChatTTS.Logic: [OPT] [OPT] PID: 16312 | Discord.exe | Mode: NORMAL | Mask: 0xfffff
2026-06-06 19:30:07,176 [INFO] ChatTTS.Logic: [OPT] [OPT] PID: 16340 | Discord.exe | Mode: NORMAL | Mask: 0xfffff
2026-06-06 19:30:07,177 [INFO] ChatTTS.Logic: [OPT] [OPT] PID: 16560 | dllhost.exe | Mode: NORMAL | Mask: 0xfffff
2026-06-06 19:30:07,178 [INFO] ChatTTS.Logic: [OPT] [OPT] PID: 17112 | Discord.exe | Mode: NORMAL | Mask: 0xfffff
2026-06-06 19:30:07,179 [INFO] ChatTTS.Logic: [OPT] [OPT] PID: 17724 | SearchIndexer.exe | Mode: NORMAL | Mask: 0xfffff
2026-06-06 19:30:07,180 [INFO] ChatTTS.Logic: [OPT] [OPT] PID: 17756 | Discord.exe | Mode: NORMAL | Mask: 0xfffff
2026-06-06 19:30:07,181 [INFO] ChatTTS.Logic: [OPT] [OPT] PID: 18048 | svchost.exe | Mode: NORMAL | Mask: 0xfffff
2026-06-06 19:30:07,182 [INFO] ChatTTS.Logic: [OPT] [OPT] PID: 18060 | svchost.exe | Mode: NORMAL | Mask: 0xfffff
2026-06-06 19:30:07,183 [INFO] ChatTTS.Logic: [OPT] [OPT] PID: 18084 | Code.exe | Mode: NORMAL | Mask: 0xfffff
2026-06-06 19:30:07,184 [INFO] ChatTTS.Logic: [OPT] [OPT] PID: 18492 | Pearl Abyss Launcher.exe | Mode: NORMAL | Mask: 0xfffff
2026-06-06 19:30:07,190 [INFO] ChatTTS.Logic: [OPT] [OPT] PID: 18584 | chrome.exe | Mode: NORMAL | Mask: 0xfffff
2026-06-06 19:30:07,194 [INFO] ChatTTS.Logic: [OPT] [OPT] PID: 18764 | Notepad.exe | Mode: NORMAL | Mask: 0xfffff
2026-06-06 19:30:07,195 [INFO] ChatTTS.Logic: [OPT] [OPT] PID: 18956 | Pearl Abyss Launcher.exe | Mode: NORMAL | Mask: 0xfffff
2026-06-06 19:30:07,196 [INFO] ChatTTS.Logic: [OPT] [OPT] PID: 18988 | Pearl Abyss Launcher.exe | Mode: NORMAL | Mask: 0xfffff
2026-06-06 19:30:07,200 [INFO] ChatTTS.Logic: [OPT] [OPT] PID: 19116 | Pearl Abyss Launcher.exe | Mode: NORMAL | Mask: 0xfffff
2026-06-06 19:30:07,204 [INFO] ChatTTS.Logic: [OPT] [OPT] PID: 19180 | Pearl Abyss Launcher.exe | Mode: NORMAL | Mask: 0xfffff
2026-06-06 19:30:07,209 [INFO] ChatTTS.Logic: [OPT] [OPT] PID: 19648 | TDitbamStreamerSuite.exe | Mode: NORMAL | Mask: 0xfffff
2026-06-06 19:30:07,213 [INFO] ChatTTS.Logic: [OPT] [OPT] PID: 19800 | chrome.exe | Mode: NORMAL | Mask: 0xfffff
2026-06-06 19:30:07,217 [INFO] ChatTTS.Logic: [OPT] [OPT] PID: 19940 | Pearl Abyss Launcher.exe | Mode: NORMAL | Mask: 0xfffff
2026-06-06 19:30:07,222 [INFO] ChatTTS.Logic: [OPT] [OPT] PID: 20156 | conhost.exe | Mode: NORMAL | Mask: 0xfffff
2026-06-06 19:30:07,226 [INFO] ChatTTS.Logic: [OPT] [OPT] PID: 20240 | Pearl Abyss Launcher.exe | Mode: NORMAL | Mask: 0xfffff
2026-06-06 19:30:07,228 [INFO] ChatTTS.Logic: [OPT] [OPT] PID: 20244 | Code.exe | Mode: NORMAL | Mask: 0xfffff
2026-06-06 19:30:07,230 [INFO] ChatTTS.Logic: [OPT] [OPT] PID: 20392 | conhost.exe | Mode: NORMAL | Mask: 0xfffff
2026-06-06 19:30:07,231 [INFO] ChatTTS.Logic: [OPT] [OPT] PID: 20528 | node.exe | Mode: NORMAL | Mask: 0xfffff
2026-06-06 19:30:07,236 [INFO] ChatTTS.Logic: [OPT] [OPT] PID: 20752 | chrome.exe | Mode: NORMAL | Mask: 0xfffff
2026-06-06 19:30:07,240 [INFO] ChatTTS.Logic: [OPT] [OPT] PID: 20756 | chrome.exe | Mode: NORMAL | Mask: 0xfffff
2026-06-06 19:30:07,241 [INFO] ChatTTS.Logic: [OPT] [OPT] PID: 20856 | XboxPcAppFT.exe | Mode: NORMAL | Mask: 0xfffff
2026-06-06 19:30:07,242 [INFO] ChatTTS.Logic: [OPT] [OPT] PID: 21052 | chrome.exe | Mode: NORMAL | Mask: 0xfffff
2026-06-06 19:30:07,243 [INFO] ChatTTS.Logic: [OPT] [OPT] PID: 21524 | svchost.exe | Mode: NORMAL | Mask: 0xfffff
2026-06-06 19:30:07,246 [INFO] ChatTTS.Logic: [OPT] [OPT] PID: 22180 | svchost.exe | Mode: NORMAL | Mask: 0xfffff
2026-06-06 19:30:07,252 [INFO] ChatTTS.Logic: [OPT] [OPT] PID: 22852 | chrome.exe | Mode: NORMAL | Mask: 0xfffff
2026-06-06 19:30:07,259 [INFO] ChatTTS.Logic: [OPT] [OPT] PID: 23076 | Code.exe | Mode: NORMAL | Mask: 0xfffff
2026-06-06 19:30:07,263 [INFO] ChatTTS.Logic: [OPT] [OPT] PID: 23136 | OpenConsole.exe | Mode: NORMAL | Mask: 0xfffff
2026-06-06 19:30:07,267 [INFO] ChatTTS.Logic: [OPT] [OPT] PID: 23168 | chrome.exe | Mode: NORMAL | Mask: 0xfffff
2026-06-06 19:30:07,269 [INFO] ChatTTS.Logic: [OPT] [OPT] PID: 23524 | chrome.exe | Mode: NORMAL | Mask: 0xfffff
2026-06-06 19:30:44,900 [INFO] ChatTTS.Logic: Chat-TTS Settings Saved Successfully
2026-06-06 19:30:52,748 [INFO] ChatTTS.Logic: Chat-TTS Settings Saved Successfully
2026-06-06 19:30:54,851 [INFO] ChatTTS.Logic: Starting Chat-TTS System...
2026-06-06 19:30:54,858 [INFO] ChatTTS.Logic: Chat-TTS Settings Saved Successfully
2026-06-06 19:30:54,863 [INFO] ChatTTS.Engine: Starting Engine Session 1...
2026-06-06 19:30:54,863 [INFO] ChatTTS.Engine: Config: Voice=th-TH-PremwadeeNeural, AutoTranslate=False, Profanity=True
2026-06-06 19:30:54,867 [INFO] ChatTTS.Engine: Queues cleared.
2026-06-06 19:30:54,868 [INFO] ChatTTS.Engine: Cleaning up old files...
2026-06-06 19:30:54,884 [INFO] ChatTTS.Engine: Player started (Session: 1)
2026-06-06 19:30:54,884 [INFO] ChatTTS.Engine: Generator started (Session: 1, Voice: th-TH-PremwadeeNeural)
2026-06-06 19:30:54,884 [INFO] ChatTTS.YouTube: YouTube Collector started: dRdSqvrN-kA
2026-06-06 19:30:54,885 [INFO] ChatTTS.Twitch: Twitch Collector started: tditbam
2026-06-06 19:30:54,885 [INFO] ChatTTS.Engine: Engine session 1 started with 2 collectors
2026-06-06 19:30:56,221 [INFO] ChatTTS.Twitch: Connected to Twitch IRC: tditbam
2026-06-06 19:30:56,579 [INFO] ChatTTS.Logic: Stopping Chat-TTS System...
2026-06-06 19:30:56,582 [INFO] ChatTTS.Engine: Engine stop signal sent.
2026-06-06 19:30:56,713 [INFO] ChatTTS.Engine: Generator stopped (Session: 1)
2026-06-06 19:30:56,723 [INFO] ChatTTS.Engine: Player stopped (Session: 1)
2026-06-06 19:30:56,890 [INFO] ChatTTS.Logic: Starting Chat-TTS System...
2026-06-06 19:30:56,896 [INFO] ChatTTS.Logic: Chat-TTS Settings Saved Successfully
2026-06-06 19:30:56,901 [INFO] ChatTTS.Engine: Starting Engine Session 3...
2026-06-06 19:30:56,901 [INFO] ChatTTS.Engine: Config: Voice=th-TH-PremwadeeNeural, AutoTranslate=False, Profanity=True
2026-06-06 19:30:56,905 [INFO] ChatTTS.Engine: Queues cleared.
2026-06-06 19:30:56,909 [INFO] ChatTTS.Engine: Cleaning up old files...
2026-06-06 19:30:56,916 [INFO] ChatTTS.Engine: Generator started (Session: 3, Voice: th-TH-PremwadeeNeural)
2026-06-06 19:30:56,916 [INFO] ChatTTS.Engine: Player started (Session: 3)
2026-06-06 19:30:56,916 [INFO] ChatTTS.YouTube: YouTube Collector started: dRdSqvrN-kA
2026-06-06 19:30:56,917 [INFO] ChatTTS.Engine: Engine session 3 started with 2 collectors
2026-06-06 19:30:56,917 [INFO] ChatTTS.Twitch: Twitch Collector started: tditbam
2026-06-06 19:30:57,168 [INFO] ChatTTS.Twitch: Connected to Twitch IRC: tditbam
2026-06-06 19:31:00,101 [INFO] ChatTTS.Logic: Starting Optimizer Service...
2026-06-06 19:31:00,108 [INFO] ChatTTS.Logic: [OPT] [OPT] PID: 8 | svchost.exe | Mode: NORMAL | Mask: 0xfffff
2026-06-06 19:31:00,109 [INFO] ChatTTS.Logic: [OPT] [OPT] PID: 1184 | svchost.exe | Mode: NORMAL | Mask: 0xfffff
2026-06-06 19:31:00,112 [INFO] ChatTTS.Logic: [OPT] [OPT] PID: 1356 | esrv.exe | Mode: NORMAL | Mask: 0xfffff
2026-06-06 19:31:00,113 [INFO] ChatTTS.Logic: [OPT] [OPT] PID: 1416 | winlogon.exe | Mode: NORMAL | Mask: 0xfffff
2026-06-06 19:31:00,119 [INFO] ChatTTS.Logic: [OPT] [OPT] PID: 1472 | LsaIso.exe | Mode: NORMAL | Mask: 0xfffff
2026-06-06 19:31:00,123 [INFO] ChatTTS.Logic: [OPT] [OPT] PID: 1632 | svchost.exe | Mode: NORMAL | Mask: 0xfffff
2026-06-06 19:31:00,128 [INFO] ChatTTS.Logic: [OPT] [OPT] PID: 1660 | fontdrvhost.exe | Mode: NORMAL | Mask: 0xfffff
2026-06-06 19:31:00,129 [INFO] ChatTTS.Logic: [OPT] [OPT] PID: 1668 | fontdrvhost.exe | Mode: NORMAL | Mask: 0xfffff
2026-06-06 19:31:00,130 [INFO] ChatTTS.Logic: [OPT] [OPT] PID: 1704 | WUDFHost.exe | Mode: NORMAL | Mask: 0xfffff
2026-06-06 19:31:00,131 [INFO] ChatTTS.Logic: [OPT] [OPT] PID: 1800 | svchost.exe | Mode: NORMAL | Mask: 0xfffff
2026-06-06 19:31:00,135 [INFO] ChatTTS.Logic: [OPT] [OPT] PID: 1860 | WUDFHost.exe | Mode: NORMAL | Mask: 0xfffff
2026-06-06 19:31:00,137 [INFO] ChatTTS.Logic: [OPT] [OPT] PID: 1944 | dwm.exe | Mode: NORMAL | Mask: 0xfffff
2026-06-06 19:31:00,138 [INFO] ChatTTS.Logic: [OPT] [OPT] PID: 1992 | svchost.exe | Mode: NORMAL | Mask: 0xfffff
2026-06-06 19:31:00,142 [INFO] ChatTTS.Logic: [OPT] [OPT] PID: 2016 | WmiPrvSE.exe | Mode: NORMAL | Mask: 0xfffff
2026-06-06 19:31:00,143 [INFO] ChatTTS.Logic: [OPT] [OPT] PID: 2024 | svchost.exe | Mode: NORMAL | Mask: 0xfffff
2026-06-06 19:31:00,144 [INFO] ChatTTS.Logic: [OPT] [OPT] PID: 2032 | svchost.exe | Mode: NORMAL | Mask: 0xfffff
2026-06-06 19:31:00,147 [INFO] ChatTTS.Logic: [OPT] [OPT] PID: 2040 | svchost.exe | Mode: NORMAL | Mask: 0xfffff
2026-06-06 19:31:00,151 [INFO] ChatTTS.Logic: [OPT] [OPT] PID: 2052 | Code.exe | Mode: NORMAL | Mask: 0xfffff
2026-06-06 19:31:00,155 [INFO] ChatTTS.Logic: [OPT] [OPT] PID: 2136 | svchost.exe | Mode: NORMAL | Mask: 0xfffff
2026-06-06 19:31:00,157 [INFO] ChatTTS.Logic: [OPT] [OPT] PID: 2240 | RTSS.exe | Mode: NORMAL | Mask: 0xfffff
2026-06-06 19:31:00,158 [INFO] ChatTTS.Logic: [OPT] [OPT] PID: 2248 | Code.exe | Mode: NORMAL | Mask: 0xfffff
2026-06-06 19:31:00,159 [INFO] ChatTTS.Logic: [OPT] [OPT] PID: 2360 | svchost.exe | Mode: NORMAL | Mask: 0xfffff
2026-06-06 19:31:00,163 [INFO] ChatTTS.Logic: [OPT] [OPT] PID: 2428 | svchost.exe | Mode: NORMAL | Mask: 0xfffff
2026-06-06 19:31:00,167 [INFO] ChatTTS.Logic: [OPT] [OPT] PID: 2452 | svchost.exe | Mode: NORMAL | Mask: 0xfffff
2026-06-06 19:31:00,169 [INFO] ChatTTS.Logic: [OPT] [OPT] PID: 2504 | svchost.exe | Mode: NORMAL | Mask: 0xfffff
2026-06-06 19:31:00,170 [INFO] ChatTTS.Logic: [OPT] [OPT] PID: 2544 | svchost.exe | Mode: NORMAL | Mask: 0xfffff
2026-06-06 19:31:00,171 [INFO] ChatTTS.Logic: [OPT] [OPT] PID: 2576 | svchost.exe | Mode: NORMAL | Mask: 0xfffff
2026-06-06 19:31:00,172 [INFO] ChatTTS.Logic: [OPT] [OPT] PID: 2628 | svchost.exe | Mode: NORMAL | Mask: 0xfffff
2026-06-06 19:31:00,173 [INFO] ChatTTS.Logic: [OPT] [OPT] PID: 2868 | svchost.exe | Mode: NORMAL | Mask: 0xfffff
2026-06-06 19:31:00,178 [INFO] ChatTTS.Logic: [OPT] [OPT] PID: 3124 | CodeSetup-stable-6a44c352bd24569c417e530095901b649960f9f8.tmp | Mode: NORMAL | Mask: 0xfffff
2026-06-06 19:31:00,182 [INFO] ChatTTS.Logic: [OPT] [OPT] PID: 3196 | NVDisplay.Container.exe | Mode: NORMAL | Mask: 0xfffff
2026-06-06 19:31:00,187 [INFO] ChatTTS.Logic: [OPT] [OPT] PID: 3208 | pwsh.exe | Mode: NORMAL | Mask: 0xfffff
2026-06-06 19:31:00,196 [INFO] ChatTTS.Logic: [OPT] [OPT] PID: 3316 | Code.exe | Mode: NORMAL | Mask: 0xfffff
2026-06-06 19:31:00,201 [INFO] ChatTTS.Logic: [OPT] [OPT] PID: 3404 | svchost.exe | Mode: NORMAL | Mask: 0xfffff
2026-06-06 19:31:00,206 [INFO] ChatTTS.Logic: [OPT] [OPT] PID: 3468 | chrome.exe | Mode: NORMAL | Mask: 0xfffff
2026-06-06 19:31:00,211 [INFO] ChatTTS.Logic: [OPT] [OPT] PID: 3472 | AppHelperCap.exe | Mode: NORMAL | Mask: 0xfffff
2026-06-06 19:31:00,215 [INFO] ChatTTS.Logic: [OPT] [OPT] PID: 3488 | TouchpointAnalyticsClientService.exe | Mode: NORMAL | Mask: 0xfffff
2026-06-06 19:31:00,224 [INFO] ChatTTS.Logic: [OPT] [OPT] PID: 3500 | NetworkCap.exe | Mode: NORMAL | Mask: 0xfffff
2026-06-06 19:31:00,229 [INFO] ChatTTS.Logic: [OPT] [OPT] PID: 3508 | DiagsCap.exe | Mode: NORMAL | Mask: 0xfffff
2026-06-06 19:31:00,233 [INFO] ChatTTS.Logic: [OPT] [OPT] PID: 3536 | esrv_svc.exe | Mode: NORMAL | Mask: 0xfffff
2026-06-06 19:31:00,238 [INFO] ChatTTS.Logic: [OPT] [OPT] PID: 3580 | svchost.exe | Mode: NORMAL | Mask: 0xfffff
2026-06-06 19:31:00,242 [INFO] ChatTTS.Logic: [OPT] [OPT] PID: 3596 | svchost.exe | Mode: NORMAL | Mask: 0xfffff
2026-06-06 19:31:00,245 [INFO] ChatTTS.Logic: [OPT] [OPT] PID: 3612 | svchost.exe | Mode: NORMAL | Mask: 0xfffff
2026-06-06 19:31:00,249 [INFO] ChatTTS.Logic: [OPT] [OPT] PID: 3668 | svchost.exe | Mode: NORMAL | Mask: 0xfffff
2026-06-06 19:31:00,263 [INFO] ChatTTS.Logic: [OPT] [OPT] PID: 3760 | NVDisplay.Container.exe | Mode: NORMAL | Mask: 0xfffff
2026-06-06 19:31:00,268 [INFO] ChatTTS.Logic: [OPT] [OPT] PID: 3904 | chrome.exe | Mode: NORMAL | Mask: 0xfffff
2026-06-06 19:31:00,272 [INFO] ChatTTS.Logic: [OPT] [OPT] PID: 3956 | RuntimeBroker.exe | Mode: NORMAL | Mask: 0xfffff
2026-06-06 19:31:00,276 [INFO] ChatTTS.Logic: [OPT] [OPT] PID: 3996 | chrome.exe | Mode: NORMAL | Mask: 0xfffff
2026-06-06 19:31:00,280 [INFO] ChatTTS.Logic: [OPT] [OPT] PID: 4164 | ApplicationFrameHost.exe | Mode: NORMAL | Mask: 0xfffff
2026-06-06 19:31:00,284 [INFO] ChatTTS.Logic: [OPT] [OPT] PID: 4220 | spoolsv.exe | Mode: NORMAL | Mask: 0xfffff
2026-06-06 19:31:00,288 [INFO] ChatTTS.Logic: [OPT] [OPT] PID: 4252 | svchost.exe | Mode: NORMAL | Mask: 0xfffff
2026-06-06 19:31:00,293 [INFO] ChatTTS.Logic: [OPT] [OPT] PID: 4356 | svchost.exe | Mode: NORMAL | Mask: 0xfffff
2026-06-06 19:31:00,296 [INFO] ChatTTS.Logic: [OPT] [OPT] PID: 4416 | chrome.exe | Mode: NORMAL | Mask: 0xfffff
2026-06-06 19:31:00,300 [INFO] ChatTTS.Logic: [OPT] [OPT] PID: 4432 | ipf_helper.exe | Mode: NORMAL | Mask: 0xfffff
2026-06-06 19:31:00,304 [INFO] ChatTTS.Logic: [OPT] [OPT] PID: 4524 | AnyDesk.exe | Mode: NORMAL | Mask: 0xfffff
2026-06-06 19:31:00,305 [INFO] ChatTTS.Logic: [OPT] [OPT] PID: 4552 | ETDCtrl.exe | Mode: NORMAL | Mask: 0xfffff
2026-06-06 19:31:00,310 [INFO] ChatTTS.Logic: [OPT] [OPT] PID: 4568 | chrome.exe | Mode: NORMAL | Mask: 0xfffff
2026-06-06 19:31:00,314 [INFO] ChatTTS.Logic: [OPT] [OPT] PID: 4584 | ETDService.exe | Mode: NORMAL | Mask: 0xfffff
2026-06-06 19:31:00,317 [INFO] ChatTTS.Logic: [OPT] [OPT] PID: 4608 | remoting_host.exe | Mode: NORMAL | Mask: 0xfffff
2026-06-06 19:31:00,321 [INFO] ChatTTS.Logic: [OPT] [OPT] PID: 4624 | IntelAudioService.exe | Mode: NORMAL | Mask: 0xfffff
2026-06-06 19:31:00,325 [INFO] ChatTTS.Logic: [OPT] [OPT] PID: 4632 | IntelGraphicsSoftware.Service.exe | Mode: NORMAL | Mask: 0xfffff
2026-06-06 19:31:00,330 [INFO] ChatTTS.Logic: [OPT] [OPT] PID: 4648 | jhi_service.exe | Mode: NORMAL | Mask: 0xfffff
2026-06-06 19:31:00,335 [INFO] ChatTTS.Logic: [OPT] [OPT] PID: 4708 | vmnat.exe | Mode: NORMAL | Mask: 0xfffff
2026-06-06 19:31:00,338 [INFO] ChatTTS.Logic: [OPT] [OPT] PID: 4716 | XtuService.exe | Mode: NORMAL | Mask: 0xfffff
2026-06-06 19:31:00,343 [INFO] ChatTTS.Logic: [OPT] [OPT] PID: 4724 | WMIRegistrationService.exe | Mode: NORMAL | Mask: 0xfffff
2026-06-06 19:31:00,347 [INFO] ChatTTS.Logic: [OPT] [OPT] PID: 4732 | vmnetdhcp.exe | Mode: NORMAL | Mask: 0xfffff
2026-06-06 19:31:00,351 [INFO] ChatTTS.Logic: [OPT] [OPT] PID: 4740 | vmware-usbarbitrator64.exe | Mode: NORMAL | Mask: 0xfffff
2026-06-06 19:31:00,355 [INFO] ChatTTS.Logic: [OPT] [OPT] PID: 4752 | vmware-authd.exe | Mode: NORMAL | Mask: 0xfffff
2026-06-06 19:31:00,359 [INFO] ChatTTS.Logic: [OPT] [OPT] PID: 4772 | SECOMN64.exe | Mode: NORMAL | Mask: 0xfffff
2026-06-06 19:31:00,360 [INFO] ChatTTS.Logic: [OPT] [OPT] PID: 4780 | RtkAudUService64.exe | Mode: NORMAL | Mask: 0xfffff
2026-06-06 19:31:00,365 [INFO] ChatTTS.Logic: [OPT] [OPT] PID: 4788 | nvcontainer.exe | Mode: NORMAL | Mask: 0xfffff
2026-06-06 19:31:00,366 [INFO] ChatTTS.Logic: [OPT] [OPT] PID: 4796 | SurSvc.exe | Mode: NORMAL | Mask: 0xfffff
2026-06-06 19:31:00,367 [INFO] ChatTTS.Logic: [OPT] [OPT] PID: 4804 | svchost.exe | Mode: NORMAL | Mask: 0xfffff
2026-06-06 19:31:00,371 [INFO] ChatTTS.Logic: [OPT] [OPT] PID: 4904 | ipf_uf.exe | Mode: NORMAL | Mask: 0xfffff
2026-06-06 19:31:00,375 [INFO] ChatTTS.Logic: [OPT] [OPT] PID: 4916 | TeamViewer_Service.exe | Mode: NORMAL | Mask: 0xfffff
2026-06-06 19:31:00,379 [INFO] ChatTTS.Logic: [OPT] [OPT] PID: 4932 | Pearl Abyss Launcher.exe | Mode: NORMAL | Mask: 0xfffff
2026-06-06 19:31:00,383 [INFO] ChatTTS.Logic: [OPT] [OPT] PID: 5540 | pwsh.exe | Mode: NORMAL | Mask: 0xfffff
2026-06-06 19:31:00,388 [INFO] ChatTTS.Logic: [OPT] [OPT] PID: 5860 | SearchHost.exe | Mode: NORMAL | Mask: 0xfffff
2026-06-06 19:31:00,391 [INFO] ChatTTS.Logic: [OPT] [OPT] PID: 5900 | remoting_host.exe | Mode: NORMAL | Mask: 0xfffff
2026-06-06 19:31:00,395 [INFO] ChatTTS.Logic: [OPT] [OPT] PID: 6208 | audiodg.exe | Mode: NORMAL | Mask: 0xfffff
2026-06-06 19:31:00,396 [INFO] ChatTTS.Logic: [OPT] [OPT] PID: 6460 | PresentMonService.exe | Mode: NORMAL | Mask: 0xfffff
2026-06-06 19:31:00,401 [INFO] ChatTTS.Logic: [OPT] [OPT] PID: 6468 | conhost.exe | Mode: NORMAL | Mask: 0xfffff
2026-06-06 19:31:00,405 [INFO] ChatTTS.Logic: [OPT] [OPT] PID: 6668 | svchost.exe | Mode: NORMAL | Mask: 0xfffff
2026-06-06 19:31:00,409 [INFO] ChatTTS.Logic: [OPT] [OPT] PID: 6816 | WmiPrvSE.exe | Mode: NORMAL | Mask: 0xfffff
2026-06-06 19:31:00,414 [INFO] ChatTTS.Logic: [OPT] [OPT] PID: 6860 | svchost.exe | Mode: NORMAL | Mask: 0xfffff
2026-06-06 19:31:00,415 [INFO] ChatTTS.Logic: [OPT] [OPT] PID: 7336 | chrome.exe | Mode: NORMAL | Mask: 0xfffff
2026-06-06 19:31:00,418 [INFO] ChatTTS.Logic: [OPT] [OPT] PID: 7428 | wlanext.exe | Mode: NORMAL | Mask: 0xfffff
2026-06-06 19:31:00,420 [INFO] ChatTTS.Logic: [OPT] [OPT] PID: 7464 | DiscordSystemHelper.exe | Mode: NORMAL | Mask: 0xfffff
2026-06-06 19:31:00,424 [INFO] ChatTTS.Logic: [OPT] [OPT] PID: 7516 | crashpad_handler.exe | Mode: NORMAL | Mask: 0xfffff
2026-06-06 19:31:00,425 [INFO] ChatTTS.Logic: [OPT] [OPT] PID: 7540 | nvcontainer.exe | Mode: NORMAL | Mask: 0xfffff
2026-06-06 19:31:00,426 [INFO] ChatTTS.Logic: [OPT] [OPT] PID: 7872 | chrome.exe | Mode: NORMAL | Mask: 0xfffff
2026-06-06 19:31:00,431 [INFO] ChatTTS.Logic: [OPT] [OPT] PID: 8104 | EncoderServer.exe | Mode: NORMAL | Mask: 0xfffff
2026-06-06 19:31:00,435 [INFO] ChatTTS.Logic: [OPT] [OPT] PID: 8204 | nvcontainer.exe | Mode: NORMAL | Mask: 0xfffff
2026-06-06 19:31:00,438 [INFO] ChatTTS.Logic: [OPT] [OPT] PID: 8256 | conhost.exe | Mode: NORMAL | Mask: 0xfffff
2026-06-06 19:31:00,443 [INFO] ChatTTS.Logic: [OPT] [OPT] PID: 8264 | SECOCL64.exe | Mode: NORMAL | Mask: 0xfffff
2026-06-06 19:31:00,444 [INFO] ChatTTS.Logic: [OPT] [OPT] PID: 8404 | sihost.exe | Mode: NORMAL | Mask: 0xfffff
2026-06-06 19:31:00,445 [INFO] ChatTTS.Logic: [OPT] [OPT] PID: 8464 | explorer.exe | Mode: NORMAL | Mask: 0xfffff
2026-06-06 19:31:00,449 [INFO] ChatTTS.Logic: [OPT] [OPT] PID: 8512 | svchost.exe | Mode: NORMAL | Mask: 0xfffff
2026-06-06 19:31:00,453 [INFO] ChatTTS.Logic: [OPT] [OPT] PID: 8524 | svchost.exe | Mode: NORMAL | Mask: 0xfffff
2026-06-06 19:31:00,457 [INFO] ChatTTS.Logic: [OPT] [OPT] PID: 8596 | svchost.exe | Mode: NORMAL | Mask: 0xfffff
2026-06-06 19:31:00,462 [INFO] ChatTTS.Logic: [OPT] [OPT] PID: 8684 | MSIAfterburner.exe | Mode: NORMAL | Mask: 0xfffff
2026-06-06 19:31:00,463 [INFO] ChatTTS.Logic: [OPT] [OPT] PID: 8776 | svchost.exe | Mode: NORMAL | Mask: 0xfffff
2026-06-06 19:31:00,464 [INFO] ChatTTS.Logic: [OPT] [OPT] PID: 9008 | taskhostw.exe | Mode: NORMAL | Mask: 0xfffff
2026-06-06 19:31:00,467 [INFO] ChatTTS.Logic: [OPT] [OPT] PID: 9064 | StartMenuExperienceHost.exe | Mode: NORMAL | Mask: 0xfffff
2026-06-06 19:31:00,469 [INFO] ChatTTS.Logic: [OPT] [OPT] PID: 9144 | cmd.exe | Mode: NORMAL | Mask: 0xfffff
2026-06-06 19:31:00,473 [INFO] ChatTTS.Logic: [OPT] [OPT] PID: 9388 | chrome.exe | Mode: NORMAL | Mask: 0xfffff
2026-06-06 19:31:00,478 [INFO] ChatTTS.Logic: [OPT] [OPT] PID: 9472 | CrossDeviceResume.exe | Mode: NORMAL | Mask: 0xfffff
2026-06-06 19:31:00,482 [INFO] ChatTTS.Logic: [OPT] [OPT] PID: 9864 | RtkAudUService64.exe | Mode: NORMAL | Mask: 0xfffff
2026-06-06 19:31:00,486 [INFO] ChatTTS.Logic: [OPT] [OPT] PID: 10036 | svchost.exe | Mode: NORMAL | Mask: 0xfffff
2026-06-06 19:31:00,490 [INFO] ChatTTS.Logic: [OPT] [OPT] PID: 10300 | TabTip.exe | Mode: NORMAL | Mask: 0xfffff
2026-06-06 19:31:00,494 [INFO] ChatTTS.Logic: [OPT] [OPT] PID: 10392 | chrome.exe | Mode: NORMAL | Mask: 0xfffff
2026-06-06 19:31:00,498 [INFO] ChatTTS.Logic: [OPT] [OPT] PID: 10424 | dllhost.exe | Mode: NORMAL | Mask: 0xfffff
2026-06-06 19:31:00,500 [INFO] ChatTTS.Logic: [OPT] [OPT] PID: 10544 | RuntimeBroker.exe | Mode: NORMAL | Mask: 0xfffff
2026-06-06 19:31:00,504 [INFO] ChatTTS.Logic: [OPT] [OPT] PID: 10552 | svchost.exe | Mode: NORMAL | Mask: 0xfffff
2026-06-06 19:31:00,509 [INFO] ChatTTS.Logic: [OPT] [OPT] PID: 10616 | node.exe | Mode: NORMAL | Mask: 0xfffff
2026-06-06 19:31:00,513 [INFO] ChatTTS.Logic: [OPT] [OPT] PID: 10780 | TDitbamStreamerSuite.exe | Mode: NORMAL | Mask: 0xfffff
2026-06-06 19:31:00,518 [INFO] ChatTTS.Logic: [OPT] [OPT] PID: 11204 | BraveCrashHandler.exe | Mode: NORMAL | Mask: 0xfffff
2026-06-06 19:31:00,522 [INFO] ChatTTS.Logic: [OPT] [OPT] PID: 11232 | BraveCrashHandler64.exe | Mode: NORMAL | Mask: 0xfffff
2026-06-06 19:31:00,523 [INFO] ChatTTS.Logic: [OPT] [OPT] PID: 11320 | chrome.exe | Mode: NORMAL | Mask: 0xfffff
2026-06-06 19:31:00,527 [INFO] ChatTTS.Logic: [OPT] [OPT] PID: 11392 | ShellHost.exe | Mode: NORMAL | Mask: 0xfffff
2026-06-06 19:31:00,531 [INFO] ChatTTS.Logic: [OPT] [OPT] PID: 11480 | conhost.exe | Mode: NORMAL | Mask: 0xfffff
2026-06-06 19:31:00,535 [INFO] ChatTTS.Logic: [OPT] [OPT] PID: 11872 | DataExchangeHost.exe | Mode: NORMAL | Mask: 0xfffff
2026-06-06 19:31:00,539 [INFO] ChatTTS.Logic: [OPT] [OPT] PID: 11904 | msedgewebview2.exe | Mode: NORMAL | Mask: 0xfffff
2026-06-06 19:31:00,543 [INFO] ChatTTS.Logic: [OPT] [OPT] PID: 12116 | svchost.exe | Mode: NORMAL | Mask: 0xfffff
2026-06-06 19:31:00,547 [INFO] ChatTTS.Logic: [OPT] [OPT] PID: 12136 | msedgewebview2.exe | Mode: NORMAL | Mask: 0xfffff
2026-06-06 19:31:00,549 [INFO] ChatTTS.Logic: [OPT] [OPT] PID: 12340 | chrome.exe | Mode: NORMAL | Mask: 0xfffff
2026-06-06 19:31:00,552 [INFO] ChatTTS.Logic: [OPT] [OPT] PID: 12536 | msedgewebview2.exe | Mode: NORMAL | Mask: 0xfffff
2026-06-06 19:31:00,556 [INFO] ChatTTS.Logic: [OPT] [OPT] PID: 12544 | msedgewebview2.exe | Mode: NORMAL | Mask: 0xfffff
2026-06-06 19:31:00,561 [INFO] ChatTTS.Logic: [OPT] [OPT] PID: 12604 | msedgewebview2.exe | Mode: NORMAL | Mask: 0xfffff
2026-06-06 19:31:00,564 [INFO] ChatTTS.Logic: [OPT] [OPT] PID: 12888 | msedgewebview2.exe | Mode: NORMAL | Mask: 0xfffff
2026-06-06 19:31:00,569 [INFO] ChatTTS.Logic: [OPT] [OPT] PID: 12948 | RTSSHooksLoader64.exe | Mode: NORMAL | Mask: 0xfffff
2026-06-06 19:31:00,573 [INFO] ChatTTS.Logic: [OPT] [OPT] PID: 13300 | Code.exe | Mode: NORMAL | Mask: 0xfffff
2026-06-06 19:31:00,576 [INFO] ChatTTS.Logic: [OPT] [OPT] PID: 13396 | ShellExperienceHost.exe | Mode: NORMAL | Mask: 0xfffff
2026-06-06 19:31:00,580 [INFO] ChatTTS.Logic: [OPT] [OPT] PID: 13724 | OpenConsole.exe | Mode: NORMAL | Mask: 0xfffff
2026-06-06 19:31:00,585 [INFO] ChatTTS.Logic: [OPT] [OPT] PID: 13792 | ctfmon.exe | Mode: NORMAL | Mask: 0xfffff
2026-06-06 19:31:00,590 [INFO] ChatTTS.Logic: [OPT] [OPT] PID: 14008 | svchost.exe | Mode: NORMAL | Mask: 0xfffff
2026-06-06 19:31:00,595 [INFO] ChatTTS.Logic: [OPT] [OPT] PID: 14112 | conhost.exe | Mode: NORMAL | Mask: 0xfffff
2026-06-06 19:31:00,599 [INFO] ChatTTS.Logic: [OPT] [OPT] PID: 14152 | chrome.exe | Mode: NORMAL | Mask: 0xfffff
2026-06-06 19:31:00,603 [INFO] ChatTTS.Logic: [OPT] [OPT] PID: 14228 | Code.exe | Mode: NORMAL | Mask: 0xfffff
2026-06-06 19:31:00,604 [INFO] ChatTTS.Logic: [OPT] [OPT] PID: 14328 | pet.exe | Mode: NORMAL | Mask: 0xfffff
2026-06-06 19:31:00,608 [INFO] ChatTTS.Logic: [OPT] [OPT] PID: 14692 | Code.exe | Mode: NORMAL | Mask: 0xfffff
2026-06-06 19:31:00,612 [INFO] ChatTTS.Logic: [OPT] [OPT] PID: 14772 | pwsh.exe | Mode: NORMAL | Mask: 0xfffff
2026-06-06 19:31:00,616 [INFO] ChatTTS.Logic: [OPT] [OPT] PID: 14992 | TextInputHost.exe | Mode: NORMAL | Mask: 0xfffff
2026-06-06 19:31:00,620 [INFO] ChatTTS.Logic: [OPT] [OPT] PID: 15020 | smartscreen.exe | Mode: NORMAL | Mask: 0xfffff
2026-06-06 19:31:00,624 [INFO] ChatTTS.Logic: [OPT] [OPT] PID: 15076 | CodeSetup-stable-6a44c352bd24569c417e530095901b649960f9f8.exe | Mode: NORMAL | Mask: 0xfffff
2026-06-06 19:31:00,629 [INFO] ChatTTS.Logic: [OPT] [OPT] PID: 15392 | python3.12.exe | Mode: NORMAL | Mask: 0xfffff
2026-06-06 19:31:00,633 [INFO] ChatTTS.Logic: [OPT] [OPT] PID: 15420 | DiscordSystemHelper.exe | Mode: NORMAL | Mask: 0xfffff
2026-06-06 19:31:00,637 [INFO] ChatTTS.Logic: [OPT] [OPT] PID: 15504 | Code.exe | Mode: NORMAL | Mask: 0xfffff
2026-06-06 19:31:00,641 [INFO] ChatTTS.Logic: [OPT] [OPT] PID: 15764 | OpenConsole.exe | Mode: NORMAL | Mask: 0xfffff
2026-06-06 19:31:00,643 [INFO] ChatTTS.Logic: [OPT] [OPT] PID: 15820 | chrome.exe | Mode: NORMAL | Mask: 0xfffff
2026-06-06 19:31:00,646 [INFO] ChatTTS.Logic: [OPT] [OPT] PID: 15848 | RtkAudUService64.exe | Mode: NORMAL | Mask: 0xfffff
2026-06-06 19:31:00,647 [INFO] ChatTTS.Logic: [OPT] [OPT] PID: 15980 | vgtray.exe | Mode: NORMAL | Mask: 0xfffff
2026-06-06 19:31:00,652 [INFO] ChatTTS.Logic: [OPT] [OPT] PID: 16084 | Discord.exe | Mode: NORMAL | Mask: 0xfffff
2026-06-06 19:31:00,656 [INFO] ChatTTS.Logic: [OPT] [OPT] PID: 16188 | svchost.exe | Mode: NORMAL | Mask: 0xfffff
2026-06-06 19:31:00,661 [INFO] ChatTTS.Logic: [OPT] [OPT] PID: 16196 | Discord.exe | Mode: NORMAL | Mask: 0xfffff
2026-06-06 19:31:00,665 [INFO] ChatTTS.Logic: [OPT] [OPT] PID: 16312 | Discord.exe | Mode: NORMAL | Mask: 0xfffff
2026-06-06 19:31:00,670 [INFO] ChatTTS.Logic: [OPT] [OPT] PID: 16340 | Discord.exe | Mode: NORMAL | Mask: 0xfffff
2026-06-06 19:31:00,674 [INFO] ChatTTS.Logic: [OPT] [OPT] PID: 16448 | chrome.exe | Mode: NORMAL | Mask: 0xfffff
2026-06-06 19:31:00,679 [INFO] ChatTTS.Logic: [OPT] [OPT] PID: 16560 | dllhost.exe | Mode: NORMAL | Mask: 0xfffff
2026-06-06 19:31:00,683 [INFO] ChatTTS.Logic: [OPT] [OPT] PID: 17112 | Discord.exe | Mode: NORMAL | Mask: 0xfffff
2026-06-06 19:31:00,687 [INFO] ChatTTS.Logic: [OPT] [OPT] PID: 17724 | SearchIndexer.exe | Mode: NORMAL | Mask: 0xfffff
2026-06-06 19:31:00,692 [INFO] ChatTTS.Logic: [OPT] [OPT] PID: 17756 | Discord.exe | Mode: NORMAL | Mask: 0xfffff
2026-06-06 19:31:00,695 [INFO] ChatTTS.Logic: [OPT] [OPT] PID: 18048 | svchost.exe | Mode: NORMAL | Mask: 0xfffff
2026-06-06 19:31:00,699 [INFO] ChatTTS.Logic: [OPT] [OPT] PID: 18060 | svchost.exe | Mode: NORMAL | Mask: 0xfffff
2026-06-06 19:31:00,703 [INFO] ChatTTS.Logic: [OPT] [OPT] PID: 18084 | Code.exe | Mode: NORMAL | Mask: 0xfffff
2026-06-06 19:31:00,708 [INFO] ChatTTS.Logic: [OPT] [OPT] PID: 18492 | Pearl Abyss Launcher.exe | Mode: NORMAL | Mask: 0xfffff
2026-06-06 19:31:00,712 [INFO] ChatTTS.Logic: [OPT] [OPT] PID: 18764 | Notepad.exe | Mode: NORMAL | Mask: 0xfffff
2026-06-06 19:31:00,716 [INFO] ChatTTS.Logic: [OPT] [OPT] PID: 18956 | Pearl Abyss Launcher.exe | Mode: NORMAL | Mask: 0xfffff
2026-06-06 19:31:00,720 [INFO] ChatTTS.Logic: [OPT] [OPT] PID: 18988 | Pearl Abyss Launcher.exe | Mode: NORMAL | Mask: 0xfffff
2026-06-06 19:31:00,724 [INFO] ChatTTS.Logic: [OPT] [OPT] PID: 19116 | Pearl Abyss Launcher.exe | Mode: NORMAL | Mask: 0xfffff
2026-06-06 19:31:00,729 [INFO] ChatTTS.Logic: [OPT] [OPT] PID: 19180 | Pearl Abyss Launcher.exe | Mode: NORMAL | Mask: 0xfffff
2026-06-06 19:31:00,733 [INFO] ChatTTS.Logic: [OPT] [OPT] PID: 19648 | TDitbamStreamerSuite.exe | Mode: NORMAL | Mask: 0xfffff
2026-06-06 19:31:00,737 [INFO] ChatTTS.Logic: [OPT] [OPT] PID: 19800 | chrome.exe | Mode: NORMAL | Mask: 0xfffff
2026-06-06 19:31:00,741 [INFO] ChatTTS.Logic: [OPT] [OPT] PID: 19940 | Pearl Abyss Launcher.exe | Mode: NORMAL | Mask: 0xfffff
2026-06-06 19:31:00,745 [INFO] ChatTTS.Logic: [OPT] [OPT] PID: 20156 | conhost.exe | Mode: NORMAL | Mask: 0xfffff
2026-06-06 19:31:00,749 [INFO] ChatTTS.Logic: [OPT] [OPT] PID: 20240 | Pearl Abyss Launcher.exe | Mode: NORMAL | Mask: 0xfffff
2026-06-06 19:31:00,753 [INFO] ChatTTS.Logic: [OPT] [OPT] PID: 20244 | Code.exe | Mode: NORMAL | Mask: 0xfffff
2026-06-06 19:31:00,758 [INFO] ChatTTS.Logic: [OPT] [OPT] PID: 20392 | conhost.exe | Mode: NORMAL | Mask: 0xfffff
2026-06-06 19:31:00,762 [INFO] ChatTTS.Logic: [OPT] [OPT] PID: 20500 | chrome.exe | Mode: NORMAL | Mask: 0xfffff
2026-06-06 19:31:00,765 [INFO] ChatTTS.Logic: [OPT] [OPT] PID: 20528 | node.exe | Mode: NORMAL | Mask: 0xfffff
2026-06-06 19:31:00,770 [INFO] ChatTTS.Logic: [OPT] [OPT] PID: 20752 | chrome.exe | Mode: NORMAL | Mask: 0xfffff
2026-06-06 19:31:00,771 [INFO] ChatTTS.Logic: [OPT] [OPT] PID: 20756 | chrome.exe | Mode: NORMAL | Mask: 0xfffff
2026-06-06 19:31:00,773 [INFO] ChatTTS.Logic: [OPT] [OPT] PID: 20856 | XboxPcAppFT.exe | Mode: NORMAL | Mask: 0xfffff
2026-06-06 19:31:00,776 [INFO] ChatTTS.Logic: [OPT] [OPT] PID: 21052 | chrome.exe | Mode: NORMAL | Mask: 0xfffff
2026-06-06 19:31:00,777 [INFO] ChatTTS.Logic: [OPT] [OPT] PID: 21524 | svchost.exe | Mode: NORMAL | Mask: 0xfffff
2026-06-06 19:31:00,781 [INFO] ChatTTS.Logic: [OPT] [OPT] PID: 22180 | svchost.exe | Mode: NORMAL | Mask: 0xfffff
2026-06-06 19:31:00,786 [INFO] ChatTTS.Logic: [OPT] [OPT] PID: 22852 | chrome.exe | Mode: NORMAL | Mask: 0xfffff
2026-06-06 19:31:00,790 [INFO] ChatTTS.Logic: [OPT] [OPT] PID: 23076 | Code.exe | Mode: NORMAL | Mask: 0xfffff
2026-06-06 19:31:00,791 [INFO] ChatTTS.Logic: [OPT] [OPT] PID: 23136 | OpenConsole.exe | Mode: NORMAL | Mask: 0xfffff
2026-06-06 19:31:00,795 [INFO] ChatTTS.Logic: [OPT] [OPT] PID: 23168 | chrome.exe | Mode: NORMAL | Mask: 0xfffff
2026-06-06 19:31:00,797 [INFO] ChatTTS.Logic: [OPT] [OPT] PID: 23224 | chrome.exe | Mode: NORMAL | Mask: 0xfffff
2026-06-06 19:31:00,798 [INFO] ChatTTS.Logic: [OPT] [OPT] PID: 23524 | chrome.exe | Mode: NORMAL | Mask: 0xfffff
2026-06-06 19:31:01,814 [INFO] ChatTTS.Logic: Stopping Optimizer Service...
2026-06-06 19:31:02,460 [INFO] ChatTTS.Logic: Starting Optimizer Service...
2026-06-06 19:31:02,467 [INFO] ChatTTS.Logic: [OPT] [OPT] PID: 8 | svchost.exe | Mode: NORMAL | Mask: 0xfffff
2026-06-06 19:31:02,469 [INFO] ChatTTS.Logic: [OPT] [OPT] PID: 1184 | svchost.exe | Mode: NORMAL | Mask: 0xfffff
2026-06-06 19:31:02,471 [INFO] ChatTTS.Logic: [OPT] [OPT] PID: 1356 | esrv.exe | Mode: NORMAL | Mask: 0xfffff
2026-06-06 19:31:02,477 [INFO] ChatTTS.Logic: [OPT] [OPT] PID: 1416 | winlogon.exe | Mode: NORMAL | Mask: 0xfffff
2026-06-06 19:31:02,482 [INFO] ChatTTS.Logic: [OPT] [OPT] PID: 1472 | LsaIso.exe | Mode: NORMAL | Mask: 0xfffff
2026-06-06 19:31:02,488 [INFO] ChatTTS.Logic: [OPT] [OPT] PID: 1632 | svchost.exe | Mode: NORMAL | Mask: 0xfffff
2026-06-06 19:31:02,492 [INFO] ChatTTS.Logic: [OPT] [OPT] PID: 1660 | fontdrvhost.exe | Mode: NORMAL | Mask: 0xfffff
2026-06-06 19:31:02,495 [INFO] ChatTTS.Logic: [OPT] [OPT] PID: 1668 | fontdrvhost.exe | Mode: NORMAL | Mask: 0xfffff
2026-06-06 19:31:02,497 [INFO] ChatTTS.Logic: [OPT] [OPT] PID: 1704 | WUDFHost.exe | Mode: NORMAL | Mask: 0xfffff
2026-06-06 19:31:02,498 [INFO] ChatTTS.Logic: [OPT] [OPT] PID: 1800 | svchost.exe | Mode: NORMAL | Mask: 0xfffff
2026-06-06 19:31:02,502 [INFO] ChatTTS.Logic: [OPT] [OPT] PID: 1860 | WUDFHost.exe | Mode: NORMAL | Mask: 0xfffff
2026-06-06 19:31:02,507 [INFO] ChatTTS.Logic: [OPT] [OPT] PID: 1944 | dwm.exe | Mode: NORMAL | Mask: 0xfffff
2026-06-06 19:31:02,508 [INFO] ChatTTS.Logic: [OPT] [OPT] PID: 1992 | svchost.exe | Mode: NORMAL | Mask: 0xfffff
2026-06-06 19:31:02,509 [INFO] ChatTTS.Logic: [OPT] [OPT] PID: 2016 | WmiPrvSE.exe | Mode: NORMAL | Mask: 0xfffff
2026-06-06 19:31:02,510 [INFO] ChatTTS.Logic: [OPT] [OPT] PID: 2024 | svchost.exe | Mode: NORMAL | Mask: 0xfffff
2026-06-06 19:31:02,511 [INFO] ChatTTS.Logic: [OPT] [OPT] PID: 2032 | svchost.exe | Mode: NORMAL | Mask: 0xfffff
2026-06-06 19:31:02,515 [INFO] ChatTTS.Logic: [OPT] [OPT] PID: 2040 | svchost.exe | Mode: NORMAL | Mask: 0xfffff
2026-06-06 19:31:02,517 [INFO] ChatTTS.Logic: [OPT] [OPT] PID: 2052 | Code.exe | Mode: NORMAL | Mask: 0xfffff
2026-06-06 19:31:02,519 [INFO] ChatTTS.Logic: [OPT] [OPT] PID: 2136 | svchost.exe | Mode: NORMAL | Mask: 0xfffff
2026-06-06 19:31:02,520 [INFO] ChatTTS.Logic: [OPT] [OPT] PID: 2240 | RTSS.exe | Mode: NORMAL | Mask: 0xfffff
2026-06-06 19:31:02,521 [INFO] ChatTTS.Logic: [OPT] [OPT] PID: 2248 | Code.exe | Mode: NORMAL | Mask: 0xfffff
2026-06-06 19:31:02,522 [INFO] ChatTTS.Logic: [OPT] [OPT] PID: 2360 | svchost.exe | Mode: NORMAL | Mask: 0xfffff
2026-06-06 19:31:02,523 [INFO] ChatTTS.Logic: [OPT] [OPT] PID: 2428 | svchost.exe | Mode: NORMAL | Mask: 0xfffff
2026-06-06 19:31:02,528 [INFO] ChatTTS.Logic: [OPT] [OPT] PID: 2452 | svchost.exe | Mode: NORMAL | Mask: 0xfffff
2026-06-06 19:31:02,533 [INFO] ChatTTS.Logic: [OPT] [OPT] PID: 2504 | svchost.exe | Mode: NORMAL | Mask: 0xfffff
2026-06-06 19:31:02,538 [INFO] ChatTTS.Logic: [OPT] [OPT] PID: 2544 | svchost.exe | Mode: NORMAL | Mask: 0xfffff
2026-06-06 19:31:02,542 [INFO] ChatTTS.Logic: [OPT] [OPT] PID: 2576 | svchost.exe | Mode: NORMAL | Mask: 0xfffff
2026-06-06 19:31:02,543 [INFO] ChatTTS.Logic: [OPT] [OPT] PID: 2628 | svchost.exe | Mode: NORMAL | Mask: 0xfffff
2026-06-06 19:31:02,544 [INFO] ChatTTS.Logic: [OPT] [OPT] PID: 2868 | svchost.exe | Mode: NORMAL | Mask: 0xfffff
2026-06-06 19:31:02,545 [INFO] ChatTTS.Logic: [OPT] [OPT] PID: 3124 | CodeSetup-stable-6a44c352bd24569c417e530095901b649960f9f8.tmp | Mode: NORMAL | Mask: 0xfffff
2026-06-06 19:31:02,548 [INFO] ChatTTS.Logic: [OPT] [OPT] PID: 3196 | NVDisplay.Container.exe | Mode: NORMAL | Mask: 0xfffff
2026-06-06 19:31:02,553 [INFO] ChatTTS.Logic: [OPT] [OPT] PID: 3208 | pwsh.exe | Mode: NORMAL | Mask: 0xfffff
2026-06-06 19:31:02,558 [INFO] ChatTTS.Logic: [OPT] [OPT] PID: 3316 | Code.exe | Mode: NORMAL | Mask: 0xfffff
2026-06-06 19:31:02,559 [INFO] ChatTTS.Logic: [OPT] [OPT] PID: 3404 | svchost.exe | Mode: NORMAL | Mask: 0xfffff
2026-06-06 19:31:02,561 [INFO] ChatTTS.Logic: [OPT] [OPT] PID: 3468 | chrome.exe | Mode: NORMAL | Mask: 0xfffff
2026-06-06 19:31:02,562 [INFO] ChatTTS.Logic: [OPT] [OPT] PID: 3472 | AppHelperCap.exe | Mode: NORMAL | Mask: 0xfffff
2026-06-06 19:31:02,563 [INFO] ChatTTS.Logic: [OPT] [OPT] PID: 3488 | TouchpointAnalyticsClientService.exe | Mode: NORMAL | Mask: 0xfffff
2026-06-06 19:31:02,568 [INFO] ChatTTS.Logic: [OPT] [OPT] PID: 3500 | NetworkCap.exe | Mode: NORMAL | Mask: 0xfffff
2026-06-06 19:31:02,573 [INFO] ChatTTS.Logic: [OPT] [OPT] PID: 3508 | DiagsCap.exe | Mode: NORMAL | Mask: 0xfffff
2026-06-06 19:31:02,576 [INFO] ChatTTS.Logic: [OPT] [OPT] PID: 3536 | esrv_svc.exe | Mode: NORMAL | Mask: 0xfffff
2026-06-06 19:31:02,584 [INFO] ChatTTS.Logic: [OPT] [OPT] PID: 3580 | svchost.exe | Mode: NORMAL | Mask: 0xfffff
2026-06-06 19:31:02,589 [INFO] ChatTTS.Logic: [OPT] [OPT] PID: 3596 | svchost.exe | Mode: NORMAL | Mask: 0xfffff
2026-06-06 19:31:02,593 [INFO] ChatTTS.Logic: [OPT] [OPT] PID: 3612 | svchost.exe | Mode: NORMAL | Mask: 0xfffff
2026-06-06 19:31:02,599 [INFO] ChatTTS.Logic: [OPT] [OPT] PID: 3668 | svchost.exe | Mode: NORMAL | Mask: 0xfffff
2026-06-06 19:31:02,604 [INFO] ChatTTS.Logic: [OPT] [OPT] PID: 3760 | NVDisplay.Container.exe | Mode: NORMAL | Mask: 0xfffff
2026-06-06 19:31:02,608 [INFO] ChatTTS.Logic: [OPT] [OPT] PID: 3904 | chrome.exe | Mode: NORMAL | Mask: 0xfffff
2026-06-06 19:31:02,612 [INFO] ChatTTS.Logic: [OPT] [OPT] PID: 3956 | RuntimeBroker.exe | Mode: NORMAL | Mask: 0xfffff
2026-06-06 19:31:02,617 [INFO] ChatTTS.Logic: [OPT] [OPT] PID: 3996 | chrome.exe | Mode: NORMAL | Mask: 0xfffff
2026-06-06 19:31:02,620 [INFO] ChatTTS.Logic: [OPT] [OPT] PID: 4164 | ApplicationFrameHost.exe | Mode: NORMAL | Mask: 0xfffff
2026-06-06 19:31:02,625 [INFO] ChatTTS.Logic: [OPT] [OPT] PID: 4220 | spoolsv.exe | Mode: NORMAL | Mask: 0xfffff
2026-06-06 19:31:02,630 [INFO] ChatTTS.Logic: [OPT] [OPT] PID: 4252 | svchost.exe | Mode: NORMAL | Mask: 0xfffff
2026-06-06 19:31:02,631 [INFO] ChatTTS.Logic: [OPT] [OPT] PID: 4356 | svchost.exe | Mode: NORMAL | Mask: 0xfffff
2026-06-06 19:31:02,635 [INFO] ChatTTS.Logic: [OPT] [OPT] PID: 4416 | chrome.exe | Mode: NORMAL | Mask: 0xfffff
2026-06-06 19:31:02,639 [INFO] ChatTTS.Logic: [OPT] [OPT] PID: 4432 | ipf_helper.exe | Mode: NORMAL | Mask: 0xfffff
2026-06-06 19:31:02,643 [INFO] ChatTTS.Logic: [OPT] [OPT] PID: 4524 | AnyDesk.exe | Mode: NORMAL | Mask: 0xfffff
2026-06-06 19:31:02,648 [INFO] ChatTTS.Logic: [OPT] [OPT] PID: 4552 | ETDCtrl.exe | Mode: NORMAL | Mask: 0xfffff
2026-06-06 19:31:02,652 [INFO] ChatTTS.Logic: [OPT] [OPT] PID: 4568 | chrome.exe | Mode: NORMAL | Mask: 0xfffff
2026-06-06 19:31:02,653 [INFO] ChatTTS.Logic: [OPT] [OPT] PID: 4584 | ETDService.exe | Mode: NORMAL | Mask: 0xfffff
2026-06-06 19:31:02,657 [INFO] ChatTTS.Logic: [OPT] [OPT] PID: 4608 | remoting_host.exe | Mode: NORMAL | Mask: 0xfffff
2026-06-06 19:31:02,661 [INFO] ChatTTS.Logic: [OPT] [OPT] PID: 4624 | IntelAudioService.exe | Mode: NORMAL | Mask: 0xfffff
2026-06-06 19:31:02,665 [INFO] ChatTTS.Logic: [OPT] [OPT] PID: 4632 | IntelGraphicsSoftware.Service.exe | Mode: NORMAL | Mask: 0xfffff
2026-06-06 19:31:02,669 [INFO] ChatTTS.Logic: [OPT] [OPT] PID: 4648 | jhi_service.exe | Mode: NORMAL | Mask: 0xfffff
2026-06-06 19:31:02,674 [INFO] ChatTTS.Logic: [OPT] [OPT] PID: 4708 | vmnat.exe | Mode: NORMAL | Mask: 0xfffff
2026-06-06 19:31:02,679 [INFO] ChatTTS.Logic: [OPT] [OPT] PID: 4716 | XtuService.exe | Mode: NORMAL | Mask: 0xfffff
2026-06-06 19:31:02,683 [INFO] ChatTTS.Logic: [OPT] [OPT] PID: 4724 | WMIRegistrationService.exe | Mode: NORMAL | Mask: 0xfffff
2026-06-06 19:31:02,684 [INFO] ChatTTS.Logic: [OPT] [OPT] PID: 4732 | vmnetdhcp.exe | Mode: NORMAL | Mask: 0xfffff
2026-06-06 19:31:02,689 [INFO] ChatTTS.Logic: [OPT] [OPT] PID: 4740 | vmware-usbarbitrator64.exe | Mode: NORMAL | Mask: 0xfffff
2026-06-06 19:31:02,690 [INFO] ChatTTS.Logic: [OPT] [OPT] PID: 4752 | vmware-authd.exe | Mode: NORMAL | Mask: 0xfffff
2026-06-06 19:31:02,691 [INFO] ChatTTS.Logic: [OPT] [OPT] PID: 4772 | SECOMN64.exe | Mode: NORMAL | Mask: 0xfffff
2026-06-06 19:31:02,695 [INFO] ChatTTS.Logic: [OPT] [OPT] PID: 4780 | RtkAudUService64.exe | Mode: NORMAL | Mask: 0xfffff
2026-06-06 19:31:02,698 [INFO] ChatTTS.Logic: [OPT] [OPT] PID: 4788 | nvcontainer.exe | Mode: NORMAL | Mask: 0xfffff
2026-06-06 19:31:02,702 [INFO] ChatTTS.Logic: [OPT] [OPT] PID: 4796 | SurSvc.exe | Mode: NORMAL | Mask: 0xfffff
2026-06-06 19:31:02,708 [INFO] ChatTTS.Logic: [OPT] [OPT] PID: 4804 | svchost.exe | Mode: NORMAL | Mask: 0xfffff
2026-06-06 19:31:02,713 [INFO] ChatTTS.Logic: [OPT] [OPT] PID: 4904 | ipf_uf.exe | Mode: NORMAL | Mask: 0xfffff
2026-06-06 19:31:02,714 [INFO] ChatTTS.Logic: [OPT] [OPT] PID: 4916 | TeamViewer_Service.exe | Mode: NORMAL | Mask: 0xfffff
2026-06-06 19:31:02,715 [INFO] ChatTTS.Logic: [OPT] [OPT] PID: 4932 | Pearl Abyss Launcher.exe | Mode: NORMAL | Mask: 0xfffff
2026-06-06 19:31:02,718 [INFO] ChatTTS.Logic: [OPT] [OPT] PID: 5540 | pwsh.exe | Mode: NORMAL | Mask: 0xfffff
2026-06-06 19:31:02,722 [INFO] ChatTTS.Logic: [OPT] [OPT] PID: 5860 | SearchHost.exe | Mode: NORMAL | Mask: 0xfffff
2026-06-06 19:31:02,726 [INFO] ChatTTS.Logic: [OPT] [OPT] PID: 5900 | remoting_host.exe | Mode: NORMAL | Mask: 0xfffff
2026-06-06 19:31:02,732 [INFO] ChatTTS.Logic: [OPT] [OPT] PID: 6208 | audiodg.exe | Mode: NORMAL | Mask: 0xfffff
2026-06-06 19:31:02,735 [INFO] ChatTTS.Logic: [OPT] [OPT] PID: 6460 | PresentMonService.exe | Mode: NORMAL | Mask: 0xfffff
2026-06-06 19:31:02,740 [INFO] ChatTTS.Logic: [OPT] [OPT] PID: 6468 | conhost.exe | Mode: NORMAL | Mask: 0xfffff
2026-06-06 19:31:02,741 [INFO] ChatTTS.Logic: [OPT] [OPT] PID: 6668 | svchost.exe | Mode: NORMAL | Mask: 0xfffff
2026-06-06 19:31:02,745 [INFO] ChatTTS.Logic: [OPT] [OPT] PID: 6816 | WmiPrvSE.exe | Mode: NORMAL | Mask: 0xfffff
2026-06-06 19:31:02,747 [INFO] ChatTTS.Logic: [OPT] [OPT] PID: 6860 | svchost.exe | Mode: NORMAL | Mask: 0xfffff
2026-06-06 19:31:02,748 [INFO] ChatTTS.Logic: [OPT] [OPT] PID: 7336 | chrome.exe | Mode: NORMAL | Mask: 0xfffff
2026-06-06 19:31:02,749 [INFO] ChatTTS.Logic: [OPT] [OPT] PID: 7428 | wlanext.exe | Mode: NORMAL | Mask: 0xfffff
2026-06-06 19:31:02,753 [INFO] ChatTTS.Logic: [OPT] [OPT] PID: 7464 | DiscordSystemHelper.exe | Mode: NORMAL | Mask: 0xfffff
2026-06-06 19:31:02,754 [INFO] ChatTTS.Logic: [OPT] [OPT] PID: 7516 | crashpad_handler.exe | Mode: NORMAL | Mask: 0xfffff
2026-06-06 19:31:02,755 [INFO] ChatTTS.Logic: [OPT] [OPT] PID: 7540 | nvcontainer.exe | Mode: NORMAL | Mask: 0xfffff
2026-06-06 19:31:02,759 [INFO] ChatTTS.Logic: [OPT] [OPT] PID: 7872 | chrome.exe | Mode: NORMAL | Mask: 0xfffff
2026-06-06 19:31:02,760 [INFO] ChatTTS.Logic: [OPT] [OPT] PID: 8104 | EncoderServer.exe | Mode: NORMAL | Mask: 0xfffff
2026-06-06 19:31:02,764 [INFO] ChatTTS.Logic: [OPT] [OPT] PID: 8204 | nvcontainer.exe | Mode: NORMAL | Mask: 0xfffff
2026-06-06 19:31:02,769 [INFO] ChatTTS.Logic: [OPT] [OPT] PID: 8256 | conhost.exe | Mode: NORMAL | Mask: 0xfffff
2026-06-06 19:31:02,770 [INFO] ChatTTS.Logic: [OPT] [OPT] PID: 8264 | SECOCL64.exe | Mode: NORMAL | Mask: 0xfffff
2026-06-06 19:31:02,775 [INFO] ChatTTS.Logic: [OPT] [OPT] PID: 8404 | sihost.exe | Mode: NORMAL | Mask: 0xfffff
2026-06-06 19:31:02,778 [INFO] ChatTTS.Logic: [OPT] [OPT] PID: 8464 | explorer.exe | Mode: NORMAL | Mask: 0xfffff
2026-06-06 19:31:02,782 [INFO] ChatTTS.Logic: [OPT] [OPT] PID: 8512 | svchost.exe | Mode: NORMAL | Mask: 0xfffff
2026-06-06 19:31:02,786 [INFO] ChatTTS.Logic: [OPT] [OPT] PID: 8524 | svchost.exe | Mode: NORMAL | Mask: 0xfffff
2026-06-06 19:31:02,788 [INFO] ChatTTS.Logic: [OPT] [OPT] PID: 8596 | svchost.exe | Mode: NORMAL | Mask: 0xfffff
2026-06-06 19:31:02,789 [INFO] ChatTTS.Logic: [OPT] [OPT] PID: 8684 | MSIAfterburner.exe | Mode: NORMAL | Mask: 0xfffff
2026-06-06 19:31:02,790 [INFO] ChatTTS.Logic: [OPT] [OPT] PID: 8776 | svchost.exe | Mode: NORMAL | Mask: 0xfffff
2026-06-06 19:31:02,791 [INFO] ChatTTS.Logic: [OPT] [OPT] PID: 9008 | taskhostw.exe | Mode: NORMAL | Mask: 0xfffff
2026-06-06 19:31:02,792 [INFO] ChatTTS.Logic: [OPT] [OPT] PID: 9064 | StartMenuExperienceHost.exe | Mode: NORMAL | Mask: 0xfffff
2026-06-06 19:31:02,793 [INFO] ChatTTS.Logic: [OPT] [OPT] PID: 9144 | cmd.exe | Mode: NORMAL | Mask: 0xfffff
2026-06-06 19:31:02,797 [INFO] ChatTTS.Logic: [OPT] [OPT] PID: 9388 | chrome.exe | Mode: NORMAL | Mask: 0xfffff
2026-06-06 19:31:02,801 [INFO] ChatTTS.Logic: [OPT] [OPT] PID: 9472 | CrossDeviceResume.exe | Mode: NORMAL | Mask: 0xfffff
2026-06-06 19:31:02,802 [INFO] ChatTTS.Logic: [OPT] [OPT] PID: 9864 | RtkAudUService64.exe | Mode: NORMAL | Mask: 0xfffff
2026-06-06 19:31:02,806 [INFO] ChatTTS.Logic: [OPT] [OPT] PID: 10036 | svchost.exe | Mode: NORMAL | Mask: 0xfffff
2026-06-06 19:31:02,808 [INFO] ChatTTS.Logic: [OPT] [OPT] PID: 10300 | TabTip.exe | Mode: NORMAL | Mask: 0xfffff
2026-06-06 19:31:02,812 [INFO] ChatTTS.Logic: [OPT] [OPT] PID: 10392 | chrome.exe | Mode: NORMAL | Mask: 0xfffff
2026-06-06 19:31:02,816 [INFO] ChatTTS.Logic: [OPT] [OPT] PID: 10424 | dllhost.exe | Mode: NORMAL | Mask: 0xfffff
2026-06-06 19:31:02,820 [INFO] ChatTTS.Logic: [OPT] [OPT] PID: 10544 | RuntimeBroker.exe | Mode: NORMAL | Mask: 0xfffff
2026-06-06 19:31:02,824 [INFO] ChatTTS.Logic: [OPT] [OPT] PID: 10552 | svchost.exe | Mode: NORMAL | Mask: 0xfffff
2026-06-06 19:31:02,829 [INFO] ChatTTS.Logic: [OPT] [OPT] PID: 10616 | node.exe | Mode: NORMAL | Mask: 0xfffff
2026-06-06 19:31:02,833 [INFO] ChatTTS.Logic: [OPT] [OPT] PID: 10780 | TDitbamStreamerSuite.exe | Mode: NORMAL | Mask: 0xfffff
2026-06-06 19:31:02,837 [INFO] ChatTTS.Logic: [OPT] [OPT] PID: 11204 | BraveCrashHandler.exe | Mode: NORMAL | Mask: 0xfffff
2026-06-06 19:31:02,838 [INFO] ChatTTS.Logic: [OPT] [OPT] PID: 11232 | BraveCrashHandler64.exe | Mode: NORMAL | Mask: 0xfffff
2026-06-06 19:31:02,842 [INFO] ChatTTS.Logic: [OPT] [OPT] PID: 11320 | chrome.exe | Mode: NORMAL | Mask: 0xfffff
2026-06-06 19:31:02,847 [INFO] ChatTTS.Logic: [OPT] [OPT] PID: 11392 | ShellHost.exe | Mode: NORMAL | Mask: 0xfffff
2026-06-06 19:31:02,851 [INFO] ChatTTS.Logic: [OPT] [OPT] PID: 11480 | conhost.exe | Mode: NORMAL | Mask: 0xfffff
2026-06-06 19:31:02,855 [INFO] ChatTTS.Logic: [OPT] [OPT] PID: 11872 | DataExchangeHost.exe | Mode: NORMAL | Mask: 0xfffff
2026-06-06 19:31:02,856 [INFO] ChatTTS.Logic: [OPT] [OPT] PID: 11904 | msedgewebview2.exe | Mode: NORMAL | Mask: 0xfffff
2026-06-06 19:31:02,857 [INFO] ChatTTS.Logic: [OPT] [OPT] PID: 12116 | svchost.exe | Mode: NORMAL | Mask: 0xfffff
2026-06-06 19:31:02,858 [INFO] ChatTTS.Logic: [OPT] [OPT] PID: 12136 | msedgewebview2.exe | Mode: NORMAL | Mask: 0xfffff
2026-06-06 19:31:02,862 [INFO] ChatTTS.Logic: [OPT] [OPT] PID: 12340 | chrome.exe | Mode: NORMAL | Mask: 0xfffff
2026-06-06 19:31:02,867 [INFO] ChatTTS.Logic: [OPT] [OPT] PID: 12536 | msedgewebview2.exe | Mode: NORMAL | Mask: 0xfffff
2026-06-06 19:31:02,871 [INFO] ChatTTS.Logic: [OPT] [OPT] PID: 12544 | msedgewebview2.exe | Mode: NORMAL | Mask: 0xfffff
2026-06-06 19:31:02,872 [INFO] ChatTTS.Logic: [OPT] [OPT] PID: 12604 | msedgewebview2.exe | Mode: NORMAL | Mask: 0xfffff
2026-06-06 19:31:02,873 [INFO] ChatTTS.Logic: [OPT] [OPT] PID: 12888 | msedgewebview2.exe | Mode: NORMAL | Mask: 0xfffff
2026-06-06 19:31:02,878 [INFO] ChatTTS.Logic: [OPT] [OPT] PID: 12948 | RTSSHooksLoader64.exe | Mode: NORMAL | Mask: 0xfffff
2026-06-06 19:31:02,881 [INFO] ChatTTS.Logic: [OPT] [OPT] PID: 13300 | Code.exe | Mode: NORMAL | Mask: 0xfffff
2026-06-06 19:31:02,886 [INFO] ChatTTS.Logic: [OPT] [OPT] PID: 13396 | ShellExperienceHost.exe | Mode: NORMAL | Mask: 0xfffff
2026-06-06 19:31:02,887 [INFO] ChatTTS.Logic: [OPT] [OPT] PID: 13724 | OpenConsole.exe | Mode: NORMAL | Mask: 0xfffff
2026-06-06 19:31:02,888 [INFO] ChatTTS.Logic: [OPT] [OPT] PID: 13792 | ctfmon.exe | Mode: NORMAL | Mask: 0xfffff
2026-06-06 19:31:02,892 [INFO] ChatTTS.Logic: [OPT] [OPT] PID: 14008 | svchost.exe | Mode: NORMAL | Mask: 0xfffff
2026-06-06 19:31:02,897 [INFO] ChatTTS.Logic: [OPT] [OPT] PID: 14112 | conhost.exe | Mode: NORMAL | Mask: 0xfffff
2026-06-06 19:31:02,901 [INFO] ChatTTS.Logic: [OPT] [OPT] PID: 14152 | chrome.exe | Mode: NORMAL | Mask: 0xfffff
2026-06-06 19:31:02,905 [INFO] ChatTTS.Logic: [OPT] [OPT] PID: 14228 | Code.exe | Mode: NORMAL | Mask: 0xfffff
2026-06-06 19:31:02,910 [INFO] ChatTTS.Logic: [OPT] [OPT] PID: 14328 | pet.exe | Mode: NORMAL | Mask: 0xfffff
2026-06-06 19:31:02,919 [INFO] ChatTTS.Logic: [OPT] [OPT] PID: 14692 | Code.exe | Mode: NORMAL | Mask: 0xfffff
2026-06-06 19:31:02,923 [INFO] ChatTTS.Logic: [OPT] [OPT] PID: 14772 | pwsh.exe | Mode: NORMAL | Mask: 0xfffff
2026-06-06 19:31:02,924 [INFO] ChatTTS.Logic: [OPT] [OPT] PID: 14992 | TextInputHost.exe | Mode: NORMAL | Mask: 0xfffff
2026-06-06 19:31:02,929 [INFO] ChatTTS.Logic: [OPT] [OPT] PID: 15020 | smartscreen.exe | Mode: NORMAL | Mask: 0xfffff
2026-06-06 19:31:02,933 [INFO] ChatTTS.Logic: [OPT] [OPT] PID: 15076 | CodeSetup-stable-6a44c352bd24569c417e530095901b649960f9f8.exe | Mode: NORMAL | Mask: 0xfffff
2026-06-06 19:31:02,937 [INFO] ChatTTS.Logic: [OPT] [OPT] PID: 15392 | python3.12.exe | Mode: NORMAL | Mask: 0xfffff
2026-06-06 19:31:02,941 [INFO] ChatTTS.Logic: [OPT] [OPT] PID: 15420 | DiscordSystemHelper.exe | Mode: NORMAL | Mask: 0xfffff
2026-06-06 19:31:02,945 [INFO] ChatTTS.Logic: [OPT] [OPT] PID: 15504 | Code.exe | Mode: NORMAL | Mask: 0xfffff
2026-06-06 19:31:02,950 [INFO] ChatTTS.Logic: [OPT] [OPT] PID: 15764 | OpenConsole.exe | Mode: NORMAL | Mask: 0xfffff
2026-06-06 19:31:02,954 [INFO] ChatTTS.Logic: [OPT] [OPT] PID: 15820 | chrome.exe | Mode: NORMAL | Mask: 0xfffff
2026-06-06 19:31:02,958 [INFO] ChatTTS.Logic: [OPT] [OPT] PID: 15848 | RtkAudUService64.exe | Mode: NORMAL | Mask: 0xfffff
2026-06-06 19:31:02,962 [INFO] ChatTTS.Logic: [OPT] [OPT] PID: 15980 | vgtray.exe | Mode: NORMAL | Mask: 0xfffff
2026-06-06 19:31:02,967 [INFO] ChatTTS.Logic: [OPT] [OPT] PID: 16084 | Discord.exe | Mode: NORMAL | Mask: 0xfffff
2026-06-06 19:31:02,971 [INFO] ChatTTS.Logic: [OPT] [OPT] PID: 16188 | svchost.exe | Mode: NORMAL | Mask: 0xfffff
2026-06-06 19:31:02,975 [INFO] ChatTTS.Logic: [OPT] [OPT] PID: 16196 | Discord.exe | Mode: NORMAL | Mask: 0xfffff
2026-06-06 19:31:02,980 [INFO] ChatTTS.Logic: [OPT] [OPT] PID: 16312 | Discord.exe | Mode: NORMAL | Mask: 0xfffff
2026-06-06 19:31:02,984 [INFO] ChatTTS.Logic: [OPT] [OPT] PID: 16340 | Discord.exe | Mode: NORMAL | Mask: 0xfffff
2026-06-06 19:31:02,989 [INFO] ChatTTS.Logic: [OPT] [OPT] PID: 16448 | chrome.exe | Mode: NORMAL | Mask: 0xfffff
2026-06-06 19:31:02,993 [INFO] ChatTTS.Logic: [OPT] [OPT] PID: 16560 | dllhost.exe | Mode: NORMAL | Mask: 0xfffff
2026-06-06 19:31:02,997 [INFO] ChatTTS.Logic: [OPT] [OPT] PID: 17112 | Discord.exe | Mode: NORMAL | Mask: 0xfffff
2026-06-06 19:31:03,001 [INFO] ChatTTS.Logic: [OPT] [OPT] PID: 17724 | SearchIndexer.exe | Mode: NORMAL | Mask: 0xfffff
2026-06-06 19:31:03,002 [INFO] ChatTTS.Logic: [OPT] [OPT] PID: 17756 | Discord.exe | Mode: NORMAL | Mask: 0xfffff
2026-06-06 19:31:03,007 [INFO] ChatTTS.Logic: [OPT] [OPT] PID: 18048 | svchost.exe | Mode: NORMAL | Mask: 0xfffff
2026-06-06 19:31:03,012 [INFO] ChatTTS.Logic: [OPT] [OPT] PID: 18060 | svchost.exe | Mode: NORMAL | Mask: 0xfffff
2026-06-06 19:31:03,013 [INFO] ChatTTS.Logic: [OPT] [OPT] PID: 18084 | Code.exe | Mode: NORMAL | Mask: 0xfffff
2026-06-06 19:31:03,014 [INFO] ChatTTS.Logic: [OPT] [OPT] PID: 18492 | Pearl Abyss Launcher.exe | Mode: NORMAL | Mask: 0xfffff
2026-06-06 19:31:03,015 [INFO] ChatTTS.Logic: [OPT] [OPT] PID: 18764 | Notepad.exe | Mode: NORMAL | Mask: 0xfffff
2026-06-06 19:31:03,018 [INFO] ChatTTS.Logic: [OPT] [OPT] PID: 18956 | Pearl Abyss Launcher.exe | Mode: NORMAL | Mask: 0xfffff
2026-06-06 19:31:03,019 [INFO] ChatTTS.Logic: [OPT] [OPT] PID: 18988 | Pearl Abyss Launcher.exe | Mode: NORMAL | Mask: 0xfffff
2026-06-06 19:31:03,024 [INFO] ChatTTS.Logic: [OPT] [OPT] PID: 19116 | Pearl Abyss Launcher.exe | Mode: NORMAL | Mask: 0xfffff
2026-06-06 19:31:03,028 [INFO] ChatTTS.Logic: [OPT] [OPT] PID: 19180 | Pearl Abyss Launcher.exe | Mode: NORMAL | Mask: 0xfffff
2026-06-06 19:31:03,029 [INFO] ChatTTS.Logic: [OPT] [OPT] PID: 19648 | TDitbamStreamerSuite.exe | Mode: NORMAL | Mask: 0xfffff
2026-06-06 19:31:03,033 [INFO] ChatTTS.Logic: [OPT] [OPT] PID: 19800 | chrome.exe | Mode: NORMAL | Mask: 0xfffff
2026-06-06 19:31:03,037 [INFO] ChatTTS.Logic: [OPT] [OPT] PID: 19940 | Pearl Abyss Launcher.exe | Mode: NORMAL | Mask: 0xfffff
2026-06-06 19:31:03,042 [INFO] ChatTTS.Logic: [OPT] [OPT] PID: 20156 | conhost.exe | Mode: NORMAL | Mask: 0xfffff
2026-06-06 19:31:03,046 [INFO] ChatTTS.Logic: [OPT] [OPT] PID: 20240 | Pearl Abyss Launcher.exe | Mode: NORMAL | Mask: 0xfffff
2026-06-06 19:31:03,051 [INFO] ChatTTS.Logic: [OPT] [OPT] PID: 20244 | Code.exe | Mode: NORMAL | Mask: 0xfffff
2026-06-06 19:31:03,052 [INFO] ChatTTS.Logic: [OPT] [OPT] PID: 20392 | conhost.exe | Mode: NORMAL | Mask: 0xfffff
2026-06-06 19:31:03,056 [INFO] ChatTTS.Logic: [OPT] [OPT] PID: 20500 | chrome.exe | Mode: NORMAL | Mask: 0xfffff
2026-06-06 19:31:03,057 [INFO] ChatTTS.Logic: [OPT] [OPT] PID: 20528 | node.exe | Mode: NORMAL | Mask: 0xfffff
2026-06-06 19:31:03,058 [INFO] ChatTTS.Logic: [OPT] [OPT] PID: 20752 | chrome.exe | Mode: NORMAL | Mask: 0xfffff
2026-06-06 19:31:03,059 [INFO] ChatTTS.Logic: [OPT] [OPT] PID: 20756 | chrome.exe | Mode: NORMAL | Mask: 0xfffff
2026-06-06 19:31:03,063 [INFO] ChatTTS.Logic: [OPT] [OPT] PID: 20856 | XboxPcAppFT.exe | Mode: NORMAL | Mask: 0xfffff
2026-06-06 19:31:03,068 [INFO] ChatTTS.Logic: [OPT] [OPT] PID: 21052 | chrome.exe | Mode: NORMAL | Mask: 0xfffff
2026-06-06 19:31:03,069 [INFO] ChatTTS.Logic: [OPT] [OPT] PID: 21524 | svchost.exe | Mode: NORMAL | Mask: 0xfffff
2026-06-06 19:31:03,070 [INFO] ChatTTS.Logic: [OPT] [OPT] PID: 22180 | svchost.exe | Mode: NORMAL | Mask: 0xfffff
2026-06-06 19:31:03,073 [INFO] ChatTTS.Logic: [OPT] [OPT] PID: 22852 | chrome.exe | Mode: NORMAL | Mask: 0xfffff
2026-06-06 19:31:03,074 [INFO] ChatTTS.Logic: [OPT] [OPT] PID: 23076 | Code.exe | Mode: NORMAL | Mask: 0xfffff
2026-06-06 19:31:03,079 [INFO] ChatTTS.Logic: [OPT] [OPT] PID: 23136 | OpenConsole.exe | Mode: NORMAL | Mask: 0xfffff
2026-06-06 19:31:03,083 [INFO] ChatTTS.Logic: [OPT] [OPT] PID: 23168 | chrome.exe | Mode: NORMAL | Mask: 0xfffff
2026-06-06 19:31:03,087 [INFO] ChatTTS.Logic: [OPT] [OPT] PID: 23224 | chrome.exe | Mode: NORMAL | Mask: 0xfffff
2026-06-06 19:31:03,091 [INFO] ChatTTS.Logic: [OPT] [OPT] PID: 23524 | chrome.exe | Mode: NORMAL | Mask: 0xfffff
2026-06-06 19:31:28,138 [INFO] ChatTTS.Logic: [OPT] [OPT] PID: 19600 | svchost.exe | Mode: NORMAL | Mask: 0xfffff
2026-06-06 19:31:33,144 [INFO] ChatTTS.Logic: [OPT] [OPT] PID: 5188 | chrome.exe | Mode: NORMAL | Mask: 0xfffff
2026-06-06 19:31:58,188 [INFO] ChatTTS.Logic: [OPT] [*] Running Scheduled Auto-Cleanup...
2026-06-06 19:31:58,189 [INFO] ChatTTS.Logic: [OPT] [*] Scanning: C:\Users\temp8\AppData\Local\Temp
2026-06-06 19:31:58,193 [INFO] ChatTTS.Logic: [OPT] [OK] Deleted: dotnet-suggest-registration-git-credential-manager, Version=2.7.3.0, Culture=neutral, PublicKeyToken=null
2026-06-06 19:31:58,202 [INFO] ChatTTS.Logic: [OPT] [OK] Removed Empty Dir: system-commandline-sentinel-files
2026-06-06 19:31:58,202 [INFO] ChatTTS.Logic: [OPT] [*] Scanning: C:\Windows\Temp
2026-06-06 19:31:58,206 [INFO] ChatTTS.Logic: [OPT] [*] Scanning: C:\Users\temp8\AppData\Local\NVIDIA\DXCache
2026-06-06 19:31:58,217 [INFO] ChatTTS.Logic: [OPT] [OPT] PID: 11444 | chrome.exe | Mode: NORMAL | Mask: 0xfffff
2026-06-06 19:31:58,218 [INFO] ChatTTS.Logic: [OPT] [OPT] PID: 12296 | chrome.exe | Mode: NORMAL | Mask: 0xfffff
2026-06-06 19:32:03,235 [INFO] ChatTTS.Logic: [OPT] [OPT] PID: 8000 | chrome.exe | Mode: NORMAL | Mask: 0xfffff
2026-06-06 19:32:08,247 [INFO] ChatTTS.Logic: [OPT] [OPT] PID: 19176 | SnippingTool.exe | Mode: NORMAL | Mask: 0xfffff
2026-06-06 19:32:39,915 [INFO] ChatTTS.Engine: Engine configuration updated in real-time.
2026-06-06 19:32:39,915 [INFO] ChatTTS.Logic: Chat-TTS Settings Saved Successfully
2026-06-06 19:34:05,867 [INFO] ChatTTS.Logic: Starting Optimizer Service...
2026-06-06 19:34:05,874 [INFO] ChatTTS.Logic: [OPT] [OPT] PID: 8 | svchost.exe | Mode: NORMAL | Mask: 0xfffff
2026-06-06 19:34:05,875 [INFO] ChatTTS.Logic: [OPT] [OPT] PID: 1184 | svchost.exe | Mode: NORMAL | Mask: 0xfffff
2026-06-06 19:34:05,878 [INFO] ChatTTS.Logic: [OPT] [OPT] PID: 1356 | esrv.exe | Mode: NORMAL | Mask: 0xfffff
2026-06-06 19:34:05,879 [INFO] ChatTTS.Logic: [OPT] [OPT] PID: 1416 | winlogon.exe | Mode: NORMAL | Mask: 0xfffff
2026-06-06 19:34:05,881 [INFO] ChatTTS.Logic: [OPT] [OPT] PID: 1472 | LsaIso.exe | Mode: NORMAL | Mask: 0xfffff
2026-06-06 19:34:05,881 [INFO] ChatTTS.Logic: [OPT] [OPT] PID: 1632 | svchost.exe | Mode: NORMAL | Mask: 0xfffff
2026-06-06 19:34:05,895 [INFO] ChatTTS.Logic: [OPT] [OPT] PID: 1660 | fontdrvhost.exe | Mode: NORMAL | Mask: 0xfffff
2026-06-06 19:34:05,896 [INFO] ChatTTS.Logic: [OPT] [OPT] PID: 1668 | fontdrvhost.exe | Mode: NORMAL | Mask: 0xfffff
2026-06-06 19:34:05,897 [INFO] ChatTTS.Logic: [OPT] [OPT] PID: 1704 | WUDFHost.exe | Mode: NORMAL | Mask: 0xfffff
2026-06-06 19:34:05,897 [INFO] ChatTTS.Logic: [OPT] [OPT] PID: 1800 | svchost.exe | Mode: NORMAL | Mask: 0xfffff
2026-06-06 19:34:05,898 [INFO] ChatTTS.Logic: [OPT] [OPT] PID: 1860 | WUDFHost.exe | Mode: NORMAL | Mask: 0xfffff
2026-06-06 19:34:05,898 [INFO] ChatTTS.Logic: [OPT] [OPT] PID: 1944 | dwm.exe | Mode: NORMAL | Mask: 0xfffff
2026-06-06 19:34:05,899 [INFO] ChatTTS.Logic: [OPT] [OPT] PID: 1992 | svchost.exe | Mode: NORMAL | Mask: 0xfffff
2026-06-06 19:34:05,899 [INFO] ChatTTS.Logic: [OPT] [OPT] PID: 2016 | WmiPrvSE.exe | Mode: NORMAL | Mask: 0xfffff
2026-06-06 19:34:05,900 [INFO] ChatTTS.Logic: [OPT] [OPT] PID: 2024 | svchost.exe | Mode: NORMAL | Mask: 0xfffff
2026-06-06 19:34:05,900 [INFO] ChatTTS.Logic: [OPT] [OPT] PID: 2032 | svchost.exe | Mode: NORMAL | Mask: 0xfffff
2026-06-06 19:34:05,901 [INFO] ChatTTS.Logic: [OPT] [OPT] PID: 2040 | svchost.exe | Mode: NORMAL | Mask: 0xfffff
2026-06-06 19:34:05,901 [INFO] ChatTTS.Logic: [OPT] [OPT] PID: 2052 | Code.exe | Mode: NORMAL | Mask: 0xfffff
2026-06-06 19:34:05,902 [INFO] ChatTTS.Logic: [OPT] [OPT] PID: 2136 | svchost.exe | Mode: NORMAL | Mask: 0xfffff
2026-06-06 19:34:05,902 [INFO] ChatTTS.Logic: [OPT] [OPT] PID: 2240 | RTSS.exe | Mode: NORMAL | Mask: 0xfffff
2026-06-06 19:34:05,903 [INFO] ChatTTS.Logic: [OPT] [OPT] PID: 2248 | Code.exe | Mode: NORMAL | Mask: 0xfffff
2026-06-06 19:34:05,904 [INFO] ChatTTS.Logic: [OPT] [OPT] PID: 2360 | svchost.exe | Mode: NORMAL | Mask: 0xfffff
2026-06-06 19:34:05,904 [INFO] ChatTTS.Logic: [OPT] [OPT] PID: 2428 | svchost.exe | Mode: NORMAL | Mask: 0xfffff
2026-06-06 19:34:05,905 [INFO] ChatTTS.Logic: [OPT] [OPT] PID: 2452 | svchost.exe | Mode: NORMAL | Mask: 0xfffff
2026-06-06 19:34:05,905 [INFO] ChatTTS.Logic: [OPT] [OPT] PID: 2504 | svchost.exe | Mode: NORMAL | Mask: 0xfffff
2026-06-06 19:34:05,906 [INFO] ChatTTS.Logic: [OPT] [OPT] PID: 2544 | svchost.exe | Mode: NORMAL | Mask: 0xfffff
2026-06-06 19:34:05,907 [INFO] ChatTTS.Logic: [OPT] [OPT] PID: 2576 | svchost.exe | Mode: NORMAL | Mask: 0xfffff
2026-06-06 19:34:05,907 [INFO] ChatTTS.Logic: [OPT] [OPT] PID: 2628 | svchost.exe | Mode: NORMAL | Mask: 0xfffff
2026-06-06 19:34:05,913 [INFO] ChatTTS.Logic: [OPT] [OPT] PID: 2868 | svchost.exe | Mode: NORMAL | Mask: 0xfffff
2026-06-06 19:34:05,916 [INFO] ChatTTS.Logic: [OPT] [OPT] PID: 3124 | CodeSetup-stable-6a44c352bd24569c417e530095901b649960f9f8.tmp | Mode: NORMAL | Mask: 0xfffff
2026-06-06 19:34:05,919 [INFO] ChatTTS.Logic: [OPT] [OPT] PID: 3196 | NVDisplay.Container.exe | Mode: NORMAL | Mask: 0xfffff
2026-06-06 19:34:05,928 [INFO] ChatTTS.Logic: [OPT] [OPT] PID: 3208 | pwsh.exe | Mode: NORMAL | Mask: 0xfffff
2026-06-06 19:34:05,929 [INFO] ChatTTS.Logic: [OPT] [OPT] PID: 3316 | Code.exe | Mode: NORMAL | Mask: 0xfffff
2026-06-06 19:34:05,933 [INFO] ChatTTS.Logic: [OPT] [OPT] PID: 3404 | svchost.exe | Mode: NORMAL | Mask: 0xfffff
2026-06-06 19:34:05,937 [INFO] ChatTTS.Logic: [OPT] [OPT] PID: 3468 | chrome.exe | Mode: NORMAL | Mask: 0xfffff
2026-06-06 19:34:05,942 [INFO] ChatTTS.Logic: [OPT] [OPT] PID: 3472 | AppHelperCap.exe | Mode: NORMAL | Mask: 0xfffff
2026-06-06 19:34:05,945 [INFO] ChatTTS.Logic: [OPT] [OPT] PID: 3488 | TouchpointAnalyticsClientService.exe | Mode: NORMAL | Mask: 0xfffff
2026-06-06 19:34:05,948 [INFO] ChatTTS.Logic: [OPT] [OPT] PID: 3500 | NetworkCap.exe | Mode: NORMAL | Mask: 0xfffff
2026-06-06 19:34:05,951 [INFO] ChatTTS.Logic: [OPT] [OPT] PID: 3508 | DiagsCap.exe | Mode: NORMAL | Mask: 0xfffff
2026-06-06 19:34:05,960 [INFO] ChatTTS.Logic: [OPT] [OPT] PID: 3536 | esrv_svc.exe | Mode: NORMAL | Mask: 0xfffff
2026-06-06 19:34:05,965 [INFO] ChatTTS.Logic: [OPT] [OPT] PID: 3580 | svchost.exe | Mode: NORMAL | Mask: 0xfffff
2026-06-06 19:34:05,966 [INFO] ChatTTS.Logic: [OPT] [OPT] PID: 3596 | svchost.exe | Mode: NORMAL | Mask: 0xfffff
2026-06-06 19:34:05,971 [INFO] ChatTTS.Logic: [OPT] [OPT] PID: 3612 | svchost.exe | Mode: NORMAL | Mask: 0xfffff
2026-06-06 19:34:05,975 [INFO] ChatTTS.Logic: [OPT] [OPT] PID: 3668 | svchost.exe | Mode: NORMAL | Mask: 0xfffff
2026-06-06 19:34:05,982 [INFO] ChatTTS.Logic: [OPT] [OPT] PID: 3760 | NVDisplay.Container.exe | Mode: NORMAL | Mask: 0xfffff
2026-06-06 19:34:05,986 [INFO] ChatTTS.Logic: [OPT] [OPT] PID: 3904 | chrome.exe | Mode: NORMAL | Mask: 0xfffff
2026-06-06 19:34:05,991 [INFO] ChatTTS.Logic: [OPT] [OPT] PID: 3956 | RuntimeBroker.exe | Mode: NORMAL | Mask: 0xfffff
2026-06-06 19:34:05,995 [INFO] ChatTTS.Logic: [OPT] [OPT] PID: 3996 | chrome.exe | Mode: NORMAL | Mask: 0xfffff
2026-06-06 19:34:06,001 [INFO] ChatTTS.Logic: [OPT] [OPT] PID: 4164 | ApplicationFrameHost.exe | Mode: NORMAL | Mask: 0xfffff
2026-06-06 19:34:06,005 [INFO] ChatTTS.Logic: [OPT] [OPT] PID: 4220 | spoolsv.exe | Mode: NORMAL | Mask: 0xfffff
2026-06-06 19:34:06,010 [INFO] ChatTTS.Logic: [OPT] [OPT] PID: 4252 | svchost.exe | Mode: NORMAL | Mask: 0xfffff
2026-06-06 19:34:06,014 [INFO] ChatTTS.Logic: [OPT] [OPT] PID: 4356 | svchost.exe | Mode: NORMAL | Mask: 0xfffff
2026-06-06 19:34:06,019 [INFO] ChatTTS.Logic: [OPT] [OPT] PID: 4416 | chrome.exe | Mode: NORMAL | Mask: 0xfffff
2026-06-06 19:34:06,022 [INFO] ChatTTS.Logic: [OPT] [OPT] PID: 4432 | ipf_helper.exe | Mode: NORMAL | Mask: 0xfffff
2026-06-06 19:34:06,027 [INFO] ChatTTS.Logic: [OPT] [OPT] PID: 4524 | AnyDesk.exe | Mode: NORMAL | Mask: 0xfffff
2026-06-06 19:34:06,032 [INFO] ChatTTS.Logic: [OPT] [OPT] PID: 4552 | ETDCtrl.exe | Mode: NORMAL | Mask: 0xfffff
2026-06-06 19:34:06,033 [INFO] ChatTTS.Logic: [OPT] [OPT] PID: 4568 | chrome.exe | Mode: NORMAL | Mask: 0xfffff
2026-06-06 19:34:06,037 [INFO] ChatTTS.Logic: [OPT] [OPT] PID: 4584 | ETDService.exe | Mode: NORMAL | Mask: 0xfffff
2026-06-06 19:34:06,041 [INFO] ChatTTS.Logic: [OPT] [OPT] PID: 4608 | remoting_host.exe | Mode: NORMAL | Mask: 0xfffff
2026-06-06 19:34:06,046 [INFO] ChatTTS.Logic: [OPT] [OPT] PID: 4624 | IntelAudioService.exe | Mode: NORMAL | Mask: 0xfffff
2026-06-06 19:34:06,051 [INFO] ChatTTS.Logic: [OPT] [OPT] PID: 4632 | IntelGraphicsSoftware.Service.exe | Mode: NORMAL | Mask: 0xfffff
2026-06-06 19:34:06,056 [INFO] ChatTTS.Logic: [OPT] [OPT] PID: 4648 | jhi_service.exe | Mode: NORMAL | Mask: 0xfffff
2026-06-06 19:34:06,057 [INFO] ChatTTS.Logic: [OPT] [OPT] PID: 4708 | vmnat.exe | Mode: NORMAL | Mask: 0xfffff
2026-06-06 19:34:06,061 [INFO] ChatTTS.Logic: [OPT] [OPT] PID: 4716 | XtuService.exe | Mode: NORMAL | Mask: 0xfffff
2026-06-06 19:34:06,065 [INFO] ChatTTS.Logic: [OPT] [OPT] PID: 4724 | WMIRegistrationService.exe | Mode: NORMAL | Mask: 0xfffff
2026-06-06 19:34:06,069 [INFO] ChatTTS.Logic: [OPT] [OPT] PID: 4732 | vmnetdhcp.exe | Mode: NORMAL | Mask: 0xfffff
2026-06-06 19:34:06,074 [INFO] ChatTTS.Logic: [OPT] [OPT] PID: 4740 | vmware-usbarbitrator64.exe | Mode: NORMAL | Mask: 0xfffff
2026-06-06 19:34:06,079 [INFO] ChatTTS.Logic: [OPT] [OPT] PID: 4752 | vmware-authd.exe | Mode: NORMAL | Mask: 0xfffff
2026-06-06 19:34:06,084 [INFO] ChatTTS.Logic: [OPT] [OPT] PID: 4772 | SECOMN64.exe | Mode: NORMAL | Mask: 0xfffff
2026-06-06 19:34:06,088 [INFO] ChatTTS.Logic: [OPT] [OPT] PID: 4780 | RtkAudUService64.exe | Mode: NORMAL | Mask: 0xfffff
2026-06-06 19:34:06,091 [INFO] ChatTTS.Logic: [OPT] [OPT] PID: 4788 | nvcontainer.exe | Mode: NORMAL | Mask: 0xfffff
2026-06-06 19:34:06,096 [INFO] ChatTTS.Logic: [OPT] [OPT] PID: 4796 | SurSvc.exe | Mode: NORMAL | Mask: 0xfffff
2026-06-06 19:34:06,101 [INFO] ChatTTS.Logic: [OPT] [OPT] PID: 4804 | svchost.exe | Mode: NORMAL | Mask: 0xfffff
2026-06-06 19:34:06,105 [INFO] ChatTTS.Logic: [OPT] [OPT] PID: 4904 | ipf_uf.exe | Mode: NORMAL | Mask: 0xfffff
2026-06-06 19:34:06,109 [INFO] ChatTTS.Logic: [OPT] [OPT] PID: 4916 | TeamViewer_Service.exe | Mode: NORMAL | Mask: 0xfffff
2026-06-06 19:34:06,113 [INFO] ChatTTS.Logic: [OPT] [OPT] PID: 4932 | Pearl Abyss Launcher.exe | Mode: NORMAL | Mask: 0xfffff
2026-06-06 19:34:06,117 [INFO] ChatTTS.Logic: [OPT] [OPT] PID: 5540 | pwsh.exe | Mode: NORMAL | Mask: 0xfffff
2026-06-06 19:34:06,121 [INFO] ChatTTS.Logic: [OPT] [OPT] PID: 5860 | SearchHost.exe | Mode: NORMAL | Mask: 0xfffff
2026-06-06 19:34:06,125 [INFO] ChatTTS.Logic: [OPT] [OPT] PID: 5900 | remoting_host.exe | Mode: NORMAL | Mask: 0xfffff
2026-06-06 19:34:06,129 [INFO] ChatTTS.Logic: [OPT] [OPT] PID: 6208 | audiodg.exe | Mode: NORMAL | Mask: 0xfffff
2026-06-06 19:34:06,163 [INFO] ChatTTS.Logic: [OPT] [OPT] PID: 6460 | PresentMonService.exe | Mode: NORMAL | Mask: 0xfffff
2026-06-06 19:34:06,168 [INFO] ChatTTS.Logic: [OPT] [OPT] PID: 6468 | conhost.exe | Mode: NORMAL | Mask: 0xfffff
2026-06-06 19:34:06,172 [INFO] ChatTTS.Logic: [OPT] [OPT] PID: 6668 | svchost.exe | Mode: NORMAL | Mask: 0xfffff
2026-06-06 19:34:06,177 [INFO] ChatTTS.Logic: [OPT] [OPT] PID: 6816 | WmiPrvSE.exe | Mode: NORMAL | Mask: 0xfffff
2026-06-06 19:34:06,181 [INFO] ChatTTS.Logic: [OPT] [OPT] PID: 6860 | svchost.exe | Mode: NORMAL | Mask: 0xfffff
2026-06-06 19:34:06,185 [INFO] ChatTTS.Logic: [OPT] [OPT] PID: 7336 | chrome.exe | Mode: NORMAL | Mask: 0xfffff
2026-06-06 19:34:06,189 [INFO] ChatTTS.Logic: [OPT] [OPT] PID: 7428 | wlanext.exe | Mode: NORMAL | Mask: 0xfffff
2026-06-06 19:34:06,194 [INFO] ChatTTS.Logic: [OPT] [OPT] PID: 7464 | DiscordSystemHelper.exe | Mode: NORMAL | Mask: 0xfffff
2026-06-06 19:34:06,197 [INFO] ChatTTS.Logic: [OPT] [OPT] PID: 7516 | crashpad_handler.exe | Mode: NORMAL | Mask: 0xfffff
2026-06-06 19:34:06,201 [INFO] ChatTTS.Logic: [OPT] [OPT] PID: 7540 | nvcontainer.exe | Mode: NORMAL | Mask: 0xfffff
2026-06-06 19:34:06,206 [INFO] ChatTTS.Logic: [OPT] [OPT] PID: 7872 | chrome.exe | Mode: NORMAL | Mask: 0xfffff
2026-06-06 19:34:06,210 [INFO] ChatTTS.Logic: [OPT] [OPT] PID: 8000 | chrome.exe | Mode: NORMAL | Mask: 0xfffff
2026-06-06 19:34:06,214 [INFO] ChatTTS.Logic: [OPT] [OPT] PID: 8104 | EncoderServer.exe | Mode: NORMAL | Mask: 0xfffff
2026-06-06 19:34:06,218 [INFO] ChatTTS.Logic: [OPT] [OPT] PID: 8204 | nvcontainer.exe | Mode: NORMAL | Mask: 0xfffff
2026-06-06 19:34:06,221 [INFO] ChatTTS.Logic: [OPT] [OPT] PID: 8256 | conhost.exe | Mode: NORMAL | Mask: 0xfffff
2026-06-06 19:34:06,227 [INFO] ChatTTS.Logic: [OPT] [OPT] PID: 8264 | SECOCL64.exe | Mode: NORMAL | Mask: 0xfffff
2026-06-06 19:34:06,231 [INFO] ChatTTS.Logic: [OPT] [OPT] PID: 8404 | sihost.exe | Mode: NORMAL | Mask: 0xfffff
2026-06-06 19:34:06,235 [INFO] ChatTTS.Logic: [OPT] [OPT] PID: 8464 | explorer.exe | Mode: NORMAL | Mask: 0xfffff
2026-06-06 19:34:06,239 [INFO] ChatTTS.Logic: [OPT] [OPT] PID: 8512 | svchost.exe | Mode: NORMAL | Mask: 0xfffff
2026-06-06 19:34:06,243 [INFO] ChatTTS.Logic: [OPT] [OPT] PID: 8524 | svchost.exe | Mode: NORMAL | Mask: 0xfffff
2026-06-06 19:34:06,247 [INFO] ChatTTS.Logic: [OPT] [OPT] PID: 8592 | python3.12.exe | Mode: NORMAL | Mask: 0xfffff
2026-06-06 19:34:06,251 [INFO] ChatTTS.Logic: [OPT] [OPT] PID: 8596 | svchost.exe | Mode: NORMAL | Mask: 0xfffff
2026-06-06 19:34:06,261 [INFO] ChatTTS.Logic: [OPT] [OPT] PID: 8684 | MSIAfterburner.exe | Mode: NORMAL | Mask: 0xfffff
2026-06-06 19:34:06,266 [INFO] ChatTTS.Logic: [OPT] [OPT] PID: 8776 | svchost.exe | Mode: NORMAL | Mask: 0xfffff
2026-06-06 19:34:06,270 [INFO] ChatTTS.Logic: [OPT] [OPT] PID: 9008 | taskhostw.exe | Mode: NORMAL | Mask: 0xfffff
2026-06-06 19:34:06,274 [INFO] ChatTTS.Logic: [OPT] [OPT] PID: 9064 | StartMenuExperienceHost.exe | Mode: NORMAL | Mask: 0xfffff
2026-06-06 19:34:06,278 [INFO] ChatTTS.Logic: [OPT] [OPT] PID: 9144 | cmd.exe | Mode: NORMAL | Mask: 0xfffff
2026-06-06 19:34:06,282 [INFO] ChatTTS.Logic: [OPT] [OPT] PID: 9388 | chrome.exe | Mode: NORMAL | Mask: 0xfffff
2026-06-06 19:34:06,286 [INFO] ChatTTS.Logic: [OPT] [OPT] PID: 9472 | CrossDeviceResume.exe | Mode: NORMAL | Mask: 0xfffff
2026-06-06 19:34:06,290 [INFO] ChatTTS.Logic: [OPT] [OPT] PID: 9864 | RtkAudUService64.exe | Mode: NORMAL | Mask: 0xfffff
2026-06-06 19:34:06,294 [INFO] ChatTTS.Logic: [OPT] [OPT] PID: 10036 | svchost.exe | Mode: NORMAL | Mask: 0xfffff
2026-06-06 19:34:06,298 [INFO] ChatTTS.Logic: [OPT] [OPT] PID: 10300 | TabTip.exe | Mode: NORMAL | Mask: 0xfffff
2026-06-06 19:34:06,302 [INFO] ChatTTS.Logic: [OPT] [OPT] PID: 10392 | chrome.exe | Mode: NORMAL | Mask: 0xfffff
2026-06-06 19:34:06,306 [INFO] ChatTTS.Logic: [OPT] [OPT] PID: 10424 | dllhost.exe | Mode: NORMAL | Mask: 0xfffff
2026-06-06 19:34:06,310 [INFO] ChatTTS.Logic: [OPT] [OPT] PID: 10544 | RuntimeBroker.exe | Mode: NORMAL | Mask: 0xfffff
2026-06-06 19:34:06,314 [INFO] ChatTTS.Logic: [OPT] [OPT] PID: 10552 | svchost.exe | Mode: NORMAL | Mask: 0xfffff
2026-06-06 19:34:06,318 [INFO] ChatTTS.Logic: [OPT] [OPT] PID: 10616 | node.exe | Mode: NORMAL | Mask: 0xfffff
2026-06-06 19:34:06,322 [INFO] ChatTTS.Logic: [OPT] [OPT] PID: 10780 | TDitbamStreamerSuite.exe | Mode: NORMAL | Mask: 0xfffff
2026-06-06 19:34:06,326 [INFO] ChatTTS.Logic: [OPT] [OPT] PID: 11204 | BraveCrashHandler.exe | Mode: NORMAL | Mask: 0xfffff
2026-06-06 19:34:06,330 [INFO] ChatTTS.Logic: [OPT] [OPT] PID: 11232 | BraveCrashHandler64.exe | Mode: NORMAL | Mask: 0xfffff
2026-06-06 19:34:06,334 [INFO] ChatTTS.Logic: [OPT] [OPT] PID: 11320 | chrome.exe | Mode: NORMAL | Mask: 0xfffff
2026-06-06 19:34:06,338 [INFO] ChatTTS.Logic: [OPT] [OPT] PID: 11392 | ShellHost.exe | Mode: NORMAL | Mask: 0xfffff
2026-06-06 19:34:06,342 [INFO] ChatTTS.Logic: [OPT] [OPT] PID: 11480 | conhost.exe | Mode: NORMAL | Mask: 0xfffff
2026-06-06 19:34:06,346 [INFO] ChatTTS.Logic: [OPT] [OPT] PID: 11872 | DataExchangeHost.exe | Mode: NORMAL | Mask: 0xfffff
2026-06-06 19:34:06,350 [INFO] ChatTTS.Logic: [OPT] [OPT] PID: 11904 | msedgewebview2.exe | Mode: NORMAL | Mask: 0xfffff
2026-06-06 19:34:06,354 [INFO] ChatTTS.Logic: [OPT] [OPT] PID: 12020 | chrome.exe | Mode: NORMAL | Mask: 0xfffff
2026-06-06 19:34:06,358 [INFO] ChatTTS.Logic: [OPT] [OPT] PID: 12116 | svchost.exe | Mode: NORMAL | Mask: 0xfffff
2026-06-06 19:34:06,362 [INFO] ChatTTS.Logic: [OPT] [OPT] PID: 12136 | msedgewebview2.exe | Mode: NORMAL | Mask: 0xfffff
2026-06-06 19:34:06,366 [INFO] ChatTTS.Logic: [OPT] [OPT] PID: 12340 | chrome.exe | Mode: NORMAL | Mask: 0xfffff
2026-06-06 19:34:06,370 [INFO] ChatTTS.Logic: [OPT] [OPT] PID: 12536 | msedgewebview2.exe | Mode: NORMAL | Mask: 0xfffff
2026-06-06 19:34:06,375 [INFO] ChatTTS.Logic: [OPT] [OPT] PID: 12544 | msedgewebview2.exe | Mode: NORMAL | Mask: 0xfffff
2026-06-06 19:34:06,379 [INFO] ChatTTS.Logic: [OPT] [OPT] PID: 12604 | msedgewebview2.exe | Mode: NORMAL | Mask: 0xfffff
2026-06-06 19:34:06,383 [INFO] ChatTTS.Logic: [OPT] [OPT] PID: 12888 | msedgewebview2.exe | Mode: NORMAL | Mask: 0xfffff
2026-06-06 19:34:06,387 [INFO] ChatTTS.Logic: [OPT] [OPT] PID: 12948 | RTSSHooksLoader64.exe | Mode: NORMAL | Mask: 0xfffff
2026-06-06 19:34:06,391 [INFO] ChatTTS.Logic: [OPT] [OPT] PID: 13300 | Code.exe | Mode: NORMAL | Mask: 0xfffff
2026-06-06 19:34:06,395 [INFO] ChatTTS.Logic: [OPT] [OPT] PID: 13396 | ShellExperienceHost.exe | Mode: NORMAL | Mask: 0xfffff
2026-06-06 19:34:06,400 [INFO] ChatTTS.Logic: [OPT] [OPT] PID: 13724 | OpenConsole.exe | Mode: NORMAL | Mask: 0xfffff
2026-06-06 19:34:06,404 [INFO] ChatTTS.Logic: [OPT] [OPT] PID: 13792 | ctfmon.exe | Mode: NORMAL | Mask: 0xfffff
2026-06-06 19:34:06,407 [INFO] ChatTTS.Logic: [OPT] [OPT] PID: 14008 | svchost.exe | Mode: NORMAL | Mask: 0xfffff
2026-06-06 19:34:06,412 [INFO] ChatTTS.Logic: [OPT] [OPT] PID: 14112 | conhost.exe | Mode: NORMAL | Mask: 0xfffff
2026-06-06 19:34:06,417 [INFO] ChatTTS.Logic: [OPT] [OPT] PID: 14152 | chrome.exe | Mode: NORMAL | Mask: 0xfffff
2026-06-06 19:34:06,420 [INFO] ChatTTS.Logic: [OPT] [OPT] PID: 14228 | Code.exe | Mode: NORMAL | Mask: 0xfffff
2026-06-06 19:34:06,424 [INFO] ChatTTS.Logic: [OPT] [OPT] PID: 14328 | pet.exe | Mode: NORMAL | Mask: 0xfffff
2026-06-06 19:34:06,425 [INFO] ChatTTS.Logic: [OPT] [OPT] PID: 14692 | Code.exe | Mode: NORMAL | Mask: 0xfffff
2026-06-06 19:34:06,429 [INFO] ChatTTS.Logic: [OPT] [OPT] PID: 14772 | pwsh.exe | Mode: NORMAL | Mask: 0xfffff
2026-06-06 19:34:06,433 [INFO] ChatTTS.Logic: [OPT] [OPT] PID: 14992 | TextInputHost.exe | Mode: NORMAL | Mask: 0xfffff
2026-06-06 19:34:06,437 [INFO] ChatTTS.Logic: [OPT] [OPT] PID: 15020 | smartscreen.exe | Mode: NORMAL | Mask: 0xfffff
2026-06-06 19:34:06,438 [INFO] ChatTTS.Logic: [OPT] [OPT] PID: 15076 | CodeSetup-stable-6a44c352bd24569c417e530095901b649960f9f8.exe | Mode: NORMAL | Mask: 0xfffff
2026-06-06 19:34:06,443 [INFO] ChatTTS.Logic: [OPT] [OPT] PID: 15420 | DiscordSystemHelper.exe | Mode: NORMAL | Mask: 0xfffff
2026-06-06 19:34:06,447 [INFO] ChatTTS.Logic: [OPT] [OPT] PID: 15504 | Code.exe | Mode: NORMAL | Mask: 0xfffff
2026-06-06 19:34:06,450 [INFO] ChatTTS.Logic: [OPT] [OPT] PID: 15764 | OpenConsole.exe | Mode: NORMAL | Mask: 0xfffff
2026-06-06 19:34:06,454 [INFO] ChatTTS.Logic: [OPT] [OPT] PID: 15820 | chrome.exe | Mode: NORMAL | Mask: 0xfffff
2026-06-06 19:34:06,458 [INFO] ChatTTS.Logic: [OPT] [OPT] PID: 15848 | RtkAudUService64.exe | Mode: NORMAL | Mask: 0xfffff
2026-06-06 19:34:06,462 [INFO] ChatTTS.Logic: [OPT] [OPT] PID: 15980 | vgtray.exe | Mode: NORMAL | Mask: 0xfffff
2026-06-06 19:34:06,467 [INFO] ChatTTS.Logic: [OPT] [OPT] PID: 16084 | Discord.exe | Mode: NORMAL | Mask: 0xfffff
2026-06-06 19:34:06,470 [INFO] ChatTTS.Logic: [OPT] [OPT] PID: 16188 | svchost.exe | Mode: NORMAL | Mask: 0xfffff
2026-06-06 19:34:06,474 [INFO] ChatTTS.Logic: [OPT] [OPT] PID: 16196 | Discord.exe | Mode: NORMAL | Mask: 0xfffff
2026-06-06 19:34:06,478 [INFO] ChatTTS.Logic: [OPT] [OPT] PID: 16312 | Discord.exe | Mode: NORMAL | Mask: 0xfffff
2026-06-06 19:34:06,482 [INFO] ChatTTS.Logic: [OPT] [OPT] PID: 16340 | Discord.exe | Mode: NORMAL | Mask: 0xfffff
2026-06-06 19:34:06,486 [INFO] ChatTTS.Logic: [OPT] [OPT] PID: 16448 | chrome.exe | Mode: NORMAL | Mask: 0xfffff
2026-06-06 19:34:06,491 [INFO] ChatTTS.Logic: [OPT] [OPT] PID: 16560 | dllhost.exe | Mode: NORMAL | Mask: 0xfffff
2026-06-06 19:34:06,495 [INFO] ChatTTS.Logic: [OPT] [OPT] PID: 17112 | Discord.exe | Mode: NORMAL | Mask: 0xfffff
2026-06-06 19:34:06,498 [INFO] ChatTTS.Logic: [OPT] [OPT] PID: 17724 | SearchIndexer.exe | Mode: NORMAL | Mask: 0xfffff
2026-06-06 19:34:06,503 [INFO] ChatTTS.Logic: [OPT] [OPT] PID: 17756 | Discord.exe | Mode: NORMAL | Mask: 0xfffff
2026-06-06 19:34:06,508 [INFO] ChatTTS.Logic: [OPT] [OPT] PID: 18048 | svchost.exe | Mode: NORMAL | Mask: 0xfffff
2026-06-06 19:34:06,511 [INFO] ChatTTS.Logic: [OPT] [OPT] PID: 18060 | svchost.exe | Mode: NORMAL | Mask: 0xfffff
2026-06-06 19:34:06,515 [INFO] ChatTTS.Logic: [OPT] [OPT] PID: 18084 | Code.exe | Mode: NORMAL | Mask: 0xfffff
2026-06-06 19:34:06,520 [INFO] ChatTTS.Logic: [OPT] [OPT] PID: 18492 | Pearl Abyss Launcher.exe | Mode: NORMAL | Mask: 0xfffff
2026-06-06 19:34:06,524 [INFO] ChatTTS.Logic: [OPT] [OPT] PID: 18764 | Notepad.exe | Mode: NORMAL | Mask: 0xfffff
2026-06-06 19:34:06,528 [INFO] ChatTTS.Logic: [OPT] [OPT] PID: 18956 | Pearl Abyss Launcher.exe | Mode: NORMAL | Mask: 0xfffff
2026-06-06 19:34:06,532 [INFO] ChatTTS.Logic: [OPT] [OPT] PID: 18988 | Pearl Abyss Launcher.exe | Mode: NORMAL | Mask: 0xfffff
2026-06-06 19:34:06,536 [INFO] ChatTTS.Logic: [OPT] [OPT] PID: 19116 | Pearl Abyss Launcher.exe | Mode: NORMAL | Mask: 0xfffff
2026-06-06 19:34:06,537 [INFO] ChatTTS.Logic: [OPT] [OPT] PID: 19180 | Pearl Abyss Launcher.exe | Mode: NORMAL | Mask: 0xfffff
2026-06-06 19:34:06,541 [INFO] ChatTTS.Logic: [OPT] [OPT] PID: 19648 | TDitbamStreamerSuite.exe | Mode: NORMAL | Mask: 0xfffff
2026-06-06 19:34:06,545 [INFO] ChatTTS.Logic: [OPT] [OPT] PID: 19800 | chrome.exe | Mode: NORMAL | Mask: 0xfffff
2026-06-06 19:34:06,550 [INFO] ChatTTS.Logic: [OPT] [OPT] PID: 19940 | Pearl Abyss Launcher.exe | Mode: NORMAL | Mask: 0xfffff
2026-06-06 19:34:06,554 [INFO] ChatTTS.Logic: [OPT] [OPT] PID: 20240 | Pearl Abyss Launcher.exe | Mode: NORMAL | Mask: 0xfffff
2026-06-06 19:34:06,558 [INFO] ChatTTS.Logic: [OPT] [OPT] PID: 20244 | Code.exe | Mode: NORMAL | Mask: 0xfffff
2026-06-06 19:34:06,561 [INFO] ChatTTS.Logic: [OPT] [OPT] PID: 20392 | conhost.exe | Mode: NORMAL | Mask: 0xfffff
2026-06-06 19:34:06,566 [INFO] ChatTTS.Logic: [OPT] [OPT] PID: 20500 | chrome.exe | Mode: NORMAL | Mask: 0xfffff
2026-06-06 19:34:06,569 [INFO] ChatTTS.Logic: [OPT] [OPT] PID: 20528 | node.exe | Mode: NORMAL | Mask: 0xfffff
2026-06-06 19:34:06,574 [INFO] ChatTTS.Logic: [OPT] [OPT] PID: 20752 | chrome.exe | Mode: NORMAL | Mask: 0xfffff
2026-06-06 19:34:06,575 [INFO] ChatTTS.Logic: [OPT] [OPT] PID: 20756 | chrome.exe | Mode: NORMAL | Mask: 0xfffff
2026-06-06 19:34:06,579 [INFO] ChatTTS.Logic: [OPT] [OPT] PID: 20856 | XboxPcAppFT.exe | Mode: NORMAL | Mask: 0xfffff
2026-06-06 19:34:06,580 [INFO] ChatTTS.Logic: [OPT] [OPT] PID: 21052 | chrome.exe | Mode: NORMAL | Mask: 0xfffff
2026-06-06 19:34:06,581 [INFO] ChatTTS.Logic: [OPT] [OPT] PID: 21524 | svchost.exe | Mode: NORMAL | Mask: 0xfffff
2026-06-06 19:34:06,585 [INFO] ChatTTS.Logic: [OPT] [OPT] PID: 22180 | svchost.exe | Mode: NORMAL | Mask: 0xfffff
2026-06-06 19:34:06,590 [INFO] ChatTTS.Logic: [OPT] [OPT] PID: 22796 | conhost.exe | Mode: NORMAL | Mask: 0xfffff
2026-06-06 19:34:06,594 [INFO] ChatTTS.Logic: [OPT] [OPT] PID: 22852 | chrome.exe | Mode: NORMAL | Mask: 0xfffff
2026-06-06 19:34:06,595 [INFO] ChatTTS.Logic: [OPT] [OPT] PID: 23076 | Code.exe | Mode: NORMAL | Mask: 0xfffff
2026-06-06 19:34:06,599 [INFO] ChatTTS.Logic: [OPT] [OPT] PID: 23136 | OpenConsole.exe | Mode: NORMAL | Mask: 0xfffff
2026-06-06 19:34:06,602 [INFO] ChatTTS.Logic: [OPT] [OPT] PID: 23168 | chrome.exe | Mode: NORMAL | Mask: 0xfffff
2026-06-06 19:34:07,595 [INFO] ChatTTS.Logic: Stopping Optimizer Service...
2026-06-06 19:34:08,235 [INFO] ChatTTS.Logic: Starting Chat-TTS System...
2026-06-06 19:34:08,241 [INFO] ChatTTS.Logic: Chat-TTS Settings Saved Successfully
2026-06-06 19:34:08,245 [INFO] ChatTTS.Engine: Starting Engine Session 1...
2026-06-06 19:34:08,245 [INFO] ChatTTS.Engine: Config: Voice=th-TH-PremwadeeNeural, AutoTranslate=False, Profanity=True
2026-06-06 19:34:08,248 [INFO] ChatTTS.Engine: Queues cleared.
2026-06-06 19:34:08,250 [INFO] ChatTTS.Engine: Cleaning up old files...
2026-06-06 19:34:08,260 [INFO] ChatTTS.Engine: Player started (Session: 1)
2026-06-06 19:34:08,260 [INFO] ChatTTS.Engine: Generator started (Session: 1, Voice: th-TH-PremwadeeNeural)
2026-06-06 19:34:08,261 [INFO] ChatTTS.YouTube: YouTube Collector started: dRdSqvrN-kA
2026-06-06 19:34:08,261 [INFO] ChatTTS.Engine: Engine session 1 started with 2 collectors
2026-06-06 19:34:08,261 [INFO] ChatTTS.Twitch: Twitch Collector started: tditbam
2026-06-06 19:34:08,723 [INFO] ChatTTS.Logic: Stopping Chat-TTS System...
2026-06-06 19:34:08,724 [INFO] ChatTTS.Engine: Engine stop signal sent.
2026-06-06 19:34:08,878 [INFO] ChatTTS.Engine: Player stopped (Session: 1)
2026-06-06 19:34:08,890 [INFO] ChatTTS.Engine: Generator stopped (Session: 1)
2026-06-06 19:34:09,554 [INFO] ChatTTS.Twitch: Connected to Twitch IRC: tditbam
2026-06-06 19:37:19,348 [INFO] ChatTTS.Logic: Starting Optimizer Service...
2026-06-06 19:37:19,354 [INFO] ChatTTS.Logic: [OPT] [OPT] PID: 8 | svchost.exe | Mode: NORMAL | Mask: 0xfffff
2026-06-06 19:37:19,364 [INFO] ChatTTS.Logic: [OPT] [OPT] PID: 1184 | svchost.exe | Mode: NORMAL | Mask: 0xfffff
2026-06-06 19:37:19,365 [INFO] ChatTTS.Logic: [OPT] [OPT] PID: 1356 | esrv.exe | Mode: NORMAL | Mask: 0xfffff
2026-06-06 19:37:19,366 [INFO] ChatTTS.Logic: [OPT] [OPT] PID: 1416 | winlogon.exe | Mode: NORMAL | Mask: 0xfffff
2026-06-06 19:37:19,366 [INFO] ChatTTS.Logic: [OPT] [OPT] PID: 1472 | LsaIso.exe | Mode: NORMAL | Mask: 0xfffff
2026-06-06 19:37:19,367 [INFO] ChatTTS.Logic: [OPT] [OPT] PID: 1632 | svchost.exe | Mode: NORMAL | Mask: 0xfffff
2026-06-06 19:37:19,368 [INFO] ChatTTS.Logic: [OPT] [OPT] PID: 1660 | fontdrvhost.exe | Mode: NORMAL | Mask: 0xfffff
2026-06-06 19:37:19,368 [INFO] ChatTTS.Logic: [OPT] [OPT] PID: 1668 | fontdrvhost.exe | Mode: NORMAL | Mask: 0xfffff
2026-06-06 19:37:19,383 [INFO] ChatTTS.Logic: [OPT] [OPT] PID: 1704 | WUDFHost.exe | Mode: NORMAL | Mask: 0xfffff
2026-06-06 19:37:19,383 [INFO] ChatTTS.Logic: [OPT] [OPT] PID: 1800 | svchost.exe | Mode: NORMAL | Mask: 0xfffff
2026-06-06 19:37:19,384 [INFO] ChatTTS.Logic: [OPT] [OPT] PID: 1860 | WUDFHost.exe | Mode: NORMAL | Mask: 0xfffff
2026-06-06 19:37:19,384 [INFO] ChatTTS.Logic: [OPT] [OPT] PID: 1944 | dwm.exe | Mode: NORMAL | Mask: 0xfffff
2026-06-06 19:37:19,385 [INFO] ChatTTS.Logic: [OPT] [OPT] PID: 1992 | svchost.exe | Mode: NORMAL | Mask: 0xfffff
2026-06-06 19:37:19,385 [INFO] ChatTTS.Logic: [OPT] [OPT] PID: 2016 | WmiPrvSE.exe | Mode: NORMAL | Mask: 0xfffff
2026-06-06 19:37:19,386 [INFO] ChatTTS.Logic: [OPT] [OPT] PID: 2024 | svchost.exe | Mode: NORMAL | Mask: 0xfffff
2026-06-06 19:37:19,386 [INFO] ChatTTS.Logic: [OPT] [OPT] PID: 2032 | svchost.exe | Mode: NORMAL | Mask: 0xfffff
2026-06-06 19:37:19,388 [INFO] ChatTTS.Logic: [OPT] [OPT] PID: 2040 | svchost.exe | Mode: NORMAL | Mask: 0xfffff
2026-06-06 19:37:19,388 [INFO] ChatTTS.Logic: [OPT] [OPT] PID: 2052 | Code.exe | Mode: NORMAL | Mask: 0xfffff
2026-06-06 19:37:19,389 [INFO] ChatTTS.Logic: [OPT] [OPT] PID: 2136 | svchost.exe | Mode: NORMAL | Mask: 0xfffff
2026-06-06 19:37:19,389 [INFO] ChatTTS.Logic: [OPT] [OPT] PID: 2240 | RTSS.exe | Mode: NORMAL | Mask: 0xfffff
2026-06-06 19:37:19,390 [INFO] ChatTTS.Logic: [OPT] [OPT] PID: 2248 | Code.exe | Mode: NORMAL | Mask: 0xfffff
2026-06-06 19:37:19,390 [INFO] ChatTTS.Logic: [OPT] [OPT] PID: 2360 | svchost.exe | Mode: NORMAL | Mask: 0xfffff
2026-06-06 19:37:19,391 [INFO] ChatTTS.Logic: [OPT] [OPT] PID: 2428 | svchost.exe | Mode: NORMAL | Mask: 0xfffff
2026-06-06 19:37:19,391 [INFO] ChatTTS.Logic: [OPT] [OPT] PID: 2452 | svchost.exe | Mode: NORMAL | Mask: 0xfffff
2026-06-06 19:37:19,392 [INFO] ChatTTS.Logic: [OPT] [OPT] PID: 2504 | svchost.exe | Mode: NORMAL | Mask: 0xfffff
2026-06-06 19:37:19,393 [INFO] ChatTTS.Logic: [OPT] [OPT] PID: 2544 | svchost.exe | Mode: NORMAL | Mask: 0xfffff
2026-06-06 19:37:19,393 [INFO] ChatTTS.Logic: [OPT] [OPT] PID: 2576 | svchost.exe | Mode: NORMAL | Mask: 0xfffff
2026-06-06 19:37:19,394 [INFO] ChatTTS.Logic: [OPT] [OPT] PID: 2628 | svchost.exe | Mode: NORMAL | Mask: 0xfffff
2026-06-06 19:37:19,395 [INFO] ChatTTS.Logic: [OPT] [OPT] PID: 2868 | svchost.exe | Mode: NORMAL | Mask: 0xfffff
2026-06-06 19:37:19,395 [INFO] ChatTTS.Logic: [OPT] [OPT] PID: 3124 | CodeSetup-stable-6a44c352bd24569c417e530095901b649960f9f8.tmp | Mode: NORMAL | Mask: 0xfffff
2026-06-06 19:37:19,395 [INFO] ChatTTS.Logic: [OPT] [OPT] PID: 3196 | NVDisplay.Container.exe | Mode: NORMAL | Mask: 0xfffff
2026-06-06 19:37:19,402 [INFO] ChatTTS.Logic: [OPT] [OPT] PID: 3208 | pwsh.exe | Mode: NORMAL | Mask: 0xfffff
2026-06-06 19:37:19,407 [INFO] ChatTTS.Logic: [OPT] [OPT] PID: 3316 | Code.exe | Mode: NORMAL | Mask: 0xfffff
2026-06-06 19:37:19,412 [INFO] ChatTTS.Logic: [OPT] [OPT] PID: 3404 | svchost.exe | Mode: NORMAL | Mask: 0xfffff
2026-06-06 19:37:19,413 [INFO] ChatTTS.Logic: [OPT] [OPT] PID: 3468 | chrome.exe | Mode: NORMAL | Mask: 0xfffff
2026-06-06 19:37:19,418 [INFO] ChatTTS.Logic: [OPT] [OPT] PID: 3472 | AppHelperCap.exe | Mode: NORMAL | Mask: 0xfffff
2026-06-06 19:37:19,421 [INFO] ChatTTS.Logic: [OPT] [OPT] PID: 3488 | TouchpointAnalyticsClientService.exe | Mode: NORMAL | Mask: 0xfffff
2026-06-06 19:37:19,423 [INFO] ChatTTS.Logic: [OPT] [OPT] PID: 3500 | NetworkCap.exe | Mode: NORMAL | Mask: 0xfffff
2026-06-06 19:37:19,430 [INFO] ChatTTS.Logic: [OPT] [OPT] PID: 3508 | DiagsCap.exe | Mode: NORMAL | Mask: 0xfffff
2026-06-06 19:37:19,435 [INFO] ChatTTS.Logic: [OPT] [OPT] PID: 3536 | esrv_svc.exe | Mode: NORMAL | Mask: 0xfffff
2026-06-06 19:37:19,439 [INFO] ChatTTS.Logic: [OPT] [OPT] PID: 3580 | svchost.exe | Mode: NORMAL | Mask: 0xfffff
2026-06-06 19:37:19,443 [INFO] ChatTTS.Logic: [OPT] [OPT] PID: 3596 | svchost.exe | Mode: NORMAL | Mask: 0xfffff
2026-06-06 19:37:19,450 [INFO] ChatTTS.Logic: [OPT] [OPT] PID: 3612 | svchost.exe | Mode: NORMAL | Mask: 0xfffff
2026-06-06 19:37:19,457 [INFO] ChatTTS.Logic: [OPT] [OPT] PID: 3668 | svchost.exe | Mode: NORMAL | Mask: 0xfffff
2026-06-06 19:37:19,461 [INFO] ChatTTS.Logic: [OPT] [OPT] PID: 3760 | NVDisplay.Container.exe | Mode: NORMAL | Mask: 0xfffff
2026-06-06 19:37:19,466 [INFO] ChatTTS.Logic: [OPT] [OPT] PID: 3904 | chrome.exe | Mode: NORMAL | Mask: 0xfffff
2026-06-06 19:37:19,469 [INFO] ChatTTS.Logic: [OPT] [OPT] PID: 3956 | RuntimeBroker.exe | Mode: NORMAL | Mask: 0xfffff
2026-06-06 19:37:19,474 [INFO] ChatTTS.Logic: [OPT] [OPT] PID: 3996 | chrome.exe | Mode: NORMAL | Mask: 0xfffff
2026-06-06 19:37:19,478 [INFO] ChatTTS.Logic: [OPT] [OPT] PID: 4164 | ApplicationFrameHost.exe | Mode: NORMAL | Mask: 0xfffff
2026-06-06 19:37:19,482 [INFO] ChatTTS.Logic: [OPT] [OPT] PID: 4220 | spoolsv.exe | Mode: NORMAL | Mask: 0xfffff
2026-06-06 19:37:19,486 [INFO] ChatTTS.Logic: [OPT] [OPT] PID: 4252 | svchost.exe | Mode: NORMAL | Mask: 0xfffff
2026-06-06 19:37:19,490 [INFO] ChatTTS.Logic: [OPT] [OPT] PID: 4356 | svchost.exe | Mode: NORMAL | Mask: 0xfffff
2026-06-06 19:37:19,494 [INFO] ChatTTS.Logic: [OPT] [OPT] PID: 4416 | chrome.exe | Mode: NORMAL | Mask: 0xfffff
2026-06-06 19:37:19,498 [INFO] ChatTTS.Logic: [OPT] [OPT] PID: 4432 | ipf_helper.exe | Mode: NORMAL | Mask: 0xfffff
2026-06-06 19:37:19,502 [INFO] ChatTTS.Logic: [OPT] [OPT] PID: 4524 | AnyDesk.exe | Mode: NORMAL | Mask: 0xfffff
2026-06-06 19:37:19,506 [INFO] ChatTTS.Logic: [OPT] [OPT] PID: 4552 | ETDCtrl.exe | Mode: NORMAL | Mask: 0xfffff
2026-06-06 19:37:19,510 [INFO] ChatTTS.Logic: [OPT] [OPT] PID: 4568 | chrome.exe | Mode: NORMAL | Mask: 0xfffff
2026-06-06 19:37:19,515 [INFO] ChatTTS.Logic: [OPT] [OPT] PID: 4584 | ETDService.exe | Mode: NORMAL | Mask: 0xfffff
2026-06-06 19:37:19,519 [INFO] ChatTTS.Logic: [OPT] [OPT] PID: 4608 | remoting_host.exe | Mode: NORMAL | Mask: 0xfffff
2026-06-06 19:37:19,524 [INFO] ChatTTS.Logic: [OPT] [OPT] PID: 4624 | IntelAudioService.exe | Mode: NORMAL | Mask: 0xfffff
2026-06-06 19:37:19,529 [INFO] ChatTTS.Logic: [OPT] [OPT] PID: 4632 | IntelGraphicsSoftware.Service.exe | Mode: NORMAL | Mask: 0xfffff
2026-06-06 19:37:19,534 [INFO] ChatTTS.Logic: [OPT] [OPT] PID: 4648 | jhi_service.exe | Mode: NORMAL | Mask: 0xfffff
2026-06-06 19:37:19,540 [INFO] ChatTTS.Logic: [OPT] [OPT] PID: 4708 | vmnat.exe | Mode: NORMAL | Mask: 0xfffff
2026-06-06 19:37:19,544 [INFO] ChatTTS.Logic: [OPT] [OPT] PID: 4716 | XtuService.exe | Mode: NORMAL | Mask: 0xfffff
2026-06-06 19:37:19,548 [INFO] ChatTTS.Logic: [OPT] [OPT] PID: 4724 | WMIRegistrationService.exe | Mode: NORMAL | Mask: 0xfffff
2026-06-06 19:37:19,552 [INFO] ChatTTS.Logic: [OPT] [OPT] PID: 4732 | vmnetdhcp.exe | Mode: NORMAL | Mask: 0xfffff
2026-06-06 19:37:19,557 [INFO] ChatTTS.Logic: [OPT] [OPT] PID: 4740 | vmware-usbarbitrator64.exe | Mode: NORMAL | Mask: 0xfffff
2026-06-06 19:37:19,561 [INFO] ChatTTS.Logic: [OPT] [OPT] PID: 4752 | vmware-authd.exe | Mode: NORMAL | Mask: 0xfffff
2026-06-06 19:37:19,566 [INFO] ChatTTS.Logic: [OPT] [OPT] PID: 4772 | SECOMN64.exe | Mode: NORMAL | Mask: 0xfffff
2026-06-06 19:37:19,567 [INFO] ChatTTS.Logic: [OPT] [OPT] PID: 4780 | RtkAudUService64.exe | Mode: NORMAL | Mask: 0xfffff
2026-06-06 19:37:19,571 [INFO] ChatTTS.Logic: [OPT] [OPT] PID: 4788 | nvcontainer.exe | Mode: NORMAL | Mask: 0xfffff
2026-06-06 19:37:19,575 [INFO] ChatTTS.Logic: [OPT] [OPT] PID: 4796 | SurSvc.exe | Mode: NORMAL | Mask: 0xfffff
2026-06-06 19:37:19,580 [INFO] ChatTTS.Logic: [OPT] [OPT] PID: 4804 | svchost.exe | Mode: NORMAL | Mask: 0xfffff
2026-06-06 19:37:19,584 [INFO] ChatTTS.Logic: [OPT] [OPT] PID: 4904 | ipf_uf.exe | Mode: NORMAL | Mask: 0xfffff
2026-06-06 19:37:19,588 [INFO] ChatTTS.Logic: [OPT] [OPT] PID: 4916 | TeamViewer_Service.exe | Mode: NORMAL | Mask: 0xfffff
2026-06-06 19:37:19,593 [INFO] ChatTTS.Logic: [OPT] [OPT] PID: 4932 | Pearl Abyss Launcher.exe | Mode: NORMAL | Mask: 0xfffff
2026-06-06 19:37:19,597 [INFO] ChatTTS.Logic: [OPT] [OPT] PID: 5540 | pwsh.exe | Mode: NORMAL | Mask: 0xfffff
2026-06-06 19:37:19,601 [INFO] ChatTTS.Logic: [OPT] [OPT] PID: 5860 | SearchHost.exe | Mode: NORMAL | Mask: 0xfffff
2026-06-06 19:37:19,602 [INFO] ChatTTS.Logic: [OPT] [OPT] PID: 5900 | remoting_host.exe | Mode: NORMAL | Mask: 0xfffff
2026-06-06 19:37:19,606 [INFO] ChatTTS.Logic: [OPT] [OPT] PID: 6208 | audiodg.exe | Mode: NORMAL | Mask: 0xfffff
2026-06-06 19:37:19,612 [INFO] ChatTTS.Logic: [OPT] [OPT] PID: 6460 | PresentMonService.exe | Mode: NORMAL | Mask: 0xfffff
2026-06-06 19:37:19,616 [INFO] ChatTTS.Logic: [OPT] [OPT] PID: 6468 | conhost.exe | Mode: NORMAL | Mask: 0xfffff
2026-06-06 19:37:19,620 [INFO] ChatTTS.Logic: [OPT] [OPT] PID: 6668 | svchost.exe | Mode: NORMAL | Mask: 0xfffff
2026-06-06 19:37:19,621 [INFO] ChatTTS.Logic: [OPT] [OPT] PID: 6816 | WmiPrvSE.exe | Mode: NORMAL | Mask: 0xfffff
2026-06-06 19:37:19,623 [INFO] ChatTTS.Logic: [OPT] [OPT] PID: 6840 | conhost.exe | Mode: NORMAL | Mask: 0xfffff
2026-06-06 19:37:19,624 [INFO] ChatTTS.Logic: [OPT] [OPT] PID: 6860 | svchost.exe | Mode: NORMAL | Mask: 0xfffff
2026-06-06 19:37:19,629 [INFO] ChatTTS.Logic: [OPT] [OPT] PID: 7336 | chrome.exe | Mode: NORMAL | Mask: 0xfffff
2026-06-06 19:37:19,633 [INFO] ChatTTS.Logic: [OPT] [OPT] PID: 7428 | wlanext.exe | Mode: NORMAL | Mask: 0xfffff
2026-06-06 19:37:19,637 [INFO] ChatTTS.Logic: [OPT] [OPT] PID: 7464 | DiscordSystemHelper.exe | Mode: NORMAL | Mask: 0xfffff
2026-06-06 19:37:19,642 [INFO] ChatTTS.Logic: [OPT] [OPT] PID: 7516 | crashpad_handler.exe | Mode: NORMAL | Mask: 0xfffff
2026-06-06 19:37:19,647 [INFO] ChatTTS.Logic: [OPT] [OPT] PID: 7540 | nvcontainer.exe | Mode: NORMAL | Mask: 0xfffff
2026-06-06 19:37:19,651 [INFO] ChatTTS.Logic: [OPT] [OPT] PID: 7872 | chrome.exe | Mode: NORMAL | Mask: 0xfffff
2026-06-06 19:37:19,655 [INFO] ChatTTS.Logic: [OPT] [OPT] PID: 8104 | EncoderServer.exe | Mode: NORMAL | Mask: 0xfffff
2026-06-06 19:37:19,659 [INFO] ChatTTS.Logic: [OPT] [OPT] PID: 8204 | nvcontainer.exe | Mode: NORMAL | Mask: 0xfffff
2026-06-06 19:37:19,662 [INFO] ChatTTS.Logic: [OPT] [OPT] PID: 8256 | conhost.exe | Mode: NORMAL | Mask: 0xfffff
2026-06-06 19:37:19,666 [INFO] ChatTTS.Logic: [OPT] [OPT] PID: 8264 | SECOCL64.exe | Mode: NORMAL | Mask: 0xfffff
2026-06-06 19:37:19,669 [INFO] ChatTTS.Logic: [OPT] [OPT] PID: 8404 | sihost.exe | Mode: NORMAL | Mask: 0xfffff
2026-06-06 19:37:19,673 [INFO] ChatTTS.Logic: [OPT] [OPT] PID: 8464 | explorer.exe | Mode: NORMAL | Mask: 0xfffff
2026-06-06 19:37:19,677 [INFO] ChatTTS.Logic: [OPT] [OPT] PID: 8512 | svchost.exe | Mode: NORMAL | Mask: 0xfffff
2026-06-06 19:37:19,681 [INFO] ChatTTS.Logic: [OPT] [OPT] PID: 8524 | svchost.exe | Mode: NORMAL | Mask: 0xfffff
2026-06-06 19:37:19,686 [INFO] ChatTTS.Logic: [OPT] [OPT] PID: 8596 | svchost.exe | Mode: NORMAL | Mask: 0xfffff
2026-06-06 19:37:19,692 [INFO] ChatTTS.Logic: [OPT] [OPT] PID: 8612 | chrome.exe | Mode: NORMAL | Mask: 0xfffff
2026-06-06 19:37:19,696 [INFO] ChatTTS.Logic: [OPT] [OPT] PID: 8684 | MSIAfterburner.exe | Mode: NORMAL | Mask: 0xfffff
2026-06-06 19:37:19,701 [INFO] ChatTTS.Logic: [OPT] [OPT] PID: 8776 | svchost.exe | Mode: NORMAL | Mask: 0xfffff
2026-06-06 19:37:19,705 [INFO] ChatTTS.Logic: [OPT] [OPT] PID: 9008 | taskhostw.exe | Mode: NORMAL | Mask: 0xfffff
2026-06-06 19:37:19,708 [INFO] ChatTTS.Logic: [OPT] [OPT] PID: 9064 | StartMenuExperienceHost.exe | Mode: NORMAL | Mask: 0xfffff
2026-06-06 19:37:19,712 [INFO] ChatTTS.Logic: [OPT] [OPT] PID: 9144 | cmd.exe | Mode: NORMAL | Mask: 0xfffff
2026-06-06 19:37:19,717 [INFO] ChatTTS.Logic: [OPT] [OPT] PID: 9388 | chrome.exe | Mode: NORMAL | Mask: 0xfffff
2026-06-06 19:37:19,721 [INFO] ChatTTS.Logic: [OPT] [OPT] PID: 9472 | CrossDeviceResume.exe | Mode: NORMAL | Mask: 0xfffff
2026-06-06 19:37:19,724 [INFO] ChatTTS.Logic: [OPT] [OPT] PID: 9864 | RtkAudUService64.exe | Mode: NORMAL | Mask: 0xfffff
2026-06-06 19:37:19,729 [INFO] ChatTTS.Logic: [OPT] [OPT] PID: 10036 | svchost.exe | Mode: NORMAL | Mask: 0xfffff
2026-06-06 19:37:19,733 [INFO] ChatTTS.Logic: [OPT] [OPT] PID: 10300 | TabTip.exe | Mode: NORMAL | Mask: 0xfffff
2026-06-06 19:37:19,737 [INFO] ChatTTS.Logic: [OPT] [OPT] PID: 10392 | chrome.exe | Mode: NORMAL | Mask: 0xfffff
2026-06-06 19:37:19,741 [INFO] ChatTTS.Logic: [OPT] [OPT] PID: 10424 | dllhost.exe | Mode: NORMAL | Mask: 0xfffff
2026-06-06 19:37:19,745 [INFO] ChatTTS.Logic: [OPT] [OPT] PID: 10544 | RuntimeBroker.exe | Mode: NORMAL | Mask: 0xfffff
2026-06-06 19:37:19,749 [INFO] ChatTTS.Logic: [OPT] [OPT] PID: 10552 | svchost.exe | Mode: NORMAL | Mask: 0xfffff
2026-06-06 19:37:19,753 [INFO] ChatTTS.Logic: [OPT] [OPT] PID: 10616 | node.exe | Mode: NORMAL | Mask: 0xfffff
2026-06-06 19:37:19,757 [INFO] ChatTTS.Logic: [OPT] [OPT] PID: 10780 | TDitbamStreamerSuite.exe | Mode: NORMAL | Mask: 0xfffff
2026-06-06 19:37:19,761 [INFO] ChatTTS.Logic: [OPT] [OPT] PID: 11204 | BraveCrashHandler.exe | Mode: NORMAL | Mask: 0xfffff
2026-06-06 19:37:19,765 [INFO] ChatTTS.Logic: [OPT] [OPT] PID: 11232 | BraveCrashHandler64.exe | Mode: NORMAL | Mask: 0xfffff
2026-06-06 19:37:19,769 [INFO] ChatTTS.Logic: [OPT] [OPT] PID: 11320 | chrome.exe | Mode: NORMAL | Mask: 0xfffff
2026-06-06 19:37:19,773 [INFO] ChatTTS.Logic: [OPT] [OPT] PID: 11392 | ShellHost.exe | Mode: NORMAL | Mask: 0xfffff
2026-06-06 19:37:19,777 [INFO] ChatTTS.Logic: [OPT] [OPT] PID: 11480 | conhost.exe | Mode: NORMAL | Mask: 0xfffff
2026-06-06 19:37:19,781 [INFO] ChatTTS.Logic: [OPT] [OPT] PID: 11872 | DataExchangeHost.exe | Mode: NORMAL | Mask: 0xfffff
2026-06-06 19:37:19,784 [INFO] ChatTTS.Logic: [OPT] [OPT] PID: 11904 | msedgewebview2.exe | Mode: NORMAL | Mask: 0xfffff
2026-06-06 19:37:19,790 [INFO] ChatTTS.Logic: [OPT] [OPT] PID: 12116 | svchost.exe | Mode: NORMAL | Mask: 0xfffff
2026-06-06 19:37:19,794 [INFO] ChatTTS.Logic: [OPT] [OPT] PID: 12136 | msedgewebview2.exe | Mode: NORMAL | Mask: 0xfffff
2026-06-06 19:37:19,799 [INFO] ChatTTS.Logic: [OPT] [OPT] PID: 12340 | chrome.exe | Mode: NORMAL | Mask: 0xfffff
2026-06-06 19:37:19,803 [INFO] ChatTTS.Logic: [OPT] [OPT] PID: 12536 | msedgewebview2.exe | Mode: NORMAL | Mask: 0xfffff
2026-06-06 19:37:19,806 [INFO] ChatTTS.Logic: [OPT] [OPT] PID: 12544 | msedgewebview2.exe | Mode: NORMAL | Mask: 0xfffff
2026-06-06 19:37:19,810 [INFO] ChatTTS.Logic: [OPT] [OPT] PID: 12604 | msedgewebview2.exe | Mode: NORMAL | Mask: 0xfffff
2026-06-06 19:37:19,815 [INFO] ChatTTS.Logic: [OPT] [OPT] PID: 12888 | msedgewebview2.exe | Mode: NORMAL | Mask: 0xfffff
2026-06-06 19:37:19,819 [INFO] ChatTTS.Logic: [OPT] [OPT] PID: 12948 | RTSSHooksLoader64.exe | Mode: NORMAL | Mask: 0xfffff
2026-06-06 19:37:19,823 [INFO] ChatTTS.Logic: [OPT] [OPT] PID: 13300 | Code.exe | Mode: NORMAL | Mask: 0xfffff
2026-06-06 19:37:19,828 [INFO] ChatTTS.Logic: [OPT] [OPT] PID: 13396 | ShellExperienceHost.exe | Mode: NORMAL | Mask: 0xfffff
2026-06-06 19:37:19,832 [INFO] ChatTTS.Logic: [OPT] [OPT] PID: 13724 | OpenConsole.exe | Mode: NORMAL | Mask: 0xfffff
2026-06-06 19:37:19,836 [INFO] ChatTTS.Logic: [OPT] [OPT] PID: 13792 | ctfmon.exe | Mode: NORMAL | Mask: 0xfffff
2026-06-06 19:37:19,841 [INFO] ChatTTS.Logic: [OPT] [OPT] PID: 14008 | svchost.exe | Mode: NORMAL | Mask: 0xfffff
2026-06-06 19:37:19,845 [INFO] ChatTTS.Logic: [OPT] [OPT] PID: 14112 | conhost.exe | Mode: NORMAL | Mask: 0xfffff
2026-06-06 19:37:19,849 [INFO] ChatTTS.Logic: [OPT] [OPT] PID: 14152 | chrome.exe | Mode: NORMAL | Mask: 0xfffff
2026-06-06 19:37:19,853 [INFO] ChatTTS.Logic: [OPT] [OPT] PID: 14228 | Code.exe | Mode: NORMAL | Mask: 0xfffff
2026-06-06 19:37:19,856 [INFO] ChatTTS.Logic: [OPT] [OPT] PID: 14328 | pet.exe | Mode: NORMAL | Mask: 0xfffff
2026-06-06 19:37:19,861 [INFO] ChatTTS.Logic: [OPT] [OPT] PID: 14692 | Code.exe | Mode: NORMAL | Mask: 0xfffff
2026-06-06 19:37:19,866 [INFO] ChatTTS.Logic: [OPT] [OPT] PID: 14772 | pwsh.exe | Mode: NORMAL | Mask: 0xfffff
2026-06-06 19:37:19,869 [INFO] ChatTTS.Logic: [OPT] [OPT] PID: 14992 | TextInputHost.exe | Mode: NORMAL | Mask: 0xfffff
2026-06-06 19:37:19,871 [INFO] ChatTTS.Logic: [OPT] [OPT] PID: 15020 | smartscreen.exe | Mode: NORMAL | Mask: 0xfffff
2026-06-06 19:37:19,875 [INFO] ChatTTS.Logic: [OPT] [OPT] PID: 15076 | CodeSetup-stable-6a44c352bd24569c417e530095901b649960f9f8.exe | Mode: NORMAL | Mask: 0xfffff
2026-06-06 19:37:19,879 [INFO] ChatTTS.Logic: [OPT] [OPT] PID: 15420 | DiscordSystemHelper.exe | Mode: NORMAL | Mask: 0xfffff
2026-06-06 19:37:19,883 [INFO] ChatTTS.Logic: [OPT] [OPT] PID: 15504 | Code.exe | Mode: NORMAL | Mask: 0xfffff
2026-06-06 19:37:19,886 [INFO] ChatTTS.Logic: [OPT] [OPT] PID: 15764 | OpenConsole.exe | Mode: NORMAL | Mask: 0xfffff
2026-06-06 19:37:19,889 [INFO] ChatTTS.Logic: [OPT] [OPT] PID: 15820 | chrome.exe | Mode: NORMAL | Mask: 0xfffff
2026-06-06 19:37:19,894 [INFO] ChatTTS.Logic: [OPT] [OPT] PID: 15848 | RtkAudUService64.exe | Mode: NORMAL | Mask: 0xfffff
2026-06-06 19:37:19,897 [INFO] ChatTTS.Logic: [OPT] [OPT] PID: 15980 | vgtray.exe | Mode: NORMAL | Mask: 0xfffff
2026-06-06 19:37:19,901 [INFO] ChatTTS.Logic: [OPT] [OPT] PID: 16084 | Discord.exe | Mode: NORMAL | Mask: 0xfffff
2026-06-06 19:37:19,906 [INFO] ChatTTS.Logic: [OPT] [OPT] PID: 16188 | svchost.exe | Mode: NORMAL | Mask: 0xfffff
2026-06-06 19:37:19,910 [INFO] ChatTTS.Logic: [OPT] [OPT] PID: 16196 | Discord.exe | Mode: NORMAL | Mask: 0xfffff
2026-06-06 19:37:19,914 [INFO] ChatTTS.Logic: [OPT] [OPT] PID: 16312 | Discord.exe | Mode: NORMAL | Mask: 0xfffff
2026-06-06 19:37:19,919 [INFO] ChatTTS.Logic: [OPT] [OPT] PID: 16340 | Discord.exe | Mode: NORMAL | Mask: 0xfffff
2026-06-06 19:37:19,923 [INFO] ChatTTS.Logic: [OPT] [OPT] PID: 16448 | chrome.exe | Mode: NORMAL | Mask: 0xfffff
2026-06-06 19:37:19,927 [INFO] ChatTTS.Logic: [OPT] [OPT] PID: 16560 | dllhost.exe | Mode: NORMAL | Mask: 0xfffff
2026-06-06 19:37:19,931 [INFO] ChatTTS.Logic: [OPT] [OPT] PID: 17112 | Discord.exe | Mode: NORMAL | Mask: 0xfffff
2026-06-06 19:37:19,935 [INFO] ChatTTS.Logic: [OPT] [OPT] PID: 17724 | SearchIndexer.exe | Mode: NORMAL | Mask: 0xfffff
2026-06-06 19:37:19,939 [INFO] ChatTTS.Logic: [OPT] [OPT] PID: 17756 | Discord.exe | Mode: NORMAL | Mask: 0xfffff
2026-06-06 19:37:19,943 [INFO] ChatTTS.Logic: [OPT] [OPT] PID: 18048 | svchost.exe | Mode: NORMAL | Mask: 0xfffff
2026-06-06 19:37:19,948 [INFO] ChatTTS.Logic: [OPT] [OPT] PID: 18060 | svchost.exe | Mode: NORMAL | Mask: 0xfffff
2026-06-06 19:37:19,952 [INFO] ChatTTS.Logic: [OPT] [OPT] PID: 18084 | Code.exe | Mode: NORMAL | Mask: 0xfffff
2026-06-06 19:37:19,955 [INFO] ChatTTS.Logic: [OPT] [OPT] PID: 18492 | Pearl Abyss Launcher.exe | Mode: NORMAL | Mask: 0xfffff
2026-06-06 19:37:19,956 [INFO] ChatTTS.Logic: [OPT] [OPT] PID: 18604 | chrome.exe | Mode: NORMAL | Mask: 0xfffff
2026-06-06 19:37:19,960 [INFO] ChatTTS.Logic: [OPT] [OPT] PID: 18764 | Notepad.exe | Mode: NORMAL | Mask: 0xfffff
2026-06-06 19:37:19,964 [INFO] ChatTTS.Logic: [OPT] [OPT] PID: 18956 | Pearl Abyss Launcher.exe | Mode: NORMAL | Mask: 0xfffff
2026-06-06 19:37:19,969 [INFO] ChatTTS.Logic: [OPT] [OPT] PID: 18988 | Pearl Abyss Launcher.exe | Mode: NORMAL | Mask: 0xfffff
2026-06-06 19:37:19,972 [INFO] ChatTTS.Logic: [OPT] [OPT] PID: 19116 | Pearl Abyss Launcher.exe | Mode: NORMAL | Mask: 0xfffff
2026-06-06 19:37:19,976 [INFO] ChatTTS.Logic: [OPT] [OPT] PID: 19180 | Pearl Abyss Launcher.exe | Mode: NORMAL | Mask: 0xfffff
2026-06-06 19:37:19,981 [INFO] ChatTTS.Logic: [OPT] [OPT] PID: 19648 | TDitbamStreamerSuite.exe | Mode: NORMAL | Mask: 0xfffff
2026-06-06 19:37:19,984 [INFO] ChatTTS.Logic: [OPT] [OPT] PID: 19800 | chrome.exe | Mode: NORMAL | Mask: 0xfffff
2026-06-06 19:37:19,989 [INFO] ChatTTS.Logic: [OPT] [OPT] PID: 19936 | chrome.exe | Mode: NORMAL | Mask: 0xfffff
2026-06-06 19:37:19,992 [INFO] ChatTTS.Logic: [OPT] [OPT] PID: 19940 | Pearl Abyss Launcher.exe | Mode: NORMAL | Mask: 0xfffff
2026-06-06 19:37:19,997 [INFO] ChatTTS.Logic: [OPT] [OPT] PID: 20240 | Pearl Abyss Launcher.exe | Mode: NORMAL | Mask: 0xfffff
2026-06-06 19:37:20,001 [INFO] ChatTTS.Logic: [OPT] [OPT] PID: 20244 | Code.exe | Mode: NORMAL | Mask: 0xfffff
2026-06-06 19:37:20,005 [INFO] ChatTTS.Logic: [OPT] [OPT] PID: 20392 | conhost.exe | Mode: NORMAL | Mask: 0xfffff
2026-06-06 19:37:20,009 [INFO] ChatTTS.Logic: [OPT] [OPT] PID: 20500 | chrome.exe | Mode: NORMAL | Mask: 0xfffff
2026-06-06 19:37:20,014 [INFO] ChatTTS.Logic: [OPT] [OPT] PID: 20528 | node.exe | Mode: NORMAL | Mask: 0xfffff
2026-06-06 19:37:20,017 [INFO] ChatTTS.Logic: [OPT] [OPT] PID: 20752 | chrome.exe | Mode: NORMAL | Mask: 0xfffff
2026-06-06 19:37:20,021 [INFO] ChatTTS.Logic: [OPT] [OPT] PID: 20756 | chrome.exe | Mode: NORMAL | Mask: 0xfffff
2026-06-06 19:37:20,026 [INFO] ChatTTS.Logic: [OPT] [OPT] PID: 20856 | XboxPcAppFT.exe | Mode: NORMAL | Mask: 0xfffff
2026-06-06 19:37:20,030 [INFO] ChatTTS.Logic: [OPT] [OPT] PID: 21052 | chrome.exe | Mode: NORMAL | Mask: 0xfffff
2026-06-06 19:37:20,034 [INFO] ChatTTS.Logic: [OPT] [OPT] PID: 21524 | svchost.exe | Mode: NORMAL | Mask: 0xfffff
2026-06-06 19:37:20,038 [INFO] ChatTTS.Logic: [OPT] [OPT] PID: 21824 | chrome.exe | Mode: NORMAL | Mask: 0xfffff
2026-06-06 19:37:20,042 [INFO] ChatTTS.Logic: [OPT] [OPT] PID: 22180 | svchost.exe | Mode: NORMAL | Mask: 0xfffff
2026-06-06 19:37:20,047 [INFO] ChatTTS.Logic: [OPT] [OPT] PID: 22436 | python3.12.exe | Mode: NORMAL | Mask: 0xfffff
2026-06-06 19:37:20,051 [INFO] ChatTTS.Logic: [OPT] [OPT] PID: 22852 | chrome.exe | Mode: NORMAL | Mask: 0xfffff
2026-06-06 19:37:20,054 [INFO] ChatTTS.Logic: [OPT] [OPT] PID: 23076 | Code.exe | Mode: NORMAL | Mask: 0xfffff
2026-06-06 19:37:20,059 [INFO] ChatTTS.Logic: [OPT] [OPT] PID: 23136 | OpenConsole.exe | Mode: NORMAL | Mask: 0xfffff
2026-06-06 19:37:20,063 [INFO] ChatTTS.Logic: [OPT] [OPT] PID: 23168 | chrome.exe | Mode: NORMAL | Mask: 0xfffff
2026-06-06 19:37:20,683 [INFO] ChatTTS.Logic: Stopping Optimizer Service...
2026-06-06 19:37:27,380 [INFO] ChatTTS.Logic: Starting Optimizer Service...
2026-06-06 19:37:27,385 [INFO] ChatTTS.Logic: [OPT] [OPT] PID: 8 | svchost.exe | Mode: NORMAL | Mask: 0xfffff
2026-06-06 19:37:27,386 [INFO] ChatTTS.Logic: [OPT] [OPT] PID: 1184 | svchost.exe | Mode: NORMAL | Mask: 0xfffff
2026-06-06 19:37:27,389 [INFO] ChatTTS.Logic: [OPT] [OPT] PID: 1356 | esrv.exe | Mode: NORMAL | Mask: 0xfffff
2026-06-06 19:37:27,406 [INFO] ChatTTS.Logic: [OPT] [OPT] PID: 1416 | winlogon.exe | Mode: NORMAL | Mask: 0xfffff
2026-06-06 19:37:27,407 [INFO] ChatTTS.Logic: [OPT] [OPT] PID: 1472 | LsaIso.exe | Mode: NORMAL | Mask: 0xfffff
2026-06-06 19:37:27,408 [INFO] ChatTTS.Logic: [OPT] [OPT] PID: 1632 | svchost.exe | Mode: NORMAL | Mask: 0xfffff
2026-06-06 19:37:27,409 [INFO] ChatTTS.Logic: [OPT] [OPT] PID: 1660 | fontdrvhost.exe | Mode: NORMAL | Mask: 0xfffff
2026-06-06 19:37:27,410 [INFO] ChatTTS.Logic: [OPT] [OPT] PID: 1668 | fontdrvhost.exe | Mode: NORMAL | Mask: 0xfffff
2026-06-06 19:37:27,411 [INFO] ChatTTS.Logic: [OPT] [OPT] PID: 1704 | WUDFHost.exe | Mode: NORMAL | Mask: 0xfffff
2026-06-06 19:37:27,416 [INFO] ChatTTS.Logic: [OPT] [OPT] PID: 1800 | svchost.exe | Mode: NORMAL | Mask: 0xfffff
2026-06-06 19:37:27,417 [INFO] ChatTTS.Logic: [OPT] [OPT] PID: 1860 | WUDFHost.exe | Mode: NORMAL | Mask: 0xfffff
2026-06-06 19:37:27,418 [INFO] ChatTTS.Logic: [OPT] [OPT] PID: 1944 | dwm.exe | Mode: NORMAL | Mask: 0xfffff
2026-06-06 19:37:27,419 [INFO] ChatTTS.Logic: [OPT] [OPT] PID: 1992 | svchost.exe | Mode: NORMAL | Mask: 0xfffff
2026-06-06 19:37:27,423 [INFO] ChatTTS.Logic: [OPT] [OPT] PID: 2016 | WmiPrvSE.exe | Mode: NORMAL | Mask: 0xfffff
2026-06-06 19:37:27,425 [INFO] ChatTTS.Logic: [OPT] [OPT] PID: 2024 | svchost.exe | Mode: NORMAL | Mask: 0xfffff
2026-06-06 19:37:27,427 [INFO] ChatTTS.Logic: [OPT] [OPT] PID: 2032 | svchost.exe | Mode: NORMAL | Mask: 0xfffff
2026-06-06 19:37:27,431 [INFO] ChatTTS.Logic: [OPT] [OPT] PID: 2040 | svchost.exe | Mode: NORMAL | Mask: 0xfffff
2026-06-06 19:37:27,435 [INFO] ChatTTS.Logic: [OPT] [OPT] PID: 2052 | Code.exe | Mode: NORMAL | Mask: 0xfffff
2026-06-06 19:37:27,436 [INFO] ChatTTS.Logic: [OPT] [OPT] PID: 2136 | svchost.exe | Mode: NORMAL | Mask: 0xfffff
2026-06-06 19:37:27,437 [INFO] ChatTTS.Logic: [OPT] [OPT] PID: 2240 | RTSS.exe | Mode: NORMAL | Mask: 0xfffff
2026-06-06 19:37:27,438 [INFO] ChatTTS.Logic: [OPT] [OPT] PID: 2248 | Code.exe | Mode: NORMAL | Mask: 0xfffff
2026-06-06 19:37:27,443 [INFO] ChatTTS.Logic: [OPT] [OPT] PID: 2360 | svchost.exe | Mode: NORMAL | Mask: 0xfffff
2026-06-06 19:37:27,444 [INFO] ChatTTS.Logic: [OPT] [OPT] PID: 2428 | svchost.exe | Mode: NORMAL | Mask: 0xfffff
2026-06-06 19:37:27,445 [INFO] ChatTTS.Logic: [OPT] [OPT] PID: 2452 | svchost.exe | Mode: NORMAL | Mask: 0xfffff
2026-06-06 19:37:27,449 [INFO] ChatTTS.Logic: [OPT] [OPT] PID: 2504 | svchost.exe | Mode: NORMAL | Mask: 0xfffff
2026-06-06 19:37:27,450 [INFO] ChatTTS.Logic: [OPT] [OPT] PID: 2544 | svchost.exe | Mode: NORMAL | Mask: 0xfffff
2026-06-06 19:37:27,451 [INFO] ChatTTS.Logic: [OPT] [OPT] PID: 2576 | svchost.exe | Mode: NORMAL | Mask: 0xfffff
2026-06-06 19:37:27,455 [INFO] ChatTTS.Logic: [OPT] [OPT] PID: 2628 | svchost.exe | Mode: NORMAL | Mask: 0xfffff
2026-06-06 19:37:27,457 [INFO] ChatTTS.Logic: [OPT] [OPT] PID: 2868 | svchost.exe | Mode: NORMAL | Mask: 0xfffff
2026-06-06 19:37:27,458 [INFO] ChatTTS.Logic: [OPT] [OPT] PID: 3124 | CodeSetup-stable-6a44c352bd24569c417e530095901b649960f9f8.tmp | Mode: NORMAL | Mask: 0xfffff
2026-06-06 19:37:27,462 [INFO] ChatTTS.Logic: [OPT] [OPT] PID: 3196 | NVDisplay.Container.exe | Mode: NORMAL | Mask: 0xfffff
2026-06-06 19:37:27,467 [INFO] ChatTTS.Logic: [OPT] [OPT] PID: 3208 | pwsh.exe | Mode: NORMAL | Mask: 0xfffff
2026-06-06 19:37:27,472 [INFO] ChatTTS.Logic: [OPT] [OPT] PID: 3316 | Code.exe | Mode: NORMAL | Mask: 0xfffff
2026-06-06 19:37:27,476 [INFO] ChatTTS.Logic: [OPT] [OPT] PID: 3404 | svchost.exe | Mode: NORMAL | Mask: 0xfffff
2026-06-06 19:37:27,480 [INFO] ChatTTS.Logic: [OPT] [OPT] PID: 3468 | chrome.exe | Mode: NORMAL | Mask: 0xfffff
2026-06-06 19:37:27,484 [INFO] ChatTTS.Logic: [OPT] [OPT] PID: 3472 | AppHelperCap.exe | Mode: NORMAL | Mask: 0xfffff
2026-06-06 19:37:27,492 [INFO] ChatTTS.Logic: [OPT] [OPT] PID: 3488 | TouchpointAnalyticsClientService.exe | Mode: NORMAL | Mask: 0xfffff
2026-06-06 19:37:27,493 [INFO] ChatTTS.Logic: [OPT] [OPT] PID: 3500 | NetworkCap.exe | Mode: NORMAL | Mask: 0xfffff
2026-06-06 19:37:27,494 [INFO] ChatTTS.Logic: [OPT] [OPT] PID: 3508 | DiagsCap.exe | Mode: NORMAL | Mask: 0xfffff
2026-06-06 19:37:27,496 [INFO] ChatTTS.Logic: [OPT] [OPT] PID: 3536 | esrv_svc.exe | Mode: NORMAL | Mask: 0xfffff
2026-06-06 19:37:27,496 [INFO] ChatTTS.Logic: [OPT] [OPT] PID: 3580 | svchost.exe | Mode: NORMAL | Mask: 0xfffff
2026-06-06 19:37:27,497 [INFO] ChatTTS.Logic: [OPT] [OPT] PID: 3596 | svchost.exe | Mode: NORMAL | Mask: 0xfffff
2026-06-06 19:37:27,498 [INFO] ChatTTS.Logic: [OPT] [OPT] PID: 3612 | svchost.exe | Mode: NORMAL | Mask: 0xfffff
2026-06-06 19:37:27,500 [INFO] ChatTTS.Logic: [OPT] [OPT] PID: 3668 | svchost.exe | Mode: NORMAL | Mask: 0xfffff
2026-06-06 19:37:27,501 [INFO] ChatTTS.Logic: [OPT] [OPT] PID: 3760 | NVDisplay.Container.exe | Mode: NORMAL | Mask: 0xfffff
2026-06-06 19:37:27,502 [INFO] ChatTTS.Logic: [OPT] [OPT] PID: 3904 | chrome.exe | Mode: NORMAL | Mask: 0xfffff
2026-06-06 19:37:27,503 [INFO] ChatTTS.Logic: [OPT] [OPT] PID: 3956 | RuntimeBroker.exe | Mode: NORMAL | Mask: 0xfffff
2026-06-06 19:37:27,504 [INFO] ChatTTS.Logic: [OPT] [OPT] PID: 3996 | chrome.exe | Mode: NORMAL | Mask: 0xfffff
2026-06-06 19:37:27,508 [INFO] ChatTTS.Logic: [OPT] [OPT] PID: 4164 | ApplicationFrameHost.exe | Mode: NORMAL | Mask: 0xfffff
2026-06-06 19:37:27,509 [INFO] ChatTTS.Logic: [OPT] [OPT] PID: 4220 | spoolsv.exe | Mode: NORMAL | Mask: 0xfffff
2026-06-06 19:37:27,510 [INFO] ChatTTS.Logic: [OPT] [OPT] PID: 4252 | svchost.exe | Mode: NORMAL | Mask: 0xfffff
2026-06-06 19:37:27,515 [INFO] ChatTTS.Logic: [OPT] [OPT] PID: 4356 | svchost.exe | Mode: NORMAL | Mask: 0xfffff
2026-06-06 19:37:27,518 [INFO] ChatTTS.Logic: [OPT] [OPT] PID: 4416 | chrome.exe | Mode: NORMAL | Mask: 0xfffff
2026-06-06 19:37:27,523 [INFO] ChatTTS.Logic: [OPT] [OPT] PID: 4432 | ipf_helper.exe | Mode: NORMAL | Mask: 0xfffff
2026-06-06 19:37:27,528 [INFO] ChatTTS.Logic: [OPT] [OPT] PID: 4524 | AnyDesk.exe | Mode: NORMAL | Mask: 0xfffff
2026-06-06 19:37:27,529 [INFO] ChatTTS.Logic: [OPT] [OPT] PID: 4552 | ETDCtrl.exe | Mode: NORMAL | Mask: 0xfffff
2026-06-06 19:37:27,530 [INFO] ChatTTS.Logic: [OPT] [OPT] PID: 4568 | chrome.exe | Mode: NORMAL | Mask: 0xfffff
2026-06-06 19:37:27,531 [INFO] ChatTTS.Logic: [OPT] [OPT] PID: 4584 | ETDService.exe | Mode: NORMAL | Mask: 0xfffff
2026-06-06 19:37:27,533 [INFO] ChatTTS.Logic: [OPT] [OPT] PID: 4608 | remoting_host.exe | Mode: NORMAL | Mask: 0xfffff
2026-06-06 19:37:27,534 [INFO] ChatTTS.Logic: [OPT] [OPT] PID: 4624 | IntelAudioService.exe | Mode: NORMAL | Mask: 0xfffff
2026-06-06 19:37:27,535 [INFO] ChatTTS.Logic: [OPT] [OPT] PID: 4632 | IntelGraphicsSoftware.Service.exe | Mode: NORMAL | Mask: 0xfffff
2026-06-06 19:37:27,539 [INFO] ChatTTS.Logic: [OPT] [OPT] PID: 4648 | jhi_service.exe | Mode: NORMAL | Mask: 0xfffff
2026-06-06 19:37:27,540 [INFO] ChatTTS.Logic: [OPT] [OPT] PID: 4708 | vmnat.exe | Mode: NORMAL | Mask: 0xfffff
2026-06-06 19:37:27,545 [INFO] ChatTTS.Logic: [OPT] [OPT] PID: 4716 | XtuService.exe | Mode: NORMAL | Mask: 0xfffff
2026-06-06 19:37:27,546 [INFO] ChatTTS.Logic: [OPT] [OPT] PID: 4724 | WMIRegistrationService.exe | Mode: NORMAL | Mask: 0xfffff
2026-06-06 19:37:27,547 [INFO] ChatTTS.Logic: [OPT] [OPT] PID: 4732 | vmnetdhcp.exe | Mode: NORMAL | Mask: 0xfffff
2026-06-06 19:37:27,548 [INFO] ChatTTS.Logic: [OPT] [OPT] PID: 4740 | vmware-usbarbitrator64.exe | Mode: NORMAL | Mask: 0xfffff
2026-06-06 19:37:27,549 [INFO] ChatTTS.Logic: [OPT] [OPT] PID: 4752 | vmware-authd.exe | Mode: NORMAL | Mask: 0xfffff
2026-06-06 19:37:27,550 [INFO] ChatTTS.Logic: [OPT] [OPT] PID: 4772 | SECOMN64.exe | Mode: NORMAL | Mask: 0xfffff
2026-06-06 19:37:27,551 [INFO] ChatTTS.Logic: [OPT] [OPT] PID: 4780 | RtkAudUService64.exe | Mode: NORMAL | Mask: 0xfffff
2026-06-06 19:37:27,552 [INFO] ChatTTS.Logic: [OPT] [OPT] PID: 4788 | nvcontainer.exe | Mode: NORMAL | Mask: 0xfffff
2026-06-06 19:37:27,553 [INFO] ChatTTS.Logic: [OPT] [OPT] PID: 4796 | SurSvc.exe | Mode: NORMAL | Mask: 0xfffff
2026-06-06 19:37:27,555 [INFO] ChatTTS.Logic: [OPT] [OPT] PID: 4804 | svchost.exe | Mode: NORMAL | Mask: 0xfffff
2026-06-06 19:37:27,556 [INFO] ChatTTS.Logic: [OPT] [OPT] PID: 4904 | ipf_uf.exe | Mode: NORMAL | Mask: 0xfffff
2026-06-06 19:37:27,557 [INFO] ChatTTS.Logic: [OPT] [OPT] PID: 4916 | TeamViewer_Service.exe | Mode: NORMAL | Mask: 0xfffff
2026-06-06 19:37:27,561 [INFO] ChatTTS.Logic: [OPT] [OPT] PID: 4932 | Pearl Abyss Launcher.exe | Mode: NORMAL | Mask: 0xfffff
2026-06-06 19:37:27,562 [INFO] ChatTTS.Logic: [OPT] [OPT] PID: 5540 | pwsh.exe | Mode: NORMAL | Mask: 0xfffff
2026-06-06 19:37:27,563 [INFO] ChatTTS.Logic: [OPT] [OPT] PID: 5860 | SearchHost.exe | Mode: NORMAL | Mask: 0xfffff
2026-06-06 19:37:27,564 [INFO] ChatTTS.Logic: [OPT] [OPT] PID: 5900 | remoting_host.exe | Mode: NORMAL | Mask: 0xfffff
2026-06-06 19:37:27,566 [INFO] ChatTTS.Logic: [OPT] [OPT] PID: 6208 | audiodg.exe | Mode: NORMAL | Mask: 0xfffff
2026-06-06 19:37:27,568 [INFO] ChatTTS.Logic: [OPT] [OPT] PID: 6460 | PresentMonService.exe | Mode: NORMAL | Mask: 0xfffff
2026-06-06 19:37:27,569 [INFO] ChatTTS.Logic: [OPT] [OPT] PID: 6468 | conhost.exe | Mode: NORMAL | Mask: 0xfffff
2026-06-06 19:37:27,570 [INFO] ChatTTS.Logic: [OPT] [OPT] PID: 6668 | svchost.exe | Mode: NORMAL | Mask: 0xfffff
2026-06-06 19:37:27,571 [INFO] ChatTTS.Logic: [OPT] [OPT] PID: 6816 | WmiPrvSE.exe | Mode: NORMAL | Mask: 0xfffff
2026-06-06 19:37:27,572 [INFO] ChatTTS.Logic: [OPT] [OPT] PID: 6840 | conhost.exe | Mode: NORMAL | Mask: 0xfffff
2026-06-06 19:37:27,573 [INFO] ChatTTS.Logic: [OPT] [OPT] PID: 6860 | svchost.exe | Mode: NORMAL | Mask: 0xfffff
2026-06-06 19:37:27,577 [INFO] ChatTTS.Logic: [OPT] [OPT] PID: 7336 | chrome.exe | Mode: NORMAL | Mask: 0xfffff
2026-06-06 19:37:27,581 [INFO] ChatTTS.Logic: [OPT] [OPT] PID: 7428 | wlanext.exe | Mode: NORMAL | Mask: 0xfffff
2026-06-06 19:37:27,582 [INFO] ChatTTS.Logic: [OPT] [OPT] PID: 7464 | DiscordSystemHelper.exe | Mode: NORMAL | Mask: 0xfffff
2026-06-06 19:37:27,587 [INFO] ChatTTS.Logic: [OPT] [OPT] PID: 7516 | crashpad_handler.exe | Mode: NORMAL | Mask: 0xfffff
2026-06-06 19:37:27,592 [INFO] ChatTTS.Logic: [OPT] [OPT] PID: 7540 | nvcontainer.exe | Mode: NORMAL | Mask: 0xfffff
2026-06-06 19:37:27,593 [INFO] ChatTTS.Logic: [OPT] [OPT] PID: 7872 | chrome.exe | Mode: NORMAL | Mask: 0xfffff
2026-06-06 19:37:27,597 [INFO] ChatTTS.Logic: [OPT] [OPT] PID: 8104 | EncoderServer.exe | Mode: NORMAL | Mask: 0xfffff
2026-06-06 19:37:27,598 [INFO] ChatTTS.Logic: [OPT] [OPT] PID: 8204 | nvcontainer.exe | Mode: NORMAL | Mask: 0xfffff
2026-06-06 19:37:27,599 [INFO] ChatTTS.Logic: [OPT] [OPT] PID: 8256 | conhost.exe | Mode: NORMAL | Mask: 0xfffff
2026-06-06 19:37:27,600 [INFO] ChatTTS.Logic: [OPT] [OPT] PID: 8264 | SECOCL64.exe | Mode: NORMAL | Mask: 0xfffff
2026-06-06 19:37:27,604 [INFO] ChatTTS.Logic: [OPT] [OPT] PID: 8404 | sihost.exe | Mode: NORMAL | Mask: 0xfffff
2026-06-06 19:37:27,609 [INFO] ChatTTS.Logic: [OPT] [OPT] PID: 8464 | explorer.exe | Mode: NORMAL | Mask: 0xfffff
2026-06-06 19:37:27,610 [INFO] ChatTTS.Logic: [OPT] [OPT] PID: 8512 | svchost.exe | Mode: NORMAL | Mask: 0xfffff
2026-06-06 19:37:27,611 [INFO] ChatTTS.Logic: [OPT] [OPT] PID: 8524 | svchost.exe | Mode: NORMAL | Mask: 0xfffff
2026-06-06 19:37:27,615 [INFO] ChatTTS.Logic: [OPT] [OPT] PID: 8596 | svchost.exe | Mode: NORMAL | Mask: 0xfffff
2026-06-06 19:37:27,618 [INFO] ChatTTS.Logic: [OPT] [OPT] PID: 8612 | chrome.exe | Mode: NORMAL | Mask: 0xfffff
2026-06-06 19:37:27,622 [INFO] ChatTTS.Logic: [OPT] [OPT] PID: 8684 | MSIAfterburner.exe | Mode: NORMAL | Mask: 0xfffff
2026-06-06 19:37:27,627 [INFO] ChatTTS.Logic: [OPT] [OPT] PID: 8776 | svchost.exe | Mode: NORMAL | Mask: 0xfffff
2026-06-06 19:37:27,631 [INFO] ChatTTS.Logic: [OPT] [OPT] PID: 9008 | taskhostw.exe | Mode: NORMAL | Mask: 0xfffff
2026-06-06 19:37:27,635 [INFO] ChatTTS.Logic: [OPT] [OPT] PID: 9064 | StartMenuExperienceHost.exe | Mode: NORMAL | Mask: 0xfffff
2026-06-06 19:37:27,638 [INFO] ChatTTS.Logic: [OPT] [OPT] PID: 9144 | cmd.exe | Mode: NORMAL | Mask: 0xfffff
2026-06-06 19:37:27,643 [INFO] ChatTTS.Logic: [OPT] [OPT] PID: 9388 | chrome.exe | Mode: NORMAL | Mask: 0xfffff
2026-06-06 19:37:27,647 [INFO] ChatTTS.Logic: [OPT] [OPT] PID: 9472 | CrossDeviceResume.exe | Mode: NORMAL | Mask: 0xfffff
2026-06-06 19:37:27,651 [INFO] ChatTTS.Logic: [OPT] [OPT] PID: 9864 | RtkAudUService64.exe | Mode: NORMAL | Mask: 0xfffff
2026-06-06 19:37:27,655 [INFO] ChatTTS.Logic: [OPT] [OPT] PID: 10036 | svchost.exe | Mode: NORMAL | Mask: 0xfffff
2026-06-06 19:37:27,656 [INFO] ChatTTS.Logic: [OPT] [OPT] PID: 10300 | TabTip.exe | Mode: NORMAL | Mask: 0xfffff
2026-06-06 19:37:27,657 [INFO] ChatTTS.Logic: [OPT] [OPT] PID: 10392 | chrome.exe | Mode: NORMAL | Mask: 0xfffff
2026-06-06 19:37:27,661 [INFO] ChatTTS.Logic: [OPT] [OPT] PID: 10424 | dllhost.exe | Mode: NORMAL | Mask: 0xfffff
2026-06-06 19:37:27,666 [INFO] ChatTTS.Logic: [OPT] [OPT] PID: 10544 | RuntimeBroker.exe | Mode: NORMAL | Mask: 0xfffff
2026-06-06 19:37:27,670 [INFO] ChatTTS.Logic: [OPT] [OPT] PID: 10552 | svchost.exe | Mode: NORMAL | Mask: 0xfffff
2026-06-06 19:37:27,674 [INFO] ChatTTS.Logic: [OPT] [OPT] PID: 10616 | node.exe | Mode: NORMAL | Mask: 0xfffff
2026-06-06 19:37:27,678 [INFO] ChatTTS.Logic: [OPT] [OPT] PID: 10780 | TDitbamStreamerSuite.exe | Mode: NORMAL | Mask: 0xfffff
2026-06-06 19:37:27,679 [INFO] ChatTTS.Logic: [OPT] [OPT] PID: 11204 | BraveCrashHandler.exe | Mode: NORMAL | Mask: 0xfffff
2026-06-06 19:37:27,683 [INFO] ChatTTS.Logic: [OPT] [OPT] PID: 11232 | BraveCrashHandler64.exe | Mode: NORMAL | Mask: 0xfffff
2026-06-06 19:37:27,689 [INFO] ChatTTS.Logic: [OPT] [OPT] PID: 11320 | chrome.exe | Mode: NORMAL | Mask: 0xfffff
2026-06-06 19:37:27,693 [INFO] ChatTTS.Logic: [OPT] [OPT] PID: 11392 | ShellHost.exe | Mode: NORMAL | Mask: 0xfffff
2026-06-06 19:37:27,698 [INFO] ChatTTS.Logic: [OPT] [OPT] PID: 11480 | conhost.exe | Mode: NORMAL | Mask: 0xfffff
2026-06-06 19:37:27,702 [INFO] ChatTTS.Logic: [OPT] [OPT] PID: 11872 | DataExchangeHost.exe | Mode: NORMAL | Mask: 0xfffff
2026-06-06 19:37:27,706 [INFO] ChatTTS.Logic: [OPT] [OPT] PID: 11904 | msedgewebview2.exe | Mode: NORMAL | Mask: 0xfffff
2026-06-06 19:37:27,707 [INFO] ChatTTS.Logic: [OPT] [OPT] PID: 12116 | svchost.exe | Mode: NORMAL | Mask: 0xfffff
2026-06-06 19:37:27,708 [INFO] ChatTTS.Logic: [OPT] [OPT] PID: 12136 | msedgewebview2.exe | Mode: NORMAL | Mask: 0xfffff
2026-06-06 19:37:27,712 [INFO] ChatTTS.Logic: [OPT] [OPT] PID: 12340 | chrome.exe | Mode: NORMAL | Mask: 0xfffff
2026-06-06 19:37:27,717 [INFO] ChatTTS.Logic: [OPT] [OPT] PID: 12536 | msedgewebview2.exe | Mode: NORMAL | Mask: 0xfffff
2026-06-06 19:37:27,721 [INFO] ChatTTS.Logic: [OPT] [OPT] PID: 12544 | msedgewebview2.exe | Mode: NORMAL | Mask: 0xfffff
2026-06-06 19:37:27,726 [INFO] ChatTTS.Logic: [OPT] [OPT] PID: 12604 | msedgewebview2.exe | Mode: NORMAL | Mask: 0xfffff
2026-06-06 19:37:27,729 [INFO] ChatTTS.Logic: [OPT] [OPT] PID: 12888 | msedgewebview2.exe | Mode: NORMAL | Mask: 0xfffff
2026-06-06 19:37:27,734 [INFO] ChatTTS.Logic: [OPT] [OPT] PID: 12948 | RTSSHooksLoader64.exe | Mode: NORMAL | Mask: 0xfffff
2026-06-06 19:37:27,738 [INFO] ChatTTS.Logic: [OPT] [OPT] PID: 13300 | Code.exe | Mode: NORMAL | Mask: 0xfffff
2026-06-06 19:37:27,743 [INFO] ChatTTS.Logic: [OPT] [OPT] PID: 13396 | ShellExperienceHost.exe | Mode: NORMAL | Mask: 0xfffff
2026-06-06 19:37:27,744 [INFO] ChatTTS.Logic: [OPT] [OPT] PID: 13724 | OpenConsole.exe | Mode: NORMAL | Mask: 0xfffff
2026-06-06 19:37:27,745 [INFO] ChatTTS.Logic: [OPT] [OPT] PID: 13792 | ctfmon.exe | Mode: NORMAL | Mask: 0xfffff
2026-06-06 19:37:27,749 [INFO] ChatTTS.Logic: [OPT] [OPT] PID: 14008 | svchost.exe | Mode: NORMAL | Mask: 0xfffff
2026-06-06 19:37:27,754 [INFO] ChatTTS.Logic: [OPT] [OPT] PID: 14112 | conhost.exe | Mode: NORMAL | Mask: 0xfffff
2026-06-06 19:37:27,759 [INFO] ChatTTS.Logic: [OPT] [OPT] PID: 14152 | chrome.exe | Mode: NORMAL | Mask: 0xfffff
2026-06-06 19:37:27,763 [INFO] ChatTTS.Logic: [OPT] [OPT] PID: 14228 | Code.exe | Mode: NORMAL | Mask: 0xfffff
2026-06-06 19:37:27,764 [INFO] ChatTTS.Logic: [OPT] [OPT] PID: 14328 | pet.exe | Mode: NORMAL | Mask: 0xfffff
2026-06-06 19:37:27,767 [INFO] ChatTTS.Logic: [OPT] [OPT] PID: 14692 | Code.exe | Mode: NORMAL | Mask: 0xfffff
2026-06-06 19:37:27,771 [INFO] ChatTTS.Logic: [OPT] [OPT] PID: 14772 | pwsh.exe | Mode: NORMAL | Mask: 0xfffff
2026-06-06 19:37:27,775 [INFO] ChatTTS.Logic: [OPT] [OPT] PID: 14992 | TextInputHost.exe | Mode: NORMAL | Mask: 0xfffff
2026-06-06 19:37:27,780 [INFO] ChatTTS.Logic: [OPT] [OPT] PID: 15020 | smartscreen.exe | Mode: NORMAL | Mask: 0xfffff
2026-06-06 19:37:27,781 [INFO] ChatTTS.Logic: [OPT] [OPT] PID: 15076 | CodeSetup-stable-6a44c352bd24569c417e530095901b649960f9f8.exe | Mode: NORMAL | Mask: 0xfffff
2026-06-06 19:37:27,785 [INFO] ChatTTS.Logic: [OPT] [OPT] PID: 15420 | DiscordSystemHelper.exe | Mode: NORMAL | Mask: 0xfffff
2026-06-06 19:37:27,786 [INFO] ChatTTS.Logic: [OPT] [OPT] PID: 15504 | Code.exe | Mode: NORMAL | Mask: 0xfffff
2026-06-06 19:37:27,790 [INFO] ChatTTS.Logic: [OPT] [OPT] PID: 15764 | OpenConsole.exe | Mode: NORMAL | Mask: 0xfffff
2026-06-06 19:37:27,792 [INFO] ChatTTS.Logic: [OPT] [OPT] PID: 15820 | chrome.exe | Mode: NORMAL | Mask: 0xfffff
2026-06-06 19:37:27,797 [INFO] ChatTTS.Logic: [OPT] [OPT] PID: 15848 | RtkAudUService64.exe | Mode: NORMAL | Mask: 0xfffff
2026-06-06 19:37:27,798 [INFO] ChatTTS.Logic: [OPT] [OPT] PID: 15980 | vgtray.exe | Mode: NORMAL | Mask: 0xfffff
2026-06-06 19:37:27,802 [INFO] ChatTTS.Logic: [OPT] [OPT] PID: 16084 | Discord.exe | Mode: NORMAL | Mask: 0xfffff
2026-06-06 19:37:27,806 [INFO] ChatTTS.Logic: [OPT] [OPT] PID: 16188 | svchost.exe | Mode: NORMAL | Mask: 0xfffff
2026-06-06 19:37:27,808 [INFO] ChatTTS.Logic: [OPT] [OPT] PID: 16196 | Discord.exe | Mode: NORMAL | Mask: 0xfffff
2026-06-06 19:37:27,812 [INFO] ChatTTS.Logic: [OPT] [OPT] PID: 16312 | Discord.exe | Mode: NORMAL | Mask: 0xfffff
2026-06-06 19:37:27,816 [INFO] ChatTTS.Logic: [OPT] [OPT] PID: 16340 | Discord.exe | Mode: NORMAL | Mask: 0xfffff
2026-06-06 19:37:27,817 [INFO] ChatTTS.Logic: [OPT] [OPT] PID: 16448 | chrome.exe | Mode: NORMAL | Mask: 0xfffff
2026-06-06 19:37:27,821 [INFO] ChatTTS.Logic: [OPT] [OPT] PID: 16560 | dllhost.exe | Mode: NORMAL | Mask: 0xfffff
2026-06-06 19:37:27,822 [INFO] ChatTTS.Logic: [OPT] [OPT] PID: 17112 | Discord.exe | Mode: NORMAL | Mask: 0xfffff
2026-06-06 19:37:27,827 [INFO] ChatTTS.Logic: [OPT] [OPT] PID: 17724 | SearchIndexer.exe | Mode: NORMAL | Mask: 0xfffff
2026-06-06 19:37:27,828 [INFO] ChatTTS.Logic: [OPT] [OPT] PID: 17756 | Discord.exe | Mode: NORMAL | Mask: 0xfffff
2026-06-06 19:37:27,830 [INFO] ChatTTS.Logic: [OPT] [OPT] PID: 18048 | svchost.exe | Mode: NORMAL | Mask: 0xfffff
2026-06-06 19:37:27,834 [INFO] ChatTTS.Logic: [OPT] [OPT] PID: 18060 | svchost.exe | Mode: NORMAL | Mask: 0xfffff
2026-06-06 19:37:27,840 [INFO] ChatTTS.Logic: [OPT] [OPT] PID: 18084 | Code.exe | Mode: NORMAL | Mask: 0xfffff
2026-06-06 19:37:27,844 [INFO] ChatTTS.Logic: [OPT] [OPT] PID: 18492 | Pearl Abyss Launcher.exe | Mode: NORMAL | Mask: 0xfffff
2026-06-06 19:37:27,848 [INFO] ChatTTS.Logic: [OPT] [OPT] PID: 18604 | chrome.exe | Mode: NORMAL | Mask: 0xfffff
2026-06-06 19:37:27,852 [INFO] ChatTTS.Logic: [OPT] [OPT] PID: 18764 | Notepad.exe | Mode: NORMAL | Mask: 0xfffff
2026-06-06 19:37:27,857 [INFO] ChatTTS.Logic: [OPT] [OPT] PID: 18956 | Pearl Abyss Launcher.exe | Mode: NORMAL | Mask: 0xfffff
2026-06-06 19:37:27,861 [INFO] ChatTTS.Logic: [OPT] [OPT] PID: 18988 | Pearl Abyss Launcher.exe | Mode: NORMAL | Mask: 0xfffff
2026-06-06 19:37:27,866 [INFO] ChatTTS.Logic: [OPT] [OPT] PID: 19116 | Pearl Abyss Launcher.exe | Mode: NORMAL | Mask: 0xfffff
2026-06-06 19:37:27,900 [INFO] ChatTTS.Logic: [OPT] [OPT] PID: 19180 | Pearl Abyss Launcher.exe | Mode: NORMAL | Mask: 0xfffff
2026-06-06 19:37:27,905 [INFO] ChatTTS.Logic: [OPT] [OPT] PID: 19648 | TDitbamStreamerSuite.exe | Mode: NORMAL | Mask: 0xfffff
2026-06-06 19:37:27,908 [INFO] ChatTTS.Logic: [OPT] [OPT] PID: 19800 | chrome.exe | Mode: NORMAL | Mask: 0xfffff
2026-06-06 19:37:27,912 [INFO] ChatTTS.Logic: [OPT] [OPT] PID: 19936 | chrome.exe | Mode: NORMAL | Mask: 0xfffff
2026-06-06 19:37:27,917 [INFO] ChatTTS.Logic: [OPT] [OPT] PID: 19940 | Pearl Abyss Launcher.exe | Mode: NORMAL | Mask: 0xfffff
2026-06-06 19:37:27,921 [INFO] ChatTTS.Logic: [OPT] [OPT] PID: 20240 | Pearl Abyss Launcher.exe | Mode: NORMAL | Mask: 0xfffff
2026-06-06 19:37:27,925 [INFO] ChatTTS.Logic: [OPT] [OPT] PID: 20244 | Code.exe | Mode: NORMAL | Mask: 0xfffff
2026-06-06 19:37:27,931 [INFO] ChatTTS.Logic: [OPT] [OPT] PID: 20392 | conhost.exe | Mode: NORMAL | Mask: 0xfffff
2026-06-06 19:37:27,935 [INFO] ChatTTS.Logic: [OPT] [OPT] PID: 20500 | chrome.exe | Mode: NORMAL | Mask: 0xfffff
2026-06-06 19:37:27,938 [INFO] ChatTTS.Logic: [OPT] [OPT] PID: 20528 | node.exe | Mode: NORMAL | Mask: 0xfffff
2026-06-06 19:37:27,941 [INFO] ChatTTS.Logic: [OPT] [OPT] PID: 20752 | chrome.exe | Mode: NORMAL | Mask: 0xfffff
2026-06-06 19:37:27,946 [INFO] ChatTTS.Logic: [OPT] [OPT] PID: 20756 | chrome.exe | Mode: NORMAL | Mask: 0xfffff
2026-06-06 19:37:27,947 [INFO] ChatTTS.Logic: [OPT] [OPT] PID: 20856 | XboxPcAppFT.exe | Mode: NORMAL | Mask: 0xfffff
2026-06-06 19:37:27,951 [INFO] ChatTTS.Logic: [OPT] [OPT] PID: 21052 | chrome.exe | Mode: NORMAL | Mask: 0xfffff
2026-06-06 19:37:27,955 [INFO] ChatTTS.Logic: [OPT] [OPT] PID: 21524 | svchost.exe | Mode: NORMAL | Mask: 0xfffff
2026-06-06 19:37:27,959 [INFO] ChatTTS.Logic: [OPT] [OPT] PID: 21824 | chrome.exe | Mode: NORMAL | Mask: 0xfffff
2026-06-06 19:37:27,964 [INFO] ChatTTS.Logic: [OPT] [OPT] PID: 22180 | svchost.exe | Mode: NORMAL | Mask: 0xfffff
2026-06-06 19:37:27,968 [INFO] ChatTTS.Logic: [OPT] [OPT] PID: 22436 | python3.12.exe | Mode: NORMAL | Mask: 0xfffff
2026-06-06 19:37:27,972 [INFO] ChatTTS.Logic: [OPT] [OPT] PID: 22852 | chrome.exe | Mode: NORMAL | Mask: 0xfffff
2026-06-06 19:37:27,973 [INFO] ChatTTS.Logic: [OPT] [OPT] PID: 23076 | Code.exe | Mode: NORMAL | Mask: 0xfffff
2026-06-06 19:37:27,975 [INFO] ChatTTS.Logic: [OPT] [OPT] PID: 23136 | OpenConsole.exe | Mode: NORMAL | Mask: 0xfffff
2026-06-06 19:37:27,979 [INFO] ChatTTS.Logic: [OPT] [OPT] PID: 23168 | chrome.exe | Mode: NORMAL | Mask: 0xfffff
2026-06-06 19:37:29,026 [INFO] ChatTTS.Logic: Stopping Optimizer Service...
